5.000000000000000104e-03 1.000000014915760765e-01 4.000969253878768894e-01 4.998788726159505980e-01
1.499999999999999944e-02 1.000000014917293012e-01 4.000794888286456352e-01 4.999006587055008222e-01
2.500000000000000139e-02 1.000000014918982494e-01 4.000685666150626263e-01 4.999143064204684683e-01
3.499999999999999639e-02 1.000000014920845032e-01 4.000593789992399896e-01 4.999257872676444725e-01
4.499999999999999833e-02 1.000000014922897695e-01 4.000524271639690488e-01 4.999344746333115874e-01
5.500000000000000028e-02 1.000000014925159775e-01 4.000467694399236218e-01 4.999415450348604351e-01
6.500000000000000222e-02 1.000000014927651948e-01 4.000440129396133915e-01 4.999449898783762114e-01
7.500000000000001110e-02 1.000000014930397113e-01 4.000413090048659526e-01 4.999483690759728427e-01
8.500000000000000611e-02 1.000000014933420112e-01 4.000393589230836211e-01 4.999508061866843045e-01
9.500000000000000111e-02 1.000000014936748699e-01 4.000385608660094183e-01 4.999518035637290359e-01
1.050000000000000100e-01 1.000000014940412990e-01 4.000389407206348391e-01 4.999513288374318187e-01
1.150000000000000050e-01 1.000000014944445736e-01 4.000401331555273332e-01 4.999498385884301732e-01
1.250000000000000000e-01 1.000000014948883298e-01 4.000420256870497182e-01 4.999474734098529605e-01
1.350000000000000089e-01 1.000000014953765365e-01 4.000434897506365828e-01 4.999456437215568094e-01
1.450000000000000178e-01 1.000000014959135236e-01 4.000432157396559552e-01 4.999459861610500711e-01
1.549999999999999989e-01 1.000000014965040512e-01 4.000412266780695170e-01 4.999484719632376062e-01
1.650000000000000078e-01 1.000000014971533235e-01 4.000373840988449836e-01 4.999532742434445454e-01
1.750000000000000167e-01 1.000000014978670304e-01 4.000316908706413321e-01 4.999603895499225015e-01
1.849999999999999978e-01 1.000000014986514307e-01 4.000239167541179142e-01 4.999701058447805213e-01
1.950000000000000067e-01 1.000000014995133107e-01 4.000134777846565681e-01 4.999831533368185865e-01
2.050000000000000155e-01 1.000000015004601644e-01 3.999998684436706364e-01 5.000001644454658001e-01
2.149999999999999967e-01 1.000000015015001381e-01 3.999825392737991758e-01 5.000218268605330918e-01
2.250000000000000056e-01 1.000000015026421829e-01 3.999642775812440321e-01 5.000446570115861800e-01
2.350000000000000144e-01 1.000000015038960133e-01 3.999497439586045533e-01 5.000628279454538694e-01
2.449999999999999956e-01 1.000000015052723429e-01 3.999390793213310480e-01 5.000761624480062340e-01
2.550000000000000044e-01 1.000000015067827874e-01 3.999311578103360576e-01 5.000860675497764696e-01
2.650000000000000133e-01 1.000000015084401145e-01 3.999253722462157157e-01 5.000933020995456113e-01
2.750000000000000222e-01 1.000000015102582018e-01 3.999217614159223944e-01 5.000978173628269907e-01
2.850000000000000311e-01 1.000000015122522457e-01 3.999200963343519377e-01 5.000998995379083434e-01
2.949999999999999845e-01 1.000000015144388438e-01 3.999198907600508002e-01 5.001001566086109573e-01
3.049999999999999933e-01 1.000000015168360790e-01 3.999214053111990186e-01 5.000982626683108112e-01
3.150000000000000022e-01 1.000000015194637271e-01 3.999248598328316584e-01 5.000939428561652633e-01
3.250000000000000111e-01 1.000000015223433264e-01 3.999287510779164778e-01 5.000890770192084611e-01
3.350000000000000200e-01 1.000000015254983998e-01 3.999320587856299847e-01 5.000849409454399819e-01
3.450000000000000289e-01 1.000000015289545796e-01 3.999353572813427737e-01 5.000808164588106397e-01
3.550000000000000377e-01 1.000000015327398434e-01 3.999372947507774945e-01 5.000783938507930015e-01
3.649999999999999911e-01 1.000000015368846668e-01 3.999391570382235250e-01 5.000760652723117428e-01
3.750000000000000000e-01 1.000000015414222870e-01 3.999400452580303411e-01 5.000749546621806596e-01
3.850000000000000089e-01 1.000000015463889114e-01 3.999402265508581467e-01 5.000747279782998822e-01
3.950000000000000178e-01 1.000000015518239666e-01 3.999397140774449966e-01 5.000753687623822330e-01
4.050000000000000266e-01 1.000000015577704321e-01 3.999382876263664066e-01 5.000771523701817989e-01
4.150000000000000355e-01 1.000000015642750900e-01 3.999356109231847478e-01 5.000804993042088364e-01
4.249999999999999889e-01 1.000000015713888857e-01 3.999320201335539449e-01 5.000849892769568816e-01
4.349999999999999978e-01 1.000000015791672747e-01 3.999298622199470854e-01 5.000876876006002947e-01
4.450000000000000067e-01 1.000000015876705978e-01 3.999305558132000282e-01 5.000868203064139372e-01
4.550000000000000155e-01 1.000000015969645245e-01 3.999329712562992301e-01 5.000837999721431393e-01
4.650000000000000244e-01 1.000000016071204562e-01 3.999373326432213993e-01 5.000783464703888459e-01
4.750000000000000333e-01 1.000000016182160945e-01 3.999437058372212195e-01 5.000703776080948071e-01
4.849999999999999867e-01 1.000000016303358996e-01 3.999530217270569898e-01 5.000587297387329988e-01
4.949999999999999956e-01 1.000000016435716871e-01 3.999663938532070917e-01 5.000420112130786743e-01
5.050000000000000044e-01 1.000000016580232520e-01 3.999823900487823325e-01 5.000220134081597712e-01
5.150000000000000133e-01 1.000000016737990494e-01 3.999951634849758242e-01 5.000060457168807870e-01
5.250000000000000222e-01 1.000000016910168738e-01 4.000044810075831792e-01 4.999943988032685693e-01
5.350000000000000311e-01 1.000000017098047062e-01 4.000154771327302794e-01 4.999806543326258401e-01
5.450000000000000400e-01 1.000000017303015049e-01 4.000296564165838897e-01 4.999629322275134236e-01
5.550000000000000488e-01 1.000000017526581075e-01 4.000479099048507292e-01 4.999401197910743888e-01
5.650000000000000577e-01 1.000000017770382998e-01 4.000671261901018738e-01 4.999161063410269557e-01
5.750000000000000666e-01 1.000000018036197869e-01 4.000836965342795537e-01 4.998954012185393148e-01
5.849999999999999645e-01 1.000000018325953588e-01 4.000950529443029757e-01 4.998812120474828702e-01
5.949999999999999734e-01 1.000000018641741817e-01 4.001031673310596060e-01 4.998710740885309867e-01
6.049999999999999822e-01 1.000000018985830880e-01 4.001093271377950678e-01 4.998633784188722395e-01
6.149999999999999911e-01 1.000000019360679920e-01 4.001127880704279938e-01 4.998590546543489888e-01
6.250000000000000000e-01 1.000000019768955140e-01 4.001140096914729827e-01 4.998575284934900775e-01
6.350000000000000089e-01 1.000000020213546031e-01 4.001145405629299434e-01 4.998568652831651971e-01
6.450000000000000178e-01 1.000000020697583286e-01 4.001134232724522510e-01 4.998582611006592291e-01
6.550000000000000266e-01 1.000000021224458774e-01 4.001102512753572649e-01 4.998622238807856055e-01
6.650000000000000355e-01 1.000000021797846084e-01 4.001044929069147993e-01 4.998694179785940217e-01
6.750000000000000444e-01 1.000000022421723006e-01 4.000949944287729987e-01 4.998812851571554638e-01
6.850000000000000533e-01 1.000000023100396096e-01 4.000800003925818471e-01 4.999000195054697504e-01
6.950000000000000622e-01 1.000000023838526625e-01 4.000580729548389725e-01 4.999274193438842384e-01
7.050000000000000711e-01 1.000000024641158614e-01 4.000351300243923380e-01 4.999560913257916073e-01
7.149999999999999689e-01 1.000000025513749224e-01 4.000169864172515855e-01 4.999787678800796664e-01
7.249999999999999778e-01 1.000000026462201513e-01 4.000018101275535920e-01 4.999977373507972223e-01
7.349999999999999867e-01 1.000000027492898846e-01 3.999856817052777069e-01 5.000178985090931727e-01
7.449999999999999956e-01 1.000000028612742786e-01 3.999715489290896486e-01 5.000355663683911933e-01
7.550000000000000044e-01 1.000000029829194170e-01 3.999578428347538295e-01 5.000527020109761800e-01
7.650000000000000133e-01 1.000000031150315299e-01 3.999481616646343718e-01 5.000648063178361191e-01
7.750000000000000222e-01 1.000000032584817677e-01 3.999429140973314589e-01 5.000713675635402033e-01
7.850000000000000311e-01 1.000000034142111832e-01 3.999405658459268542e-01 5.000743037330402929e-01
7.950000000000000400e-01 1.000000035832360884e-01 3.999406093760437542e-01 5.000742493042266146e-01
8.050000000000000488e-01 1.000000037666538694e-01 3.999470112081838225e-01 5.000662447653454468e-01
8.150000000000000577e-01 1.000000039656492035e-01 3.999604754622747560e-01 5.000494105544799339e-01
8.250000000000000666e-01 1.000000041815006513e-01 3.999746834187533628e-01 5.000316477295890794e-01
8.350000000000000755e-01 1.000000044155879009e-01 3.999877917255539872e-01 5.000152608088278550e-01
8.449999999999999734e-01 1.000000046693993033e-01 3.999960192870012921e-01 5.000049759407678707e-01
8.549999999999999822e-01 1.000000049445402273e-01 4.000017519711308589e-01 4.999978100456782815e-01
8.649999999999999911e-01 1.000000052427417324e-01 4.000049252518725340e-01 4.999938435109649859e-01
8.750000000000000000e-01 1.000000055658701176e-01 4.000046476493846481e-01 4.999941905057704306e-01
8.850000000000000089e-01 1.000000059159369403e-01 4.000045876373541365e-01 4.999942655190766638e-01
8.950000000000000178e-01 1.000000062951099528e-01 4.000029075509297649e-01 4.999963655877558977e-01
9.050000000000000266e-01 1.000000067057245923e-01 4.000003347675423759e-01 4.999995815409222777e-01
9.150000000000000355e-01 1.000000071502964855e-01 3.999944295626312596e-01 5.000069631436803164e-01
9.250000000000000444e-01 1.000000076315347292e-01 3.999830764485454715e-01 5.000211553343766324e-01
9.350000000000000533e-01 1.000000081523560874e-01 3.999697198346932048e-01 5.000378530721266701e-01
9.450000000000000622e-01 1.000000087159002571e-01 3.999600675553892093e-01 5.000499205393864610e-01
9.550000000000000711e-01 1.000000093255461464e-01 3.999533916885563145e-01 5.000582671786416578e-01
9.649999999999999689e-01 1.000000099849292640e-01 3.999519977866674569e-01 5.000600099681939970e-01
9.749999999999999778e-01 1.000000106979603842e-01 3.999554112964492925e-01 5.000557420931075470e-01
9.849999999999999867e-01 1.000000114688454345e-01 3.999620949906608769e-01 5.000473857520674192e-01
9.949999999999999956e-01 1.000000123021067139e-01 3.999726622595087822e-01 5.000341745112488745e-01
1.004999999999999893e+00 1.000000132026057087e-01 3.999819019252855434e-01 5.000226236170028926e-01
1.014999999999999902e+00 1.000000141755672811e-01 3.999885137785029743e-01 5.000143581891746125e-01
1.024999999999999911e+00 1.000000152266056208e-01 3.999981578174893748e-01 5.000023027387434649e-01
1.034999999999999920e+00 1.000000163617518895e-01 4.000089497469660471e-01 4.999888130665930408e-01
1.044999999999999929e+00 1.000000175874837666e-01 4.000148887894807714e-01 4.999813897058609236e-01
1.054999999999999938e+00 1.000000189107569659e-01 4.000209600678786837e-01 4.999738012879686444e-01
1.064999999999999947e+00 1.000000203390387782e-01 4.000270691665661627e-01 4.999661658314492052e-01
1.074999999999999956e+00 1.000000218803439589e-01 4.000305980152945584e-01 4.999617554064034741e-01
1.084999999999999964e+00 1.000000235432729617e-01 4.000297699796903084e-01 4.999627902947175739e-01
1.094999999999999973e+00 1.000000253370525866e-01 4.000263519992247052e-01 4.999670621709132456e-01
1.104999999999999982e+00 1.000000272715794725e-01 4.000213885366684652e-01 4.999732657586801743e-01
1.114999999999999991e+00 1.000000293574662968e-01 4.000137171646135359e-01 4.999828541322148268e-01
1.125000000000000000e+00 1.000000316060910277e-01 4.000023635946348133e-01 4.999970455241644629e-01
1.135000000000000009e+00 1.000000340296494095e-01 3.999918417879940735e-01 5.000101979730005031e-01
1.145000000000000018e+00 1.000000366412107239e-01 3.999835969378702782e-01 5.000205046685105570e-01
1.155000000000000027e+00 1.000000394547773258e-01 3.999759014000697777e-01 5.000301250648425677e-01
1.164999999999999813e+00 1.000000424853477732e-01 3.999720668247729871e-01 5.000349189075237177e-01
1.174999999999999822e+00 1.000000457489841482e-01 3.999688671512761085e-01 5.000389190900602632e-01
1.184999999999999831e+00 1.000000492628835835e-01 3.999668907931653306e-01 5.000413899345130808e-01
1.194999999999999840e+00 1.000000530454543124e-01 3.999659490763160519e-01 5.000425672782428110e-01
1.204999999999999849e+00 1.000000571163965346e-01 3.999655150664491177e-01 5.000431098835422805e-01
1.214999999999999858e+00 1.000000614967882923e-01 3.999695040538742696e-01 5.000381228391372890e-01
1.224999999999999867e+00 1.000000662091767856e-01 3.999802116912344885e-01 5.000247366096960411e-01
1.234999999999999876e+00 1.000000712776753092e-01 3.999992694647671043e-01 5.000009131707089383e-01
1.244999999999999885e+00 1.000000767280661840e-01 4.000225333452186449e-01 4.999718349051112121e-01
1.254999999999999893e+00 1.000000825879100441e-01 4.000428074338782114e-01 4.999464964335282313e-01
1.264999999999999902e+00 1.000000888866618004e-01 4.000558875022907079e-01 4.999301503814384540e-01
1.274999999999999911e+00 1.000000956557937498e-01 4.000628553023746203e-01 4.999214432163077149e-01
1.284999999999999920e+00 1.000001029289260546e-01 4.000667361786269249e-01 4.999165936922619902e-01
1.294999999999999929e+00 1.000001107419651730e-01 4.000707912012858580e-01 4.999115266562283999e-01
1.304999999999999938e+00 1.000001191332507006e-01 4.000759705565617996e-01 4.999050548368899616e-01
1.314999999999999947e+00 1.000001281437108008e-01 4.000795546232456257e-01 4.999005764949417396e-01
1.324999999999999956e+00 1.000001378170271432e-01 4.000800392798058436e-01 4.998999709158823412e-01
1.334999999999999964e+00 1.000001481998094577e-01 4.000769581562166333e-01 4.999038208091622359e-01
1.344999999999999973e+00 1.000001593417804702e-01 4.000707078948690376e-01 4.999116307524223979e-01
1.354999999999999982e+00 1.000001712959717737e-01 4.000613840742882066e-01 4.999232816803473312e-01
1.364999999999999991e+00 1.000001841189309681e-01 4.000502991160754807e-01 4.999371340101649852e-01
1.375000000000000000e+00 1.000001978709411377e-01 4.000372134096106813e-01 4.999534875652024146e-01
1.385000000000000009e+00 1.000002126162527621e-01 4.000210506737362781e-01 4.999736880425407759e-01
1.395000000000000018e+00 1.000002284233292432e-01 4.000009495839322859e-01 4.999988130229024996e-01
1.405000000000000027e+00 1.000002453651063494e-01 3.999798663992656378e-01 5.000251682677375742e-01
1.414999999999999813e+00 1.000002635192665801e-01 3.999575891954122997e-01 5.000530191271942426e-01
1.424999999999999822e+00 1.000002829685290723e-01 3.999331523353127915e-01 5.000835735476002464e-01
1.434999999999999831e+00 1.000003038009559114e-01 3.999089624629401651e-01 5.001138228266993613e-01
1.444999999999999840e+00 1.000003261102756363e-01 3.998892000627339294e-01 5.001385382966690996e-01
1.454999999999999849e+00 1.000003499962249104e-01 3.998753629050336711e-01 5.001558449288558972e-01
1.464999999999999858e+00 1.000003755649091775e-01 3.998684111135992758e-01 5.001645402371673876e-01
1.474999999999999867e+00 1.000004029291832741e-01 3.998630939488354574e-01 5.001711911567188196e-01
1.484999999999999876e+00 1.000004322090530390e-01 3.998567786047858563e-01 5.001790908681277292e-01
1.494999999999999885e+00 1.000004635320989321e-01 3.998518164877049030e-01 5.001852980356532585e-01
1.504999999999999893e+00 1.000004970339227750e-01 3.998497439316301971e-01 5.001878906647436729e-01
1.514999999999999902e+00 1.000005328586185960e-01 3.998520680327018462e-01 5.001849833715078519e-01
1.524999999999999911e+00 1.000005711592690527e-01 3.998579827782230423e-01 5.001775845773920315e-01
1.534999999999999920e+00 1.000006120984683056e-01 3.998682408100373564e-01 5.001647532568425092e-01
1.544999999999999929e+00 1.000006558488729241e-01 3.998813763567121149e-01 5.001483235408068495e-01
1.554999999999999938e+00 1.000007025937819233e-01 3.998973361457061060e-01 5.001283627634074413e-01
1.564999999999999947e+00 1.000007525277474829e-01 3.999201350577301639e-01 5.000998511143460723e-01
1.574999999999999956e+00 1.000008058572176006e-01 3.999520919423358301e-01 5.000598922453830530e-01
1.584999999999999964e+00 1.000008628012123701e-01 3.999888290918683920e-01 5.000139640251416440e-01
1.594999999999999973e+00 1.000009235920353012e-01 4.000209153193847178e-01 4.999738572177307439e-01
1.604999999999999982e+00 1.000009884760212908e-01 4.000500136404155360e-01 4.999374907652665567e-01
1.614999999999999991e+00 1.000010577143230078e-01 4.000759341179786488e-01 4.999051003678263716e-01
1.625000000000000000e+00 1.000011315837372738e-01 4.000975275976038081e-01 4.998781202196007079e-01
1.635000000000000009e+00 1.000012103775734240e-01 4.001119348128762687e-01 4.998601206273332043e-01
1.645000000000000018e+00 1.000012944065652581e-01 4.001206657858095705e-01 4.998492132547408540e-01
1.655000000000000027e+00 1.000013839998288440e-01 4.001285469316689936e-01 4.998393679573043258e-01
1.665000000000000036e+00 1.000014795058677547e-01 4.001372130904037316e-01 4.998285424525452658e-01
1.674999999999999822e+00 1.000015812936282111e-01 4.001468057820170565e-01 4.998165600975745249e-01
1.684999999999999831e+00 1.000016897536059601e-01 4.001569700452574652e-01 4.998038644119585094e-01
1.694999999999999840e+00 1.000018052990072903e-01 4.001696655570695649e-01 4.997880079730264713e-01
1.704999999999999849e+00 1.000019283669663361e-01 4.001748402954165562e-01 4.997815451175198209e-01
1.714999999999999858e+00 1.000020594198210988e-01 4.001692071819570318e-01 4.997885804568165113e-01
1.724999999999999867e+00 1.000021989464506822e-01 4.001513683566912394e-01 4.998108611282364722e-01
1.734999999999999876e+00 1.000023474636760057e-01 4.001256484934889723e-01 4.998429887037209030e-01
1.744999999999999885e+00 1.000025055177269639e-01 4.000987956520120070e-01 4.998765359292684507e-01
1.754999999999999893e+00 1.000026736857783372e-01 4.000765449185775813e-01 4.999043371580391693e-01
1.764999999999999902e+00 1.000028525775574634e-01 4.000614478859924050e-01 4.999232019402055638e-01
1.774999999999999911e+00 1.000030428370263513e-01 4.000538610324019806e-01 4.999326827739357659e-01
1.784999999999999920e+00 1.000032451441412729e-01 4.000483652878767948e-01 4.999395506992735938e-01
1.794999999999999929e+00 1.000034602166926939e-01 4.000417931737073052e-01 4.999477639906374504e-01
1.804999999999999938e+00 1.000036888122287915e-01 4.000310035883279380e-01 4.999612485181775812e-01
1.814999999999999947e+00 1.000039317300656233e-01 4.000179843066564156e-01 4.999775206273693318e-01
1.824999999999999956e+00 1.000041898133871843e-01 4.000075014757493164e-01 4.999906233311605108e-01
1.834999999999999964e+00 1.000044639514387490e-01 4.000012343105106005e-01 4.999984571166227743e-01
1.844999999999999973e+00 1.000047550818170261e-01 4.000010314360287755e-01 4.999987107082886073e-01
1.854999999999999982e+00 1.000050641928603434e-01 4.000029349629767306e-01 4.999963313231977069e-01
1.864999999999999991e+00 1.000053923261427363e-01 4.000024540887992530e-01 4.999969324078213373e-01
1.875000000000000000e+00 1.000057405790755888e-01 3.999980063237509320e-01 5.000024921077325102e-01
1.885000000000000009e+00 1.000061101076204079e-01 3.999914516370471906e-01 5.000106856820537571e-01
1.895000000000000018e+00 1.000065021291168255e-01 3.999853105510427498e-01 5.000183624855335518e-01
1.905000000000000027e+00 1.000069179252295465e-01 3.999853761509630234e-01 5.000182804796237113e-01
1.915000000000000036e+00 1.000073588450184209e-01 3.999895340064531513e-01 5.000130828342457256e-01
1.924999999999999822e+00 1.000078263081356916e-01 3.999973065526100657e-01 5.000033668319083802e-01
1.934999999999999831e+00 1.000083218081545128e-01 4.000068302931001352e-01 4.999914622794127128e-01
1.944999999999999840e+00 1.000088469160331089e-01 4.000158816744378565e-01 4.999801486951326313e-01
1.954999999999999849e+00 1.000094032837188091e-01 4.000221775545362846e-01 4.999722795937567299e-01
1.964999999999999858e+00 1.000099926478964368e-01 4.000258352594352473e-01 4.999677080113857364e-01
1.974999999999999867e+00 1.000106168338854434e-01 4.000276459389417449e-01 4.999654449645888343e-01
1.984999999999999876e+00 1.000112777596903896e-01 4.000303580183697250e-01 4.999620553568482895e-01
1.994999999999999885e+00 1.000119774402092876e-01 4.000355550003235061e-01 4.999555601997384136e-01
2.004999999999999893e+00 1.000127179916046466e-01 4.000400868518975694e-01 4.999498964563613979e-01
2.015000000000000124e+00 1.000135016358416756e-01 4.000405375681218567e-01 4.999493331746224234e-01
2.024999999999999911e+00 1.000143307053985992e-01 4.000354260095371206e-01 4.999557214096130298e-01
2.035000000000000142e+00 1.000152076481538865e-01 4.000237948668036170e-01 4.999702581857518036e-01
2.044999999999999929e+00 1.000161350324551834e-01 4.000052074372105193e-01 4.999934907882276347e-01
2.054999999999999716e+00 1.000171155523748301e-01 3.999830743379758080e-01 5.000211579728119915e-01
2.064999999999999947e+00 1.000181520331570040e-01 3.999634447720220032e-01 5.000456982112438942e-01
2.074999999999999734e+00 1.000192474368613027e-01 3.999467875222745827e-01 5.000665244469834070e-01
2.084999999999999964e+00 1.000204048682078184e-01 3.999353669161000990e-01 5.000808044114706252e-01
2.094999999999999751e+00 1.000216275806286442e-01 3.999282213044869638e-01 5.000897394728470724e-01
2.104999999999999982e+00 1.000229189825308368e-01 3.999247473015522525e-01 5.000940835731666478e-01
2.114999999999999769e+00 1.000242826437756777e-01 3.999270113491938394e-01 5.000912524644933743e-01
2.125000000000000000e+00 1.000257223023794523e-01 3.999342807596443228e-01 5.000821625495954770e-01
2.134999999999999787e+00 1.000272418714403810e-01 3.999439741579414731e-01 5.000700421129941065e-01
2.145000000000000018e+00 1.000288454462968379e-01 3.999533197246238347e-01 5.000583571545403894e-01
2.154999999999999805e+00 1.000305373119216301e-01 3.999611043839175206e-01 5.000486242482783394e-01
2.165000000000000036e+00 1.000323219505571820e-01 3.999655024331249531e-01 5.000431256779211964e-01
2.174999999999999822e+00 1.000342040495963425e-01 3.999659458007839841e-01 5.000425713733551714e-01
2.185000000000000053e+00 1.000361885097135334e-01 3.999654465043336327e-01 5.000431956009805390e-01
2.194999999999999840e+00 1.000382804532507774e-01 3.999661578235114145e-01 5.000423062999539425e-01
2.205000000000000071e+00 1.000404852328631716e-01 3.999704996874636764e-01 5.000368781104599369e-01
2.214999999999999858e+00 1.000428084404281354e-01 3.999737485972489903e-01 5.000328164071305981e-01
2.225000000000000089e+00 1.000452559162226529e-01 3.999745804591855469e-01 5.000317764453746650e-01
2.234999999999999876e+00 1.000478337583727284e-01 3.999721171506227524e-01 5.000348559914324920e-01
2.245000000000000107e+00 1.000505483325789119e-01 3.999650171425803702e-01 5.000437323964850300e-01
2.254999999999999893e+00 1.000534062821216569e-01 3.999533733002516578e-01 5.000582901693809701e-01
2.265000000000000124e+00 1.000564145381503262e-01 3.999400829337969587e-01 5.000749075533559296e-01
2.274999999999999911e+00 1.000595803302588988e-01 3.999336500548190676e-01 5.000829511909936631e-01
2.285000000000000142e+00 1.000629111973518753e-01 3.999357737152380299e-01 5.000802957486965017e-01
2.294999999999999929e+00 1.000664149988030882e-01 3.999395832337728218e-01 5.000755323663372831e-01
2.305000000000000160e+00 1.000700999259103163e-01 3.999417621246672550e-01 5.000728079446159491e-01
2.314999999999999947e+00 1.000739745136477871e-01 3.999436119825163227e-01 5.000704949595321525e-01
2.324999999999999734e+00 1.000780476527190765e-01 3.999455082931914207e-01 5.000681239139815881e-01
2.334999999999999964e+00 1.000823286019119074e-01 3.999462086111970627e-01 5.000672482794495943e-01
2.344999999999999751e+00 1.000868270007563982e-01 3.999463698586679938e-01 5.000670466659704605e-01
2.354999999999999982e+00 1.000915528824878470e-01 3.999452619511424944e-01 5.000684319256470944e-01
2.364999999999999769e+00 1.000965166873149514e-01 3.999421058122574202e-01 5.000723782103725368e-01
2.375000000000000000e+00 1.001017292759934507e-01 3.999353421573452749e-01 5.000808353699199849e-01
2.384999999999999787e+00 1.001072019437054400e-01 3.999301899370921176e-01 5.000872778108085281e-01
2.395000000000000018e+00 1.001129464342436076e-01 3.999283867464686892e-01 5.000895325962154692e-01
2.404999999999999805e+00 1.001189749544995483e-01 3.999280985261554067e-01 5.000898930009038956e-01
2.415000000000000036e+00 1.001253001892544320e-01 3.999285403990620602e-01 5.000893404617567928e-01
2.424999999999999822e+00 1.001319353162703207e-01 3.999264340243064986e-01 5.000919743850803512e-01
2.435000000000000053e+00 1.001388940216793449e-01 3.999189182498762984e-01 5.001013727363518013e-01
2.444999999999999840e+00 1.001461905156676852e-01 3.999050898551462785e-01 5.001186658375467164e-01
2.455000000000000071e+00 1.001538395484507932e-01 3.998839545596469258e-01 5.001450988956044341e-01
2.464999999999999858e+00 1.001618564265353284e-01 3.998599754714943222e-01 5.001750919535526974e-01
2.475000000000000089e+00 1.001702570292630351e-01 3.998359761072170504e-01 5.002051139749602582e-01
2.484999999999999876e+00 1.001790578256308017e-01 3.998148283366629863e-01 5.002315717805007056e-01
2.495000000000000107e+00 1.001882758913807264e-01 3.997970731406825240e-01 5.002537873248087408e-01
2.504999999999999893e+00 1.001979289263530970e-01 3.997809679253253590e-01 5.002739400975130257e-01
2.515000000000000124e+00 1.002080352720945144e-01 3.997630566793872742e-01 5.002963546989320776e-01
2.524999999999999911e+00 1.002186139297126383e-01 3.997419302441787559e-01 5.003227954541366040e-01
2.535000000000000142e+00 1.002296845779682560e-01 3.997147972905865654e-01 5.003567577574643543e-01
2.544999999999999929e+00 1.002412675915945323e-01 3.996852222954809242e-01 5.003937820151459492e-01
2.555000000000000160e+00 1.002533840598324594e-01 3.996649877603600798e-01 5.004191163222944105e-01
2.564999999999999947e+00 1.002660558051705758e-01 3.996520165497569610e-01 5.004353580563001280e-01
2.574999999999999734e+00 1.002793054022763503e-01 3.996441138894987755e-01 5.004452537872228213e-01
2.584999999999999964e+00 1.002931561971054930e-01 3.996366107922710853e-01 5.004546495465074241e-01
2.594999999999999751e+00 1.003076323261746228e-01 3.996285461378190629e-01 5.004647489096698543e-01
2.604999999999999982e+00 1.003227587359816347e-01 3.996189500138905282e-01 5.004767666624621025e-01
2.614999999999999769e+00 1.003385612025574358e-01 3.996060326669894081e-01 5.004929446765120638e-01
2.625000000000000000e+00 1.003550663511312557e-01 3.995892287063265713e-01 5.005139919499373979e-01
2.634999999999999787e+00 1.003723016758911596e-01 3.995688530022981078e-01 5.005395152731029196e-01
2.645000000000000018e+00 1.003902955598199587e-01 3.995450892279918675e-01 5.005692859007316864e-01
2.654999999999999805e+00 1.004090772945859800e-01 3.995209216750709724e-01 5.005995660038533579e-01
2.665000000000000036e+00 1.004286771004667955e-01 3.994994400677882029e-01 5.006264838971073994e-01
2.674999999999999822e+00 1.004491261462830826e-01 3.994802539790748841e-01 5.006505277992443492e-01
2.685000000000000053e+00 1.004704565693186752e-01 3.994634969294461047e-01 5.006715295323325154e-01
2.694999999999999840e+00 1.004927014952015085e-01 3.994471613611326744e-01 5.006920047159473253e-01
2.705000000000000071e+00 1.005158950577193788e-01 3.994284054050331600e-01 5.007155157059839379e-01
2.714999999999999858e+00 1.005400724185429584e-01 3.994034308805513023e-01 5.007468252314877244e-01
2.725000000000000089e+00 1.005652697868274353e-01 3.993695481606133746e-01 5.007893088522776814e-01
2.734999999999999876e+00 1.005915244386631907e-01 3.993250242669255656e-01 5.008451457986055066e-01
2.745000000000000107e+00 1.006188747363443159e-01 3.992681289025384883e-01 5.009165158003886509e-01
2.754999999999999893e+00 1.006473601474229679e-01 3.992081314037676520e-01 5.009917991818552130e-01
2.765000000000000124e+00 1.006770212635162004e-01 3.991571076402075091e-01 5.010558403491492951e-01
2.774999999999999911e+00 1.007078998188307845e-01 3.991175293525670575e-01 5.011055272977666952e-01
2.785000000000000142e+00 1.007400387083701859e-01 3.990881851429789462e-01 5.011423726521675448e-01
2.794999999999999929e+00 1.007734820057868963e-01 3.990629440461065380e-01 5.011740703664347985e-01
2.805000000000000160e+00 1.008082749808420914e-01 3.990413582032140694e-01 5.012011810017669156e-01
2.814999999999999947e+00 1.008444641164332189e-01 3.990249083660439289e-01 5.012218430648214262e-01
2.824999999999999734e+00 1.008820971251491588e-01 3.990132354660798075e-01 5.012365060181118714e-01
2.834999999999999964e+00 1.009212229653116133e-01 3.990024628619497915e-01 5.012500388229375048e-01
2.844999999999999751e+00 1.009618918564596235e-01 3.989911473570527112e-01 5.012642544197158934e-01
2.854999999999999982e+00 1.010041552942338439e-01 3.989773365432729979e-01 5.012816059498358401e-01
2.864999999999999769e+00 1.010480660646154161e-01 3.989581504670349221e-01 5.013057128069015045e-01
2.875000000000000000e+00 1.010936782574736736e-01 3.989331751223740286e-01 5.013370972184736374e-01
2.884999999999999787e+00 1.011410472793755067e-01 3.989044217883869758e-01 5.013732339775794911e-01
2.895000000000000018e+00 1.011902298656086607e-01 3.988696527409442694e-01 5.014169381542168402e-01
2.904999999999999805e+00 1.012412840913697737e-01 3.988289506805524631e-01 5.014681097215351047e-01
2.915000000000000036e+00 1.012942693820674672e-01 3.987813636969138043e-01 5.015279504184809722e-01
2.924999999999999822e+00 1.013492465226895484e-01 3.987249730379893164e-01 5.015988802410542569e-01
2.935000000000000053e+00 1.014062776661828480e-01 3.986626917425306060e-01 5.016772427984471650e-01
2.944999999999999840e+00 1.014654263407932799e-01 3.985931777309181800e-01 5.017647345058569019e-01
2.955000000000000071e+00 1.015267574563127884e-01 3.985192232394593193e-01 5.018578485982481130e-01
2.964999999999999858e+00 1.015903373091796014e-01 3.984423480245444238e-01 5.019546767345117733e-01
2.975000000000000089e+00 1.016562335863770566e-01 3.983618078406128138e-01 5.020561611669894786e-01
2.984999999999999876e+00 1.017245153680762099e-01 3.982764959436637664e-01 5.021637029474368408e-01
2.995000000000000107e+00 1.017952531289664231e-01 3.981890371680597007e-01 5.022739988584568049e-01
3.004999999999999893e+00 1.018685187382180474e-01 3.980973845428312785e-01 5.023896357160869686e-01
3.015000000000000124e+00 1.019443854580210640e-01 3.979993892236531328e-01 5.025133339780361030e-01
3.024999999999999911e+00 1.020229279406426326e-01 3.978952401709747178e-01 5.026448668098176809e-01
3.035000000000000142e+00 1.021042222239470776e-01 3.977856804269370716e-01 5.027833072958864946e-01
3.044999999999999929e+00 1.021883457253213029e-01 3.976707283282129857e-01 5.029286436062054833e-01
3.055000000000000160e+00 1.022753772339484446e-01 3.975526234606834852e-01 5.030780535643459839e-01
3.064999999999999947e+00 1.023653969013731818e-01 3.974396834861195216e-01 5.032210126721906596e-01
3.075000000000000178e+00 1.024584862303016680e-01 3.973283386197997702e-01 5.033620322545842019e-01
3.084999999999999964e+00 1.025547280615797252e-01 3.972155097146632396e-01 5.035050120365855975e-01
3.094999999999999751e+00 1.026542065592932484e-01 3.970985881036392939e-01 5.036532639290113300e-01
3.104999999999999982e+00 1.027570071939348378e-01 3.969780316871814319e-01 5.038062160517737809e-01
3.114999999999999769e+00 1.028632167235819656e-01 3.968596743899436285e-01 5.039564685110470288e-01
3.125000000000000000e+00 1.029729231730319855e-01 3.967434345216416802e-01 5.041041201882582312e-01
3.134999999999999787e+00 1.030862158108403898e-01 3.966274867231586176e-01 5.042514870876755317e-01
3.145000000000000018e+00 1.032031851242098952e-01 3.965105220814078568e-01 5.044002336940199838e-01
3.154999999999999805e+00 1.033239227916782355e-01 3.963896067003562229e-01 5.045540968262230974e-01
3.165000000000000036e+00 1.034485216535547120e-01 3.962609470997126015e-01 5.047179174829794501e-01
3.174999999999999822e+00 1.035770756800559467e-01 3.961271775738217094e-01 5.048883573829727744e-01
3.185000000000000053e+00 1.037096799370930966e-01 3.959926320275066747e-01 5.050599021905728403e-01
3.194999999999999840e+00 1.038464305496646367e-01 3.958600536919694157e-01 5.052290528804556091e-01
3.205000000000000071e+00 1.039874246628096771e-01 3.957313316207062281e-01 5.053933919786077755e-01
3.214999999999999858e+00 1.041327604000795992e-01 3.956060029163377401e-01 5.055535015283774136e-01
3.225000000000000089e+00 1.042825368194869595e-01 3.954802707947350782e-01 5.057142284192613912e-01
3.234999999999999876e+00 1.044368538668930813e-01 3.953505158754527793e-01 5.058802049546483603e-01
3.245000000000000107e+00 1.045958123267980572e-01 3.952116966546520560e-01 5.060578968004736389e-01
3.254999999999999893e+00 1.047595137704988161e-01 3.950563126201870889e-01 5.062569401144665360e-01
3.265000000000000124e+00 1.049280605015842360e-01 3.948823665919810044e-01 5.064799467398184429e-01
3.274999999999999911e+00 1.051015554987378975e-01 3.946935644593375647e-01 5.067222220204317118e-01
3.285000000000000142e+00 1.052801023558228577e-01 3.944925954696017478e-01 5.069803648961297426e-01
3.294999999999999929e+00 1.054638052192251457e-01 3.942831857420415753e-01 5.072496297898164697e-01
3.305000000000000160e+00 1.056527687224360218e-01 3.940692806884296684e-01 5.075249703570010595e-01
3.314999999999999947e+00 1.058470979178561117e-01 3.938527589248670413e-01 5.078039837678345325e-01
3.325000000000000178e+00 1.060468982058083709e-01 3.936317576020011977e-01 5.080890861509677059e-01
3.334999999999999964e+00 1.062522752607493598e-01 3.934006284290474387e-01 5.083875966305717586e-01
3.344999999999999751e+00 1.064633349546732222e-01 3.931518179039540373e-01 5.087093354070653106e-01
3.354999999999999982e+00 1.066801832777054954e-01 3.928765440591754921e-01 5.090657689400662766e-01
3.364999999999999769e+00 1.069029262558882087e-01 3.925790929423352282e-01 5.094514802126189901e-01
3.375000000000000000e+00 1.071316698661620576e-01 3.922749840178806346e-01 5.098464295415882086e-01
3.384999999999999787e+00 1.073665199485549365e-01 3.919755896025705066e-01 5.102358547448906378e-01
3.395000000000000018e+00 1.076075821155911133e-01 3.916882337569941863e-01 5.106101811679164548e-01
3.404999999999999805e+00 1.078549616589391108e-01 3.914144020611174946e-01 5.109674016766786453e-01
3.415000000000000036e+00 1.081087634533216130e-01 3.911501323311388778e-01 5.113126226189910195e-01
3.424999999999999822e+00 1.083690918577145390e-01 3.908847128169213314e-01 5.116598153933792359e-01
3.435000000000000053e+00 1.086360506138678989e-01 3.906119158456508589e-01 5.120171502372431460e-01
3.444999999999999840e+00 1.089097427421854558e-01 3.903233518396644897e-01 5.123956818298568416e-01
3.455000000000000071e+00 1.091902704350053988e-01 3.900184309854290432e-01 5.127962786134893092e-01
3.464999999999999858e+00 1.094777349473291528e-01 3.897098846968618524e-01 5.132022764974801810e-01
3.475000000000000089e+00 1.097722364850506338e-01 3.894047409817565364e-01 5.136044299197937146e-01
3.484999999999999876e+00 1.100738740907434982e-01 3.891063050676921709e-01 5.139983531369566316e-01
3.495000000000000107e+00 1.103827455270690594e-01 3.888119793496083720e-01 5.143874433461471662e-01
3.504999999999999893e+00 1.106989471578731232e-01 3.885147451898788851e-01 5.147809767226568800e-01
3.515000000000000124e+00 1.110225738270451401e-01 3.882069176370059882e-01 5.151891708097036116e-01
3.524999999999999911e+00 1.113537187352186819e-01 3.878760030921138968e-01 5.156287019707775920e-01
3.535000000000000142e+00 1.116924733143978138e-01 3.875210705301809777e-01 5.161009689779528786e-01
3.544999999999999929e+00 1.120389271005988174e-01 3.871467609483934535e-01 5.165999568485604154e-01
3.555000000000000160e+00 1.123931676046035499e-01 3.867571972524928015e-01 5.171203055063791076e-01
3.564999999999999947e+00 1.127552801809245248e-01 3.863567987779975010e-01 5.176562199308442080e-01
3.575000000000000178e+00 1.131253478950891289e-01 3.859481499758524725e-01 5.182043235924653768e-01
3.584999999999999964e+00 1.135034513893543456e-01 3.855328491811802483e-01 5.187625397544541883e-01
3.594999999999999751e+00 1.138896687469701657e-01 3.851171564451627005e-01 5.193224883723877028e-01
3.604999999999999982e+00 1.142840753551144090e-01 3.846888305521709017e-01 5.199007200519077943e-01
3.614999999999999769e+00 1.146867437666274914e-01 3.842415883123513898e-01 5.205058642361723997e-01
3.625000000000000000e+00 1.150977435606814619e-01 3.837825535813310651e-01 5.211284310182069390e-01
3.634999999999999787e+00 1.155171412025220168e-01 3.833227351930484916e-01 5.217535555235884859e-01
3.645000000000000018e+00 1.159449999024284028e-01 3.828765079426447171e-01 5.223616384162180770e-01
3.654999999999999805e+00 1.163813794740407026e-01 3.824498921233701054e-01 5.229443232147240606e-01
3.665000000000000036e+00 1.168263361922093901e-01 3.820331075420328459e-01 5.235148369385634881e-01
3.674999999999999822e+00 1.172799226505265302e-01 3.815905550406808455e-01 5.241219871877549341e-01
3.685000000000000053e+00 1.177421876187038363e-01 3.810943041832924316e-01 5.248044848862588596e-01
3.694999999999999840e+00 1.182131758999659388e-01 3.805456911259176289e-01 5.255610683917127934e-01
3.705000000000000071e+00 1.186929281886336118e-01 3.799695380033080161e-01 5.263579839872816191e-01
3.714999999999999858e+00 1.191814809280743181e-01 3.793871522984055833e-01 5.271659801560457659e-01
3.725000000000000089e+00 1.196788661692032435e-01 3.788187070528867828e-01 5.279570313619122990e-01
3.734999999999999876e+00 1.201851114297205758e-01 3.782739964603631933e-01 5.287172839567804150e-01
3.745000000000000107e+00 1.207002395542761952e-01 3.777443910909848435e-01 5.294585564126279564e-01
3.754999999999999893e+00 1.212242685757547733e-01 3.772153711507002516e-01 5.302010874845780597e-01
3.765000000000000124e+00 1.217572115778796232e-01 3.766808533494164224e-01 5.309534536242439540e-01
3.774999999999999911e+00 1.222990765593350848e-01 3.761232568458857117e-01 5.317405833320986153e-01
3.785000000000000142e+00 1.228498662996115876e-01 3.755303595142236439e-01 5.325801095248725581e-01
3.794999999999999929e+00 1.234095782267789487e-01 3.749075264514296069e-01 5.334648837088913353e-01
3.805000000000000160e+00 1.239782042873974061e-01 3.742684536980420695e-01 5.343757883515317664e-01
3.814999999999999947e+00 1.245557308187760920e-01 3.736194238985806049e-01 5.353040747000622490e-01
3.825000000000000178e+00 1.251421384237926815e-01 3.729641586643582252e-01 5.362445568931627493e-01
3.834999999999999964e+00 1.257374018484874179e-01 3.723053477952431023e-01 5.371934654830531342e-01
3.844999999999999751e+00 1.263414898626478988e-01 3.716440037472777402e-01 5.381494063765450697e-01
3.854999999999999982e+00 1.269543651435999787e-01 3.709790404833292476e-01 5.391140150112805340e-01
3.864999999999999769e+00 1.275759841634227509e-01 3.703079512533675732e-01 5.400910224127444259e-01
3.875000000000000000e+00 1.282062970798042156e-01 3.696278921794881045e-01 5.410847077062077570e-01
3.884999999999999787e+00 1.288452476307549166e-01 3.689374359033401052e-01 5.420973328724468798e-01
3.895000000000000018e+00 1.294927730333965687e-01 3.682370653628219137e-01 5.431283779185593907e-01
3.904999999999999805e+00 1.301488038870411701e-01 3.675288131356370669e-01 5.441750220715068087e-01
3.915000000000000036e+00 1.308132640807757596e-01 3.668164928013953885e-01 5.452317546372854595e-01
3.924999999999999822e+00 1.314860707057657063e-01 3.660935474522521993e-01 5.463084541966286567e-01
3.935000000000000053e+00 1.321671339724884708e-01 3.653381034582715015e-01 5.474381076236242150e-01
3.944999999999999840e+00 1.328563571331058957e-01 3.645385849272280154e-01 5.486387676627579868e-01
3.955000000000000071e+00 1.335536364091824413e-01 3.637140466743375433e-01 5.498825295000940860e-01
3.964999999999999858e+00 1.342588609249517895e-01 3.628948241526110396e-01 5.511238703032381725e-01
3.975000000000000089e+00 1.349719126463322649e-01 3.621148046230834305e-01 5.523110280127188076e-01
3.984999999999999876e+00 1.356926663258862797e-01 3.613852289619990388e-01 5.534260505733916702e-01
3.995000000000000107e+00 1.364209894539162859e-01 3.606918728618508374e-01 5.544898985750154052e-01
4.004999999999999893e+00 1.371567422158833649e-01 3.599990168336625884e-01 5.555570727917014118e-01
4.014999999999999680e+00 1.378997774563313072e-01 3.592556916656159949e-01 5.567065592551663222e-01
4.025000000000000355e+00 1.386499406494915432e-01 3.584344421439709105e-01 5.579820923561437107e-01
4.035000000000000142e+00 1.394070698767403416e-01 3.575430974483140290e-01 5.593731257220305730e-01
4.044999999999999929e+00 1.401709958110725629e-01 3.566124930704314688e-01 5.608328476604989010e-01
4.054999999999999716e+00 1.409415417087490352e-01 3.556713645039607519e-01 5.623168462800800516e-01
4.065000000000000391e+00 1.417185234082686818e-01 3.547459906942156960e-01 5.637836797214044182e-01
4.075000000000000178e+00 1.425017493368084254e-01 3.538603359919261226e-01 5.651947383121326274e-01
4.084999999999999964e+00 1.432910205242666768e-01 3.530142890162109581e-01 5.665493047246472624e-01
4.094999999999999751e+00 1.440861306250372231e-01 3.521905165334021093e-01 5.678744617220032875e-01
4.104999999999999538e+00 1.448868659476321985e-01 3.513746864708688356e-01 5.691929660863069840e-01
4.115000000000000213e+00 1.456930054922645490e-01 3.505462204734398068e-01 5.705381724837441659e-01
4.125000000000000000e+00 1.465043209964901061e-01 3.496804662435534228e-01 5.719507359061327678e-01
4.134999999999999787e+00 1.473205769890010564e-01 3.487710821346963752e-01 5.734420376135411779e-01
4.144999999999999574e+00 1.481415308516512153e-01 3.478306779513846703e-01 5.749924106117904055e-01
4.155000000000000249e+00 1.489669328897848533e-01 3.468801737947630470e-01 5.765679768089976287e-01
4.165000000000000036e+00 1.497965264109290262e-01 3.459335807599543400e-01 5.781456647274187954e-01
4.174999999999999822e+00 1.506300478119007025e-01 3.450062393699531715e-01 5.796996609836330139e-01
4.184999999999999609e+00 1.514672266743653795e-01 3.441030319956446260e-01 5.812212663169193938e-01
4.195000000000000284e+00 1.523077858688766384e-01 3.432151955833713242e-01 5.827247819259723238e-01
4.205000000000000071e+00 1.531514416674114865e-01 3.423060727894604582e-01 5.842724272175342515e-01
4.214999999999999858e+00 1.539979038644070375e-01 3.413436127176048274e-01 5.859198547988092587e-01
4.224999999999999645e+00 1.548468759062894551e-01 3.403205220608768733e-01 5.876812799559111289e-01
4.235000000000000320e+00 1.556980550294768673e-01 3.392774414855277421e-01 5.894880576919560022e-01
4.245000000000000107e+00 1.565511324068231125e-01 3.382568994820656094e-01 5.912665796506658689e-01
4.254999999999999893e+00 1.574057933024592681e-01 3.372936716183976835e-01 5.929550917464975202e-01
4.264999999999999680e+00 1.582617172349747303e-01 3.363909771000306859e-01 5.945462679295561159e-01
4.275000000000000355e+00 1.591185781488692053e-01 3.355293492018089907e-01 5.960730424202238531e-01
4.285000000000000142e+00 1.599760445941925679e-01 3.346650435285282166e-01 5.976124601820004267e-01
4.294999999999999929e+00 1.608337799142789959e-01 3.337597155066548971e-01 5.992334925633413523e-01
4.304999999999999716e+00 1.616914424414653828e-01 3.327955819020177453e-01 6.009695166532720290e-01
4.315000000000000391e+00 1.625486857006752661e-01 3.317784397482223535e-01 6.028119251865027284e-01
4.325000000000000178e+00 1.634051586207333484e-01 3.307291040446356800e-01 6.047245239505977255e-01
4.334999999999999964e+00 1.642605057532656176e-01 3.296734998737745337e-01 6.066608328439382358e-01
4.344999999999999751e+00 1.651143674990246391e-01 3.286311966473983159e-01 6.085849488433932031e-01
4.355000000000000426e+00 1.659663803414693217e-01 3.276195399056897606e-01 6.104641989838976990e-01
4.365000000000000213e+00 1.668161770874141137e-01 3.266440885893223123e-01 6.122872171473848768e-01
4.375000000000000000e+00 1.676633871145520316e-01 3.257004061938861272e-01 6.140612544429621122e-01
4.384999999999999787e+00 1.685076366256410829e-01 3.247836859944336352e-01 6.157944768304272065e-01
4.394999999999999574e+00 1.693485489091343110e-01 3.238786428317277921e-01 6.175152466101652138e-01
4.405000000000000249e+00 1.701857446060196233e-01 3.229732223954918102e-01 6.192463836989344772e-01
4.415000000000000036e+00 1.710188419826251249e-01 3.220620847930864561e-01 6.209982777963228839e-01
4.424999999999999822e+00 1.718474572091340524e-01 3.211328122633338444e-01 6.227952808384991101e-01
4.434999999999999609e+00 1.726712046435415759e-01 3.201918443395933567e-01 6.246255285249593392e-01
4.445000000000000284e+00 1.734896971207756933e-01 3.192555092428823182e-01 6.264574743731190498e-01
4.455000000000000071e+00 1.743025462466933073e-01 3.183341372830580385e-01 6.282706646135250983e-01
4.464999999999999858e+00 1.751093626966534478e-01 3.174374941915615866e-01 6.300452960333272623e-01
4.474999999999999645e+00 1.759097565183576628e-01 3.165654548438179838e-01 6.317808748231004135e-01
4.485000000000000320e+00 1.767033374386404176e-01 3.157027004367800593e-01 6.335074097348442068e-01
4.495000000000000107e+00 1.774897151738819567e-01 3.148196751733327026e-01 6.352843096286293623e-01
4.504999999999999893e+00 1.782684997437081198e-01 3.139009283036823805e-01 6.371437035270908211e-01
4.514999999999999680e+00 1.790393017876327209e-01 3.129472086934487196e-01 6.390854254140750923e-01
4.525000000000000355e+00 1.798017328842910767e-01 3.119902126706571299e-01 6.410457504034713372e-01
4.535000000000000142e+00 1.805554058729055278e-01 3.110577581922506218e-01 6.429674063181189947e-01
4.544999999999999929e+00 1.812999351766182987e-01 3.101630624453226015e-01 6.448221088069028273e-01
4.554999999999999716e+00 1.820349371273184969e-01 3.093083851832901243e-01 6.466038736113923768e-01
4.565000000000000391e+00 1.827600302915868280e-01 3.084872680089690844e-01 6.483249739635450482e-01
4.575000000000000178e+00 1.834748357973751964e-01 3.076951711922476518e-01 6.499939509126719805e-01
4.584999999999999964e+00 1.841789776610342488e-01 3.069363458819688306e-01 6.516009025431912516e-01
4.594999999999999751e+00 1.848720831142975918e-01 3.062209526959616679e-01 6.531231721383039535e-01
4.605000000000000426e+00 1.855537829308287479e-01 3.055255548116193598e-01 6.546097269124208085e-01
4.615000000000000213e+00 1.862237117519329188e-01 3.048173927925913462e-01 6.561305382468354264e-01
4.625000000000000000e+00 1.868815084110357627e-01 3.040710530045286908e-01 6.577410050177361356e-01
4.634999999999999787e+00 1.875268162565267571e-01 3.032664637851906764e-01 6.594860424186690384e-01
4.644999999999999574e+00 1.881592834725666075e-01 3.024484778432693366e-01 6.612696530205096623e-01
4.655000000000000249e+00 1.887785633974566335e-01 3.016642615880184564e-01 6.629887111822981849e-01
4.665000000000000036e+00 1.893843148391679554e-01 3.009352585480145059e-01 6.645947735236541476e-01
4.674999999999999822e+00 1.899762023876313544e-01 3.002154117284219215e-01 6.661883174103072625e-01
4.684999999999999609e+00 1.905538967233878778e-01 2.994561972476327272e-01 6.678773117345496724e-01
4.695000000000000284e+00 1.911170749222041998e-01 2.986655749945842930e-01 6.696453047982735551e-01
4.705000000000000071e+00 1.916654207552593581e-01 2.979062841753572499e-01 6.713520681634012055e-01
4.714999999999999858e+00 1.921986249845136774e-01 2.972319517011734469e-01 6.728751698978613360e-01
4.724999999999999645e+00 1.927163856528731900e-01 2.967018734537019697e-01 6.740773075408587056e-01
4.735000000000000320e+00 1.932184083687704113e-01 2.963525789042428249e-01 6.748718055347978639e-01
4.745000000000000107e+00 1.937044065847855490e-01 2.960721988636560997e-01 6.755109083784722745e-01
4.754999999999999893e+00 1.941741018699403576e-01 2.956831378480023198e-01 6.763997482426988839e-01
4.764999999999999680e+00 1.946272241753018717e-01 2.950475197925503945e-01 6.778569097636243379e-01
4.775000000000000355e+00 1.950635120925426624e-01 2.942677639184038130e-01 6.796531068739731785e-01
4.785000000000000142e+00 1.954827131051102285e-01 2.934474513513164462e-01 6.815530313144864127e-01
4.794999999999999929e+00 1.958845838316691790e-01 2.927708252995373517e-01 6.831281764341703422e-01
4.804999999999999716e+00 1.962688902614865838e-01 2.922357158054552650e-01 6.843790446652399106e-01
4.815000000000000391e+00 1.966354079814428280e-01 2.919264919772460165e-01 6.851039747896153775e-01
4.825000000000000178e+00 1.969839223943593565e-01 2.918150978822094399e-01 6.853654983976518178e-01
4.834999999999999964e+00 1.973142289283463247e-01 2.916840716169050718e-01 6.856733687627550866e-01
4.844999999999999751e+00 1.976261332368840218e-01 2.913950089438910318e-01 6.863535539776887129e-01
4.855000000000000426e+00 1.979194513893644813e-01 2.909183048489052958e-01 6.874782255584581669e-01
4.865000000000000213e+00 1.981940100518315151e-01 2.903833159742633674e-01 6.887448038430898922e-01
4.875000000000000000e+00 1.984496466576709806e-01 2.898806449144522013e-01 6.899391301513861929e-01
4.884999999999999787e+00 1.986862095680153040e-01 2.894866292725294388e-01 6.908781953162864697e-01
4.894999999999999574e+00 1.989035582216417408e-01 2.891973013765846146e-01 6.915693854956330711e-01
4.905000000000000249e+00 1.991015632741556241e-01 2.890551948756656109e-01 6.919093776744892343e-01
4.915000000000000036e+00 1.992801067262670589e-01 2.890332184095426027e-01 6.919619865859574226e-01
4.924999999999999822e+00 1.994390820409819298e-01 2.890092294312526233e-01 6.920194223332737371e-01
4.934999999999999609e+00 1.995783942495448215e-01 2.889371450620367709e-01 6.921920681297610844e-01
4.945000000000000284e+00 1.996979600459861115e-01 2.887952657140685497e-01 6.925321282725483973e-01
4.955000000000000071e+00 1.997977078701417553e-01 2.886066303315548143e-01 6.929847722841210311e-01
4.964999999999999858e+00 1.998775779790295803e-01 2.884184796088193892e-01 6.934368431289806844e-01
4.974999999999999645e+00 1.999375225064828343e-01 2.882587139052446568e-01 6.938211764371614576e-01
4.985000000000000320e+00 1.999775055109571653e-01 2.881334551144636436e-01 6.941227977866998300e-01
4.995000000000000107e+00 1.999975030114447272e-01 2.880545803551234907e-01 6.943128616577913803e-01
5.004999999999999893e+00 1.999975030114447272e-01 2.880740803270651629e-01 6.942658630479001669e-01
5.014999999999999680e+00 1.999775055109571653e-01 2.881499911620649113e-01 6.940829642001047350e-01
5.025000000000000355e+00 1.999375225064828343e-01 2.882154244623699735e-01 6.939253871407997654e-01
5.035000000000000142e+00 1.998775779790295803e-01 2.882932390422025537e-01 6.937380864860396290e-01
5.044999999999999929e+00 1.997977078701417553e-01 2.883774002845670426e-01 6.935356231197127297e-01
5.054999999999999716e+00 1.996979600459861115e-01 2.884594041830199074e-01 6.933384632282789672e-01
5.065000000000000391e+00 1.995783942495448215e-01 2.885662813576900798e-01 6.930816693447685584e-01
5.075000000000000178e+00 1.994390820409819298e-01 2.887378928572577608e-01 6.926697359354674344e-01
5.084999999999999964e+00 1.992801067262670589e-01 2.889890064161590999e-01 6.920678488094099690e-01
5.094999999999999751e+00 1.991015632741556241e-01 2.892986881880806882e-01 6.913270200173695645e-01
5.105000000000000426e+00 1.989035582216417408e-01 2.896345003863718404e-01 6.905254717003685982e-01
5.115000000000000213e+00 1.986862095680153040e-01 2.899744932290682087e-01 6.897158359442602249e-01
5.125000000000000000e+00 1.984496466576709806e-01 2.902875129171174073e-01 6.889721090314477880e-01
5.134999999999999787e+00 1.981940100518315151e-01 2.905665171957685922e-01 6.883105525377875011e-01
5.144999999999999574e+00 1.979194513893644813e-01 2.908374602144888632e-01 6.876693251705010557e-01
5.155000000000000249e+00 1.976261332368840218e-01 2.911203772421849245e-01 6.870010333684705151e-01
5.165000000000000036e+00 1.973142289283463247e-01 2.914325247272995245e-01 6.862652004512703741e-01
5.174999999999999822e+00 1.969839223943593565e-01 2.917967063045239784e-01 6.854086961189912452e-01
5.184999999999999609e+00 1.966354079814428280e-01 2.922043646041763698e-01 6.844524730865073625e-01
5.195000000000000284e+00 1.962688902614865838e-01 2.926338517655647786e-01 6.834479291897653797e-01
5.205000000000000071e+00 1.958845838316691790e-01 2.930722924984943689e-01 6.824254803992686469e-01
5.214999999999999858e+00 1.954827131051102285e-01 2.935062149991990998e-01 6.814165757973669191e-01
5.224999999999999645e+00 1.950635120925426624e-01 2.939609450350968434e-01 6.803624882078176395e-01
5.235000000000000320e+00 1.946272241753018717e-01 2.944946236445059595e-01 6.791295458127837303e-01
5.245000000000000107e+00 1.941741018699403576e-01 2.951273489546118456e-01 6.776735558681088456e-01
5.254999999999999893e+00 1.937044065847855490e-01 2.958172875952984060e-01 6.760930087142706935e-01
5.264999999999999680e+00 1.932184083687704113e-01 2.965127217635539214e-01 6.745073156067975528e-01
5.275000000000000355e+00 1.927163856528731900e-01 2.971457750916586815e-01 6.730703135129795234e-01
5.285000000000000142e+00 1.921986249845136774e-01 2.976874475972289269e-01 6.718455938075024170e-01
5.294999999999999929e+00 1.916654207552593581e-01 2.981633528873186001e-01 6.707732458173143453e-01
5.304999999999999716e+00 1.911170749222041998e-01 2.986261167753784807e-01 6.697337867151004209e-01
5.315000000000000391e+00 1.905538967233878778e-01 2.991722634844694029e-01 6.685111703558120899e-01
5.325000000000000178e+00 1.899762023876313544e-01 2.998610119274794372e-01 6.669756722103287183e-01
5.334999999999999964e+00 1.893843148391679554e-01 3.006717465787035470e-01 6.651772315682085157e-01
5.344999999999999751e+00 1.887785633974566335e-01 3.015401050217834111e-01 6.632616911291183692e-01
5.355000000000000426e+00 1.881592834725666075e-01 3.024054823853002949e-01 6.613636711294023085e-01
5.365000000000000213e+00 1.875268162565267571e-01 3.032182944213718812e-01 6.595908086009710791e-01
5.375000000000000000e+00 1.868815084110357627e-01 3.039572999158705602e-01 6.579871582467540225e-01
5.384999999999999787e+00 1.862237117519329188e-01 3.046380008962542019e-01 6.565169132268264818e-01
5.394999999999999574e+00 1.855537829308287479e-01 3.053128155519551079e-01 6.550658531592690181e-01
5.405000000000000249e+00 1.848720831142975918e-01 3.060461186363340191e-01 6.534962798781787097e-01
5.415000000000000036e+00 1.841789776610342488e-01 3.068723212938661016e-01 6.517368498949002165e-01
5.424999999999999822e+00 1.834748357973751964e-01 3.077723945424973850e-01 6.498308605529723447e-01
5.434999999999999609e+00 1.827600302915868280e-01 3.086865766812591505e-01 6.479063720561916151e-01
5.445000000000000284e+00 1.820349371273184969e-01 3.095508767343961298e-01 6.460973462905290621e-01
5.455000000000000071e+00 1.812999351766182987e-01 3.103280005377200279e-01 6.444793884324022670e-01
5.464999999999999858e+00 1.805554058729055278e-01 3.110305846488876647e-01 6.430235799021936094e-01
5.474999999999999645e+00 1.798017328842910767e-01 3.117543778202810367e-01 6.415306864280675425e-01
5.485000000000000320e+00 1.790393017876327209e-01 3.126019059157286173e-01 6.397913647203293808e-01
5.495000000000000107e+00 1.782684997437081198e-01 3.136096744031527384e-01 6.377354282218195003e-01
5.504999999999999893e+00 1.774897151738819567e-01 3.147531456991914389e-01 6.354185898784927566e-01
5.514999999999999680e+00 1.767033374386404176e-01 3.159177152801997956e-01 6.330762420923821132e-01
5.525000000000000355e+00 1.759097565183576628e-01 3.170054248258372120e-01 6.309040298281330950e-01
5.535000000000000142e+00 1.751093626966534478e-01 3.179269697553727125e-01 6.290752878055264619e-01
5.544999999999999929e+00 1.743025462466933073e-01 3.186379656960193762e-01 6.276715945104922589e-01
5.554999999999999716e+00 1.734896971207756933e-01 3.191508005642308410e-01 6.266630058468204423e-01
5.565000000000000391e+00 1.726712046435415759e-01 3.196221904963949534e-01 6.257387814324982811e-01
5.575000000000000178e+00 1.718474572091340524e-01 3.202662361902257060e-01 6.244804397089419590e-01
5.584999999999999964e+00 1.710188419826251249e-01 3.212311767241732841e-01 6.226045741871779615e-01
5.594999999999999751e+00 1.701857446060196233e-01 3.224884667501835001e-01 6.201772175466061521e-01
5.605000000000000426e+00 1.693485489091343110e-01 3.238608123394567939e-01 6.175492445512942297e-01
5.615000000000000213e+00 1.685076366256410829e-01 3.252340762789830975e-01 6.149417130216136007e-01
5.625000000000000000e+00 1.676633871145520316e-01 3.265136925336553642e-01 6.125317393217285522e-01
5.634999999999999787e+00 1.668161770874141137e-01 3.276520925580355126e-01 6.104035485888891222e-01
5.644999999999999574e+00 1.659663803414693217e-01 3.285167668208486269e-01 6.087969327576721046e-01
5.655000000000000249e+00 1.651143674990246391e-01 3.290646259052303901e-01 6.077833478752572294e-01
5.665000000000000036e+00 1.642605057532656176e-01 3.293786668384082184e-01 6.072038663576204698e-01
5.674999999999999822e+00 1.634051586207333484e-01 3.297900018473250427e-01 6.064465231804971879e-01
5.684999999999999609e+00 1.625486857006752661e-01 3.305386916590842827e-01 6.050728857070653000e-01
5.695000000000000284e+00 1.616914424414653828e-01 3.317166634671253056e-01 6.029241880995254155e-01
5.705000000000000071e+00 1.608337799142789959e-01 3.330911573836531914e-01 6.004362336453162863e-01
5.714999999999999858e+00 1.599760445941925679e-01 3.345381099786479129e-01 5.978392118397665156e-01
5.724999999999999645e+00 1.591185781488692053e-01 3.358562438283602125e-01 5.954928743328954388e-01
5.735000000000000320e+00 1.582617172349747303e-01 3.370642006581182071e-01 5.933587714432437821e-01
5.745000000000000107e+00 1.574057933024592681e-01 3.380540100523302671e-01 5.916214393346208578e-01
5.754999999999999893e+00 1.565511324068231125e-01 3.387663467011204910e-01 5.903774148394135279e-01
5.764999999999999680e+00 1.556980550294768673e-01 3.392671062348319722e-01 5.895060155391697032e-01
5.775000000000000355e+00 1.548468759062894551e-01 3.398321734662450577e-01 5.885257948358020297e-01
5.785000000000000142e+00 1.539979038644070375e-01 3.406379134318271995e-01 5.871337044812733330e-01
5.794999999999999929e+00 1.531514416674114865e-01 3.417684425688344296e-01 5.851915364003178466e-01
5.804999999999999716e+00 1.523077858688766384e-01 3.430428621053174809e-01 5.830175237361390206e-01
5.815000000000000391e+00 1.514672266743653795e-01 3.443559402738671227e-01 5.807943950115671550e-01
5.825000000000000178e+00 1.506300478119007025e-01 3.455196157486055686e-01 5.788383376344015119e-01
5.834999999999999964e+00 1.497965264109290262e-01 3.465284027462429695e-01 5.771532677119592947e-01
5.844999999999999751e+00 1.489669328897848533e-01 3.472462442617457179e-01 5.759601530758239329e-01
5.855000000000000426e+00 1.481415308516512153e-01 3.476421904634337534e-01 5.753041647027498096e-01
5.865000000000000213e+00 1.473205769890010564e-01 3.479425499915529407e-01 5.748075364880077531e-01
5.875000000000000000e+00 1.465043209964901061e-01 3.484651970543420352e-01 5.739454088690832956e-01
5.884999999999999787e+00 1.456930054922645490e-01 3.493938815454425417e-01 5.724198692757812568e-01
5.894999999999999574e+00 1.448868659476322818e-01 3.506043543483319258e-01 5.704435712777722323e-01
5.905000000000000249e+00 1.440861306250372231e-01 3.519487711687823150e-01 5.682645213842414389e-01
5.915000000000000036e+00 1.432910205242666768e-01 3.532850647499333196e-01 5.661150723752405023e-01
5.924999999999999822e+00 1.425017493368084254e-01 3.544882494484907776e-01 5.641935954468391134e-01
5.934999999999999609e+00 1.417185234082686818e-01 3.555981517338584474e-01 5.624326195870857914e-01
5.945000000000000284e+00 1.409415417087490352e-01 3.565104185835722972e-01 5.609934228419092284e-01
5.955000000000000071e+00 1.401709958110725629e-01 3.571477735441522805e-01 5.599922911888881583e-01
5.964999999999999858e+00 1.394070698767403416e-01 3.575136433888920218e-01 5.594192101431114672e-01
5.974999999999999645e+00 1.386499406494915432e-01 3.578669557565932191e-01 5.588669106851876789e-01
5.985000000000000320e+00 1.378997774563313072e-01 3.584268739060081366e-01 5.579938742328983681e-01
5.995000000000000107e+00 1.371567422158833649e-01 3.593327958212320095e-01 5.565871034479690227e-01
6.004999999999999893e+00 1.364209894539162859e-01 3.604357934092726201e-01 5.548838479892623798e-01
6.014999999999999680e+00 1.356926663258863353e-01 3.616301650879170104e-01 5.530512089647648954e-01
6.025000000000000355e+00 1.349719126463322372e-01 3.627161702374292473e-01 5.513953234262554126e-01
6.035000000000000142e+00 1.342588609249517895e-01 3.636447695468855157e-01 5.499872863542275558e-01
6.044999999999999929e+00 1.335536364091824413e-01 3.643374176807196441e-01 5.489416960606179341e-01
6.054999999999999716e+00 1.328563571331058957e-01 3.646625117083955314e-01 5.484523184547447361e-01
6.065000000000000391e+00 1.321671339724884431e-01 3.648212540974769547e-01 5.482136738298745149e-01
6.075000000000000178e+00 1.314860707057657063e-01 3.652557927644939362e-01 5.475614732521273398e-01
6.084999999999999964e+00 1.308132640807757596e-01 3.661148808022027801e-01 5.462766210479491624e-01
6.094999999999999751e+00 1.301488038870411978e-01 3.671764987090531118e-01 5.446971707153783759e-01
6.105000000000000426e+00 1.294927730333965687e-01 3.684527975871662586e-01 5.428103716669032686e-01
6.115000000000000213e+00 1.288452476307549166e-01 3.696094270347995980e-01 5.411117395043323341e-01
6.125000000000000000e+00 1.282062970798042156e-01 3.704970357375414469e-01 5.398153850323358371e-01
6.134999999999999787e+00 1.275759841634227787e-01 3.711895222772734759e-01 5.388083121877635939e-01
6.145000000000000462e+00 1.269543651435999509e-01 3.714981449009647219e-01 5.383606963994845840e-01
6.155000000000000249e+00 1.263414898626478988e-01 3.714220686305347852e-01 5.384709657598356625e-01
6.165000000000000036e+00 1.257374018484874179e-01 3.713913939501132244e-01 5.385154402012470864e-01
6.174999999999999822e+00 1.251421384237926815e-01 3.718025807267819616e-01 5.379198810536751640e-01
6.184999999999999609e+00 1.245557308187761059e-01 3.726710839423384436e-01 5.366662685075535011e-01
6.195000000000000284e+00 1.239782042873973783e-01 3.738464576181957932e-01 5.349789891663417896e-01
6.205000000000000071e+00 1.234095782267789487e-01 3.752444793080655372e-01 5.329858559646001304e-01
6.214999999999999858e+00 1.228498662996115876e-01 3.762626667470542197e-01 5.315435669690070641e-01
6.224999999999999645e+00 1.222990765593351126e-01 3.770083991886071240e-01 5.304921599371196228e-01
6.235000000000000320e+00 1.217572115778796094e-01 3.774803854112213086e-01 5.298288539737583402e-01
6.245000000000000107e+00 1.212242685757547733e-01 3.775102510513700937e-01 5.297869380844569820e-01
6.254999999999999893e+00 1.207002395542761952e-01 3.773326086951196423e-01 5.300363535810860283e-01
6.264999999999999680e+00 1.201851114297206036e-01 3.773338131959281250e-01 5.300346616330174898e-01
6.275000000000000355e+00 1.196788661692032157e-01 3.777958874712764037e-01 5.293863872861926945e-01
6.285000000000000142e+00 1.191814809280743181e-01 3.786409537791755042e-01 5.282048811778574660e-01
6.294999999999999929e+00 1.186929281886336118e-01 3.798063936270029695e-01 5.265840790358424783e-01
6.304999999999999716e+00 1.182131758999659527e-01 3.811945755095634825e-01 5.246664376916936323e-01
6.315000000000000391e+00 1.177421876187038086e-01 3.821467908540946978e-01 5.233590986149635471e-01
6.325000000000000178e+00 1.172799226505265302e-01 3.827596072131017046e-01 5.225211757745635843e-01
6.334999999999999964e+00 1.168263361922093901e-01 3.830987739097111988e-01 5.220585750220543275e-01
6.344999999999999751e+00 1.163813794740407304e-01 3.830196679139677429e-01 5.221663970658634302e-01
6.355000000000000426e+00 1.159449999024283889e-01 3.826340812852841999e-01 5.226925926937597833e-01
6.365000000000000213e+00 1.155171412025220168e-01 3.823472611404097332e-01 5.230846937505688743e-01
6.375000000000000000e+00 1.150977435606814619e-01 3.823603747177796164e-01 5.230667538382347548e-01
6.384999999999999787e+00 1.146867437666275052e-01 3.827469949386220760e-01 5.225383938862075972e-01
6.395000000000000462e+00 1.142840753551143951e-01 3.833929465774155165e-01 5.216580059320824470e-01
6.405000000000000249e+00 1.138896687469701657e-01 3.843319147043703921e-01 5.203835339925928505e-01
6.415000000000000036e+00 1.135034513893543456e-01 3.855271177045531128e-01 5.187702519885231123e-01
6.424999999999999822e+00 1.131253478950891289e-01 3.864027370348203649e-01 5.175946773430261105e-01
6.434999999999999609e+00 1.127552801809245386e-01 3.870065529931649428e-01 5.167871149807953257e-01
6.445000000000000284e+00 1.123931676046035361e-01 3.874831164700006658e-01 5.161515211863023644e-01
6.455000000000000071e+00 1.120389271005988174e-01 3.878372005014517065e-01 5.156802899294117282e-01
6.464999999999999858e+00 1.116924733143978138e-01 3.879736848324811804e-01 5.154988799984095982e-01
6.474999999999999645e+00 1.113537187352187097e-01 3.879442922489685919e-01 5.155379367500714238e-01
6.485000000000000320e+00 1.110225738270451123e-01 3.879775049814613297e-01 5.154938042337185999e-01
6.495000000000000107e+00 1.106989471578731232e-01 3.881992211953833039e-01 5.151993849553311300e-01
6.504999999999999893e+00 1.103827455270690594e-01 3.884876078269470234e-01 5.148169361661868448e-01
6.514999999999999680e+00 1.100738740907435120e-01 3.887057678492287227e-01 5.145279966043005970e-01
6.525000000000000355e+00 1.097722364850506199e-01 3.888993129213429434e-01 5.142719294041312450e-01
6.535000000000000142e+00 1.094777349473291528e-01 3.892606554437171296e-01 5.137945415316135245e-01
6.544999999999999929e+00 1.091902704350053988e-01 3.897578810480425981e-01 5.131390787075514881e-01
6.554999999999999716e+00 1.089097427421854697e-01 3.904436094961229453e-01 5.122378626150518866e-01
6.565000000000000391e+00 1.086360506138678850e-01 3.912517034044891151e-01 5.111798830770413193e-01
6.575000000000000178e+00 1.083690918577145390e-01 3.917699117919256624e-01 5.105037267543474089e-01
6.584999999999999964e+00 1.081087634533216130e-01 3.920917331601125877e-01 5.100847150947939168e-01
6.594999999999999751e+00 1.078549616589391108e-01 3.922330920281285604e-01 5.099008830842279849e-01
6.605000000000000426e+00 1.076075821155910994e-01 3.921518508154170912e-01 5.100065180978541335e-01
6.615000000000000213e+00 1.073665199485549365e-01 3.919952065555226683e-01 5.102103205735801783e-01
6.625000000000000000e+00 1.071316698661620576e-01 3.919973347273357778e-01 5.102075506179534203e-01
6.634999999999999787e+00 1.069029262558882087e-01 3.922353303418286141e-01 5.098979733052152463e-01
6.645000000000000462e+00 1.066801832777054815e-01 3.926477975959459243e-01 5.093623375058630165e-01
6.655000000000000249e+00 1.064633349546732222e-01 3.932410490083917409e-01 5.085939031653128328e-01
6.665000000000000036e+00 1.062522752607493598e-01 3.937098580292196504e-01 5.079882962573845084e-01
6.674999999999999822e+00 1.060468982058083709e-01 3.939760879131276039e-01 5.076450224666942956e-01
6.684999999999999609e+00 1.058470979178561255e-01 3.940828347156262734e-01 5.075075146176356577e-01
6.695000000000000284e+00 1.056527687224360079e-01 3.939990777534504995e-01 5.076154013871888582e-01
6.705000000000000071e+00 1.054638052192251457e-01 3.938746881085213314e-01 5.077757115097873974e-01
6.714999999999999858e+00 1.052801023558228577e-01 3.939052326720652863e-01 5.077363370963502431e-01
6.724999999999999645e+00 1.051015554987378975e-01 3.941239899662902779e-01 5.074545196223811949e-01
6.735000000000000320e+00 1.049280605015842222e-01 3.944961622727689576e-01 5.069757810767060446e-01
6.745000000000000107e+00 1.047595137704988161e-01 3.950909781520654529e-01 5.062125208108968488e-01
6.754999999999999893e+00 1.045958123267980572e-01 3.955694193998126607e-01 5.056002567222078747e-01
6.764999999999999680e+00 1.044368538668930951e-01 3.957881843805224342e-01 5.053207950435278928e-01
6.775000000000000355e+00 1.042825368194869595e-01 3.958829955525981492e-01 5.051997742939868807e-01
6.785000000000000142e+00 1.041327604000795992e-01 3.958139235784007282e-01 5.052879347746973560e-01
6.794999999999999929e+00 1.039874246628096771e-01 3.955772611322281307e-01 5.055902339471094464e-01
6.804999999999999716e+00 1.038464305496646367e-01 3.953988882410012784e-01 5.058183165100280654e-01
6.815000000000000391e+00 1.037096799370930966e-01 3.953945810177663667e-01 5.058238266320937981e-01
6.825000000000000178e+00 1.035770756800559467e-01 3.955409596943607609e-01 5.056366353425000293e-01
6.834999999999999964e+00 1.034485216535547120e-01 3.958151353884629686e-01 5.052863878075681825e-01
6.844999999999999751e+00 1.033239227916782355e-01 3.963127162749763843e-01 5.046519876521767811e-01
6.855000000000000426e+00 1.032031851242098813e-01 3.968773504579071187e-01 5.039340233682900738e-01
6.865000000000000213e+00 1.030862158108403898e-01 3.971499471083698718e-01 5.035881320297047603e-01
6.875000000000000000e+00 1.029729231730319855e-01 3.972930853096084403e-01 5.034066974615001300e-01
6.884999999999999787e+00 1.028632167235819656e-01 3.973243641621318489e-01 5.033670674129315792e-01
6.895000000000000462e+00 1.027570071939348240e-01 3.972396251628520503e-01 5.034744454760980981e-01
6.905000000000000249e+00 1.026542065592932484e-01 3.970676396651471873e-01 5.036925199159086874e-01
6.915000000000000036e+00 1.025547280615797252e-01 3.970051724593877673e-01 5.037717739570743980e-01
6.924999999999999822e+00 1.024584862303016680e-01 3.970533981524058675e-01 5.037105863610605860e-01
6.934999999999999609e+00 1.023653969013731818e-01 3.972086651561974047e-01 5.035136882559007043e-01
6.945000000000000284e+00 1.022753772339484446e-01 3.974598321567429648e-01 5.031955025863535935e-01
6.955000000000000071e+00 1.021883457253213029e-01 3.977755976981809383e-01 5.027960517370737570e-01
6.964999999999999858e+00 1.021042222239470776e-01 3.979567752317104690e-01 5.025671440913399568e-01
6.974999999999999645e+00 1.020229279406426326e-01 3.980644949096094343e-01 5.024311450972662740e-01
6.985000000000000320e+00 1.019443854580210640e-01 3.980831554066318612e-01 5.024075931967155739e-01
6.995000000000000107e+00 1.018685187382180474e-01 3.980329920645499509e-01 5.024709106715594675e-01
7.004999999999999893e+00 1.017952531289664231e-01 3.979998228623875534e-01 5.025127864671237177e-01
7.014999999999999680e+00 1.017245153680762237e-01 3.980546909157501867e-01 5.024435198587592355e-01
7.025000000000000355e+00 1.016562335863770566e-01 3.981860258289275922e-01 5.022777973778664862e-01
7.035000000000000142e+00 1.015903373091796014e-01 3.983988273642358191e-01 5.020095097246612958e-01
7.044999999999999929e+00 1.015267574563127884e-01 3.986561836619045285e-01 5.016854327026257776e-01
7.054999999999999716e+00 1.014654263407932799e-01 3.987603780864843461e-01 5.015543443903131005e-01
7.065000000000000391e+00 1.014062776661828480e-01 3.987857147774084843e-01 5.015224783356010407e-01
7.075000000000000178e+00 1.013492465226895484e-01 3.987360538227687767e-01 5.015849409215864529e-01
7.084999999999999964e+00 1.012942693820674672e-01 3.985759518352935959e-01 5.017864200764612370e-01
7.094999999999999751e+00 1.012412840913697737e-01 3.983293494732030315e-01 5.020970718439482505e-01
7.105000000000000426e+00 1.011902298656086469e-01 3.982423725684534621e-01 5.022067308159736676e-01
7.115000000000000213e+00 1.011410472793755067e-01 3.982541355528108062e-01 5.021918974485548581e-01
7.125000000000000000e+00 1.010936782574736736e-01 3.983279619413909733e-01 5.020988208440850809e-01
7.134999999999999787e+00 1.010480660646154161e-01 3.985010998807537175e-01 5.018806724996428548e-01
7.145000000000000462e+00 1.010041552942338439e-01 3.988509901936136415e-01 5.014403998418414110e-01
7.155000000000000249e+00 1.009618918564596235e-01 3.992606688304539131e-01 5.009258752830723083e-01
7.165000000000000036e+00 1.009212229653116133e-01 3.994258360138190911e-01 5.007187366644969551e-01
7.174999999999999822e+00 1.008820971251491588e-01 3.994721330159932693e-01 5.006607056417444745e-01
7.184999999999999609e+00 1.008444641164332189e-01 3.994617151675317057e-01 5.006737627312326522e-01
7.195000000000000284e+00 1.008082749808420914e-01 3.993730503328741799e-01 5.007849173430747314e-01
7.205000000000000071e+00 1.007734820057868963e-01 3.991542722461512427e-01 5.010593996014243157e-01
7.214999999999999858e+00 1.007400387083701859e-01 3.989062425885210872e-01 5.013709454687667044e-01
7.224999999999999645e+00 1.007078998188307845e-01 3.988391733890198076e-01 5.014552565149461572e-01
7.235000000000000320e+00 1.006770212635162004e-01 3.988529036505463754e-01 5.014379942316512517e-01
7.245000000000000107e+00 1.006473601474229679e-01 3.989278027336083943e-01 5.013438487604079397e-01
7.254999999999999893e+00 1.006188747363443159e-01 3.990799525398956438e-01 5.011527106965018019e-01
7.264999999999999680e+00 1.005915244386631907e-01 3.993677461937627515e-01 5.007915684381915034e-01
7.275000000000000355e+00 1.005652697868274353e-01 3.996622861741758737e-01 5.004224989916573607e-01
7.285000000000000142e+00 1.005400724185429584e-01 3.997870140426193486e-01 5.002663742816793047e-01
7.294999999999999929e+00 1.005158950577193788e-01 3.998383529994359864e-01 5.002021404391943094e-01
7.304999999999999716e+00 1.004927014952015085e-01 3.998308440352379423e-01 5.002115344117213924e-01
7.315000000000000391e+00 1.004704565693186752e-01 3.997545543657308742e-01 5.003069954195501490e-01
7.325000000000000178e+00 1.004491261462830826e-01 3.995706647875141293e-01 5.005372456618082389e-01
7.334999999999999964e+00 1.004286771004667955e-01 3.993845511945374183e-01 5.007704965097196093e-01
7.344999999999999751e+00 1.004090772945859800e-01 3.993300752846221102e-01 5.008388107443453308e-01
7.355000000000000426e+00 1.003902955598199587e-01 3.993417900843290180e-01 5.008241185020130271e-01
7.365000000000000213e+00 1.003723016758911596e-01 3.993929310170482028e-01 5.007599896440404486e-01
7.375000000000000000e+00 1.003550663511312557e-01 3.995033278400147436e-01 5.006216120434723305e-01
7.384999999999999787e+00 1.003385612025574358e-01 3.997154350336486472e-01 5.003559594419056955e-01
7.395000000000000462e+00 1.003227587359816347e-01 3.999365067169903254e-01 5.000793792038777941e-01
7.405000000000000249e+00 1.003076323261746228e-01 4.000069366944927762e-01 4.999913292822493749e-01
7.415000000000000036e+00 1.002931561971054930e-01 4.000103497684427412e-01 4.999870631241807861e-01
7.424999999999999822e+00 1.002793054022763503e-01 3.999884753627164780e-01 5.000144062116703703e-01
7.434999999999999609e+00 1.002660558051705758e-01 3.999227259419393388e-01 5.000966112364315652e-01
7.445000000000000284e+00 1.002533840598324594e-01 3.997815417102957292e-01 5.002732220812018404e-01
7.455000000000000071e+00 1.002412675915945323e-01 3.996594427317532450e-01 5.004260593293117232e-01
7.464999999999999858e+00 1.002296845779682560e-01 3.996282373861241854e-01 5.004651355673805924e-01
7.474999999999999645e+00 1.002186139297126383e-01 3.996309718737842687e-01 5.004617111187421585e-01
7.485000000000000320e+00 1.002080352720945144e-01 3.996491216657053758e-01 5.004389829919207999e-01
7.495000000000000107e+00 1.001979289263530970e-01 3.997070103922027995e-01 5.003665054654780064e-01
7.504999999999999893e+00 1.001882758913807264e-01 3.998064765501562756e-01 5.002420214043474811e-01
7.514999999999999680e+00 1.001790578256308017e-01 3.998418558243534426e-01 5.001977584054082548e-01
7.525000000000000355e+00 1.001702570292630351e-01 3.998399273738191262e-01 5.002001708874251884e-01
7.535000000000000142e+00 1.001618564265353284e-01 3.998080940072643585e-01 5.002399976333797849e-01
7.544999999999999929e+00 1.001538395484507932e-01 3.997533628348045043e-01 5.003084866671871911e-01
7.554999999999999716e+00 1.001461905156676852e-01 3.996579360421700922e-01 5.004279459094662652e-01
7.565000000000000391e+00 1.001388940216793449e-01 3.995640423288291387e-01 5.005455416716553252e-01
7.575000000000000178e+00 1.001319353162703207e-01 3.995478684665990654e-01 5.005658039612826959e-01
7.584999999999999964e+00 1.001253001892544320e-01 3.995629627784320070e-01 5.005468940596107252e-01
7.594999999999999751e+00 1.001189749544995483e-01 3.996153545382361560e-01 5.004812696226453861e-01
7.605000000000000426e+00 1.001129464342436076e-01 3.997028551715526845e-01 5.003717071627119539e-01
7.615000000000000213e+00 1.001072019437054400e-01 3.998462897039775643e-01 5.001922117323337469e-01
7.625000000000000000e+00 1.001017292759934507e-01 3.999715518481274379e-01 5.000355627190747887e-01
7.634999999999999787e+00 1.000965166873149514e-01 4.000373468234043051e-01 4.999533208290415365e-01
7.645000000000000462e+00 1.000915528824878470e-01 4.000778048499162853e-01 4.999027628514090549e-01
7.655000000000000249e+00 1.000868270007563982e-01 4.000853264396502240e-01 4.998933646974640377e-01
7.665000000000000036e+00 1.000823286019119074e-01 4.000617501232768825e-01 4.999228242599325633e-01
7.674999999999999822e+00 1.000780476527190765e-01 3.999992778791238157e-01 5.000009026527247880e-01
7.684999999999999609e+00 1.000739745136477871e-01 3.999370470765755692e-01 5.000787035408255088e-01
7.695000000000000284e+00 1.000700999259103163e-01 3.999121342411823266e-01 5.001098563300466759e-01
7.705000000000000071e+00 1.000664149988030882e-01 3.999096352789229813e-01 5.001129814251837891e-01
7.714999999999999858e+00 1.000629111973518753e-01 3.999260059395385314e-01 5.000925096884956123e-01
7.724999999999999645e+00 1.000595803302588988e-01 3.999507450437245204e-01 5.000615762776865481e-01
7.735000000000000320e+00 1.000564145381503262e-01 3.999923982195489058e-01 5.000095024061519400e-01
7.745000000000000107e+00 1.000534062821216569e-01 4.000196363618078732e-01 4.999754557526394638e-01
7.754999999999999893e+00 1.000505483325789119e-01 4.000211203457839093e-01 4.999736009616622123e-01
7.764999999999999680e+00 1.000478337583727284e-01 4.000091741548547075e-01 4.999885325694415905e-01
7.775000000000000355e+00 1.000452559162226529e-01 3.999794754398512953e-01 5.000256570166833336e-01
7.785000000000000142e+00 1.000428084404281354e-01 3.999388852589875198e-01 5.000764050999603194e-01
7.794999999999999929e+00 1.000404852328631716e-01 3.998985585412554444e-01 5.001268339889928249e-01
7.804999999999999716e+00 1.000382804532507774e-01 3.998722054834690787e-01 5.001597941977192763e-01
7.815000000000000391e+00 1.000361885097135334e-01 3.998653875183887374e-01 5.001683222477028012e-01
7.825000000000000178e+00 1.000342040495963425e-01 3.998742386747237698e-01 5.001572510968611551e-01
7.834999999999999964e+00 1.000323219505571820e-01 3.998834270692633308e-01 5.001457586422011214e-01
7.844999999999999751e+00 1.000305373119216301e-01 3.998849078692285897e-01 5.001439065697486086e-01
7.855000000000000426e+00 1.000288454462968379e-01 3.998629868069482618e-01 5.001713251758381773e-01
7.865000000000000213e+00 1.000272418714403810e-01 3.998364866288235953e-01 5.002044753000846056e-01
7.875000000000000000e+00 1.000257223023794523e-01 3.998030518777793696e-01 5.002463064267463899e-01
7.884999999999999787e+00 1.000242826437756777e-01 3.997757552934670944e-01 5.002804631140879144e-01
7.895000000000000462e+00 1.000229189825308368e-01 3.997812300192408186e-01 5.002736121212452147e-01
7.905000000000000249e+00 1.000216275806286442e-01 3.998062227477695574e-01 5.002423389647348007e-01
7.915000000000000036e+00 1.000204048682078184e-01 3.998567987498621856e-01 5.001790656687413739e-01
7.924999999999999822e+00 1.000192474368613027e-01 3.999330541357885571e-01 5.000836963380735911e-01
7.935000000000000497e+00 1.000181520331570040e-01 4.000263610048139240e-01 4.999670509154100495e-01
7.945000000000000284e+00 1.000171155523748301e-01 4.001464504963246349e-01 4.998170038792760228e-01
7.955000000000000071e+00 1.000161350324551834e-01 4.002491711966828514e-01 4.996887299030028373e-01
7.964999999999999858e+00 1.000152076481538865e-01 4.003112486331036890e-01 4.996112417098364511e-01
7.974999999999999645e+00 1.000143307053985992e-01 4.003399883106411039e-01 4.995753755300891275e-01
7.985000000000000320e+00 1.000135016358416756e-01 4.003507115679587058e-01 4.995619945739759871e-01
7.995000000000000107e+00 1.000127179916046466e-01 4.003422564626810676e-01 4.995725451695942065e-01
8.005000000000000782e+00 1.000119774402092876e-01 4.003127893742126076e-01 4.996093187845664918e-01
8.015000000000000568e+00 1.000112777596903896e-01 4.002552338826232958e-01 4.996811610929513536e-01
8.025000000000000355e+00 1.000106168338854434e-01 4.001673747170270690e-01 4.997908691117742830e-01
8.035000000000000142e+00 1.000099926478964368e-01 4.000933579093681747e-01 4.998833298434945394e-01
8.045000000000001705e+00 1.000094032837188091e-01 4.000511251235648880e-01 4.999361017625571502e-01
8.055000000000001492e+00 1.000088469160331089e-01 4.000070231231377949e-01 4.999912212502133912e-01
8.065000000000001279e+00 1.000083218081545128e-01 3.999721282273572820e-01 5.000348421435841795e-01
8.075000000000001066e+00 1.000078263081356916e-01 3.999495422064434647e-01 5.000630801991648999e-01
8.085000000000000853e+00 1.000073588450184209e-01 3.999490819105823713e-01 5.000636557148404604e-01
8.095000000000000639e+00 1.000069179252295465e-01 3.999705682563015618e-01 5.000367923867833353e-01
8.105000000000000426e+00 1.000065021291168255e-01 4.000172598015229730e-01 4.999784261789959605e-01
8.115000000000000213e+00 1.000061101076204079e-01 4.000696145430132078e-01 4.999129969629251824e-01
8.125000000000001776e+00 1.000057405790755888e-01 4.000926758843085240e-01 4.998841819784582974e-01
8.135000000000001563e+00 1.000053923261427363e-01 4.000936358422689798e-01 4.998829825897232459e-01
8.145000000000001350e+00 1.000050641928603434e-01 4.000752781936940394e-01 4.999059199633205108e-01
8.155000000000001137e+00 1.000047550818170261e-01 4.000303329405625608e-01 4.999620866993515489e-01
8.165000000000000924e+00 1.000044639514387490e-01 3.999666118081241506e-01 5.000417387237960920e-01
8.175000000000000711e+00 1.000041898133871843e-01 3.998755350424167410e-01 5.001556296230651455e-01
8.185000000000000497e+00 1.000039317300656233e-01 3.997478119427551047e-01 5.003154339432395181e-01
8.195000000000000284e+00 1.000036888122287915e-01 3.996323159994980556e-01 5.004600278628398291e-01
8.205000000000000071e+00 1.000034602166926939e-01 3.995844379352916920e-01 5.005199928040936497e-01
8.215000000000001634e+00 1.000032451441412729e-01 3.995860789933983748e-01 5.005179372209916933e-01
8.225000000000001421e+00 1.000030428370263513e-01 3.996161187248430391e-01 5.004803125514329931e-01
8.235000000000001208e+00 1.000028525775574634e-01 3.996777312313765096e-01 5.004031607760965894e-01
8.245000000000000995e+00 1.000026736857783372e-01 3.997708550789705884e-01 5.002865953309479918e-01
8.255000000000000782e+00 1.000025055177269639e-01 3.998874757269226810e-01 5.001406949203307528e-01
8.265000000000000568e+00 1.000023474636760057e-01 4.000330587721288023e-01 4.999586799498143552e-01
8.275000000000000355e+00 1.000021989464506822e-01 4.001354618639029193e-01 4.998307299941975868e-01
8.285000000000000142e+00 1.000020594198210988e-01 4.001940927552680716e-01 4.997575017238113926e-01
8.295000000000001705e+00 1.000019283669663361e-01 4.002141442025096696e-01 4.997324629756197401e-01
8.305000000000001492e+00 1.000018052990072903e-01 4.002098774294790551e-01 4.997377907926373042e-01
8.315000000000001279e+00 1.000016897536059601e-01 4.001866504051610485e-01 4.997667958126888466e-01
8.325000000000001066e+00 1.000015812936282111e-01 4.001449961064963978e-01 4.998188205426692399e-01
8.335000000000000853e+00 1.000014795058677547e-01 4.000804819069249674e-01 4.998994178539510891e-01
8.345000000000000639e+00 1.000013839998288440e-01 4.000507809331753095e-01 4.999365318909553824e-01
8.355000000000000426e+00 1.000012944065652581e-01 4.000486184626245723e-01 4.999392343075556577e-01
8.365000000000000213e+00 1.000012103775734240e-01 4.000564951510007794e-01 4.999293910339095426e-01
8.375000000000001776e+00 1.000011315837372738e-01 4.000813402159104082e-01 4.998983454016294736e-01
8.385000000000001563e+00 1.000010577143230078e-01 4.001108155736977645e-01 4.998615188975348844e-01
8.395000000000001350e+00 1.000009884760212908e-01 4.001501349443954969e-01 4.998124017321444179e-01
8.405000000000001137e+00 1.000009235920353012e-01 4.002084908035830613e-01 4.997395222635526713e-01
8.415000000000000924e+00 1.000008628012123701e-01 4.002312567233552998e-01 4.997110961232156812e-01
8.425000000000000711e+00 1.000008058572176006e-01 4.002279861072566836e-01 4.997151797036057941e-01
8.435000000000000497e+00 1.000007525277474829e-01 4.002143195356439587e-01 4.997322440437755864e-01
8.445000000000000284e+00 1.000007025937819233e-01 4.001927891423536776e-01 4.997591296650211734e-01
8.455000000000000071e+00 1.000006558488729241e-01 4.001595391424867532e-01 4.998006555799861528e-01
8.465000000000001634e+00 1.000006120984683056e-01 4.001172598806039815e-01 4.998534681050263440e-01
8.475000000000001421e+00 1.000005711592690527e-01 4.000633902466785297e-01 4.999207747469227026e-01
8.485000000000001208e+00 1.000005328586185960e-01 3.999890492759152205e-01 5.000136887798610763e-01
8.495000000000000995e+00 1.000004970339227750e-01 3.998941574862034387e-01 5.001323381597544415e-01
8.505000000000000782e+00 1.000004635320989321e-01 3.998238583338257213e-01 5.002202740813270765e-01
8.515000000000000568e+00 1.000004322090530390e-01 3.997714383908771985e-01 5.002858653560179336e-01
8.525000000000000355e+00 1.000004029291832741e-01 3.997309460928570313e-01 5.003365437549592842e-01
8.535000000000000142e+00 1.000003755649091775e-01 3.997070661603659425e-01 5.003664356530496127e-01
8.545000000000001705e+00 1.000003499962249104e-01 3.997112278310770983e-01 5.003612259911860427e-01
8.555000000000001492e+00 1.000003261102756363e-01 3.997356042577617785e-01 5.003307132757528475e-01
8.565000000000001279e+00 1.000003038009559114e-01 3.997722979947095356e-01 5.002847896245345982e-01
8.575000000000001066e+00 1.000002829685290723e-01 3.998150468049264661e-01 5.002312984423067377e-01
8.585000000000000853e+00 1.000002635192665801e-01 3.998446067481910005e-01 5.001943170536583549e-01
8.595000000000000639e+00 1.000002453651063494e-01 3.998572161194792751e-01 5.001785435835152116e-01
8.605000000000000426e+00 1.000002284233292432e-01 3.998448917465159957e-01 5.001939605290522950e-01
8.615000000000000213e+00 1.000002126162527621e-01 3.998232327797739960e-01 5.002210567142347797e-01
8.625000000000001776e+00 1.000001978709411377e-01 3.998107238290608545e-01 5.002367072212651200e-01
8.635000000000001563e+00 1.000001841189309681e-01 3.998182531343269508e-01 5.002272868537745998e-01
8.645000000000001350e+00 1.000001712959717737e-01 3.998535330962351142e-01 5.001831506934936167e-01
8.655000000000001137e+00 1.000001593417804702e-01 3.999204869857166389e-01 5.000994110290306605e-01
8.665000000000000924e+00 1.000001481998094577e-01 4.000167959658693095e-01 4.999790059242028573e-01
8.675000000000000711e+00 1.000001378170271432e-01 4.001254966374615529e-01 4.998431784046303283e-01
8.685000000000000497e+00 1.000001281437108008e-01 4.002171120234738200e-01 4.997287571958429209e-01
8.695000000000000284e+00 1.000001191332507006e-01 4.002851913545189544e-01 4.996437647948530625e-01
8.705000000000001847e+00 1.000001107419651730e-01 4.003232264920729699e-01 4.995962931068160806e-01
8.715000000000001634e+00 1.000001029289260546e-01 4.003159788784119155e-01 4.996053381639958824e-01
8.725000000000001421e+00 1.000000956557937498e-01 4.002661442625666810e-01 4.996675408770119842e-01
8.735000000000001208e+00 1.000000888866618004e-01 4.001779033313858647e-01 4.997777196967838065e-01
8.745000000000000995e+00 1.000000825879100441e-01 4.000765494208902151e-01 4.999043315323017378e-01
8.755000000000000782e+00 1.000000767280661840e-01 3.999804584821330389e-01 5.000244280907386596e-01
8.765000000000000568e+00 1.000000712776753092e-01 3.999131318098142485e-01 5.001086088243622552e-01
8.775000000000000355e+00 1.000000662091767856e-01 3.998778223921563568e-01 5.001527686720818044e-01
8.785000000000000142e+00 1.000000614967882923e-01 3.998924112985018930e-01 5.001345220595069252e-01
8.795000000000001705e+00 1.000000571163965346e-01 3.999437166761849460e-01 5.000703640555761442e-01
8.805000000000001492e+00 1.000000530454543124e-01 4.000286437412207130e-01 4.999641978872402803e-01
8.815000000000001279e+00 1.000000492628835835e-01 4.001013545053002662e-01 4.998733389625416579e-01
8.825000000000001066e+00 1.000000457489841482e-01 4.001252178971854145e-01 4.998435266116899034e-01
8.835000000000000853e+00 1.000000424853477732e-01 4.001154168052921678e-01 4.998557706096234954e-01
8.845000000000000639e+00 1.000000394547773258e-01 4.000708686666215597e-01 4.999114298588425709e-01
8.855000000000000426e+00 1.000000366412107239e-01 3.999903041686598826e-01 5.000121200829609203e-01
8.865000000000000213e+00 1.000000340296494095e-01 3.998774071453858880e-01 5.001532880483162691e-01
8.875000000000001776e+00 1.000000316060910277e-01 3.997246384304961042e-01 5.003444390750907411e-01
8.885000000000001563e+00 1.000000293574662968e-01 3.995920826726458985e-01 5.005104171792216228e-01
8.895000000000001350e+00 1.000000272715794725e-01 3.995263668013938063e-01 5.005927433555864559e-01
8.905000000000001137e+00 1.000000253370525866e-01 3.995231878921347568e-01 5.005967264508236481e-01
8.915000000000000924e+00 1.000000235432729617e-01 3.995707282722208986e-01 5.005371661353114066e-01
8.925000000000000711e+00 1.000000218803439589e-01 3.996562116034717560e-01 5.004301051585673399e-01
8.935000000000000497e+00 1.000000203390387782e-01 3.997925659194351833e-01 5.002594271357795330e-01
8.945000000000000284e+00 1.000000189107569659e-01 3.999500116872455879e-01 5.000624932007672330e-01
8.955000000000001847e+00 1.000000175874837666e-01 4.001259646463735109e-01 4.998425937610861958e-01
8.965000000000001634e+00 1.000000163617518895e-01 4.002606347012526156e-01 4.996744187678521798e-01
8.975000000000001421e+00 1.000000152266056208e-01 4.003422390312993406e-01 4.995725669215825837e-01
8.985000000000001208e+00 1.000000141755672811e-01 4.003779459985562506e-01 4.995280134653600768e-01
8.995000000000000995e+00 1.000000132026057087e-01 4.003777435152389708e-01 4.995282660920129514e-01
9.005000000000000782e+00 1.000000123021067139e-01 4.003525578862314194e-01 4.995596907284758914e-01
9.015000000000000568e+00 1.000000114688454345e-01 4.003077276687267982e-01 4.996156361125990708e-01
9.025000000000000355e+00 1.000000106979603842e-01 4.002338650742079396e-01 4.997078394725986694e-01
9.035000000000000142e+00 1.000000099849292640e-01 4.001338334165825406e-01 4.998327641836235458e-01
9.045000000000001705e+00 1.000000093255461464e-01 4.000868832491322191e-01 4.998914195231463076e-01
9.055000000000001492e+00 1.000000087159002571e-01 4.000644847060312870e-01 4.999194071099829495e-01
9.065000000000001279e+00 1.000000081523560874e-01 4.000617564425465456e-01 4.999228163632838950e-01
9.075000000000001066e+00 1.000000076315347292e-01 4.000519956420309220e-01 4.999350138949469891e-01
9.085000000000000853e+00 1.000000071502964855e-01 4.000483811692298053e-01 4.999395308523829073e-01
9.095000000000000639e+00 1.000000067057245923e-01 4.000659380581587099e-01 4.999175910120232658e-01
9.105000000000000426e+00 1.000000062951099528e-01 4.001086253389784519e-01 4.998642551895920993e-01
9.115000000000000213e+00 1.000000059159369403e-01 4.001252233115445422e-01 4.998435198479764252e-01
9.125000000000001776e+00 1.000000055658701176e-01 4.001232377361731429e-01 4.998460002762269427e-01
9.135000000000001563e+00 1.000000052427417324e-01 4.001030876915993018e-01 4.998711735865448702e-01
9.145000000000001350e+00 1.000000049445402273e-01 4.000568064291288306e-01 4.999290020464395301e-01
9.155000000000001137e+00 1.000000046693993033e-01 3.999874974527958815e-01 5.000156286725007115e-01
9.165000000000000924e+00 1.000000044155879009e-01 3.999080324069781422e-01 5.001149859287250532e-01
9.175000000000000711e+00 1.000000041815006513e-01 3.998267365351187430e-01 5.002166731849685410e-01
9.185000000000000497e+00 1.000000039656492035e-01 3.997664293586349893e-01 5.002921338864543266e-01
9.195000000000000284e+00 1.000000037666538694e-01 3.997445981068168952e-01 5.003194563408644990e-01
9.205000000000001847e+00 1.000000035832360884e-01 3.997633693237234720e-01 5.002959634304123826e-01
9.215000000000001634e+00 1.000000034142111832e-01 3.998144554156749519e-01 5.002320383640608270e-01
9.225000000000001421e+00 1.000000032584817677e-01 3.998940758059155165e-01 5.001324403141894637e-01
9.235000000000001208e+00 1.000000031150315299e-01 3.999757270682293697e-01 5.000303430059975796e-01
9.245000000000000995e+00 1.000000029829194170e-01 4.000404930840067430e-01 4.999493887685036997e-01
9.255000000000000782e+00 1.000000028612742786e-01 4.000722727250392574e-01 4.999096754137109522e-01
9.265000000000000568e+00 1.000000027492898846e-01 4.000609563159059356e-01 4.999238162148247899e-01
9.275000000000000355e+00 1.000000026462201513e-01 4.000149622321584331e-01 4.999812979093645193e-01
9.285000000000000142e+00 1.000000025513749224e-01 3.999416261017745278e-01 5.000729780228110322e-01
9.295000000000001705e+00 1.000000024641158614e-01 3.998600621088858054e-01 5.001749835809760070e-01
9.305000000000001492e+00 1.000000023838526625e-01 3.997911190217229294e-01 5.002612376417817641e-01
9.315000000000001279e+00 1.000000023100396096e-01 3.997640976839856308e-01 5.002950519035864740e-01
9.325000000000001066e+00 1.000000022421723006e-01 3.997754128958679876e-01 5.002808915917379418e-01
9.335000000000000853e+00 1.000000021797846084e-01 3.998135936244281430e-01 5.002331166055186129e-01
9.345000000000000639e+00 1.000000021224458774e-01 3.998810227665299810e-01 5.001487657911932727e-01
9.355000000000000426e+00 1.000000020697583286e-01 3.999590782685806811e-01 5.000511573978974056e-01
9.365000000000000213e+00 1.000000020213546031e-01 4.000555490528184266e-01 4.999305733254420514e-01
9.375000000000001776e+00 1.000000019768955140e-01 4.001432540513995550e-01 4.998209965431765767e-01
9.385000000000001563e+00 1.000000019360679920e-01 4.001964108998997127e-01 4.997546068698391908e-01
9.395000000000001350e+00 1.000000018985830880e-01 4.002169812906737900e-01 4.997289204346427316e-01
9.405000000000001137e+00 1.000000018641741817e-01 4.002260613210448237e-01 4.997175829576182005e-01
9.415000000000000924e+00 1.000000018325953588e-01 4.002370806986738638e-01 4.997038246702929509e-01
9.425000000000000711e+00 1.000000018036197869e-01 4.002409888176111097e-01 4.996989453549934845e-01
9.435000000000000497e+00 1.000000017770382998e-01 4.002137005750224241e-01 4.997330169173176961e-01
9.445000000000000284e+00 1.000000017526581075e-01 4.001444734069621312e-01 4.998194734445136622e-01
9.455000000000001847e+00 1.000000017303015049e-01 4.000530303954928923e-01 4.999337207926653481e-01
9.465000000000001634e+00 1.000000017098047062e-01 3.999922087890175337e-01 5.000097392034286159e-01
9.475000000000001421e+00 1.000000016910168738e-01 3.999278494125720340e-01 5.000902045050550360e-01
9.485000000000001208e+00 1.000000016737990494e-01 3.998819870949574251e-01 5.001475596661654199e-01
9.495000000000000995e+00 1.000000016580232520e-01 3.998626669576035852e-01 5.001717252618772536e-01
9.505000000000000782e+00 1.000000016435716871e-01 3.998753194306245429e-01 5.001558993057548808e-01
9.515000000000000568e+00 1.000000016303358996e-01 3.999171725185825532e-01 5.001035557949360388e-01
9.525000000000000355e+00 1.000000016182160945e-01 3.999953421041645418e-01 5.000058224375951710e-01
9.535000000000000142e+00 1.000000016071204562e-01 4.000885428460455584e-01 4.998893459365073566e-01
9.545000000000001705e+00 1.000000015969645245e-01 4.001637536927804550e-01 4.997953916474577318e-01
9.555000000000001492e+00 1.000000015876705978e-01 4.001994428626325373e-01 4.997508206643094253e-01
9.565000000000001279e+00 1.000000015791672747e-01 4.001968663418047911e-01 4.997540381267795428e-01
9.575000000000001066e+00 1.000000015713888857e-01 4.001645931870079775e-01 4.997943431405348913e-01
9.585000000000000853e+00 1.000000015642750900e-01 4.001280135948611094e-01 4.998400342009161057e-01
9.595000000000000639e+00 1.000000015577704321e-01 4.000835036894537233e-01 4.998956421738416367e-01
9.605000000000000426e+00 1.000000015518239666e-01 4.000545237649464347e-01 4.999318545826787474e-01
9.615000000000000213e+00 1.000000015463889114e-01 4.000304517935495130e-01 4.999619381556916764e-01
9.625000000000001776e+00 1.000000015414222870e-01 4.000069750292847837e-01 4.999912813654258659e-01
9.635000000000001563e+00 1.000000015368846668e-01 3.999971130083376236e-01 5.000036087656242190e-01
9.645000000000001350e+00 1.000000015327398434e-01 3.999929177644693801e-01 5.000088529511600433e-01
9.655000000000001137e+00 1.000000015289545796e-01 3.999927159509641394e-01 5.000091052271021796e-01
9.665000000000000924e+00 1.000000015254983998e-01 3.999903708451741924e-01 5.000120367332911986e-01
9.675000000000000711e+00 1.000000015223433264e-01 4.000036497652629253e-01 4.999954378350484618e-01
9.685000000000000497e+00 1.000000015194637271e-01 4.000256468338211358e-01 4.999679435130920946e-01
9.695000000000000284e+00 1.000000015168360790e-01 4.000468853017973281e-01 4.999414002414218072e-01
9.705000000000001847e+00 1.000000015144388438e-01 4.000788081695225151e-01 4.999015091927974663e-01
9.715000000000001634e+00 1.000000015122522457e-01 4.001051535134357295e-01 4.998685926530659351e-01
9.725000000000001421e+00 1.000000015102582018e-01 4.001035386244822245e-01 4.998706102114990335e-01
9.735000000000001208e+00 1.000000015084401145e-01 4.000852827934763267e-01 4.998934192319187120e-01
9.745000000000000995e+00 1.000000015067827874e-01 4.000624307310310934e-01 4.999219737642984773e-01
9.755000000000000782e+00 1.000000015052723429e-01 4.000372471427199317e-01 4.999534454066640876e-01
9.765000000000000568e+00 1.000000015038960133e-01 4.000161808799185259e-01 4.999797747182589958e-01
9.775000000000000355e+00 1.000000015026421829e-01 3.999957511013765843e-01 5.000053111796959326e-01
9.785000000000000142e+00 1.000000015015001381e-01 3.999856838643655599e-01 5.000178958100401916e-01
9.795000000000001705e+00 1.000000015004601644e-01 3.999777137473992661e-01 5.000278593679532424e-01
9.805000000000001492e+00 1.000000014995133107e-01 3.999444926672399703e-01 5.000693937956113277e-01
9.815000000000001279e+00 1.000000014986514307e-01 3.998926137615480547e-01 5.001342688446304141e-01
9.825000000000001066e+00 1.000000014978670304e-01 3.998264962841314718e-01 5.002169737592193632e-01
9.835000000000000853e+00 1.000000014971533235e-01 3.997434505259881976e-01 5.003208926546192092e-01
9.845000000000000639e+00 1.000000014965040512e-01 3.996876587659168312e-01 5.003907316466157384e-01
9.855000000000000426e+00 1.000000014959135236e-01 3.996674513601342071e-01 5.004160316767528593e-01
9.865000000000000213e+00 1.000000014953765365e-01 3.996906438365750436e-01 5.003869945021173216e-01
9.875000000000001776e+00 1.000000014948883298e-01 3.997548437248487074e-01 5.003066332766189506e-01
9.885000000000001563e+00 1.000000014944445736e-01 3.998461404547893894e-01 5.001923984373534138e-01
9.895000000000001350e+00 1.000000014940412990e-01 3.999363239070600207e-01 5.000796077889574365e-01
9.905000000000001137e+00 1.000000014936748699e-01 3.999889983560633855e-01 5.000137524331692562e-01
9.915000000000000924e+00 1.000000014933420112e-01 4.000043631018849744e-01 4.999945461821327375e-01
9.925000000000000711e+00 1.000000014930397113e-01 3.999878982956983076e-01 5.000151275880511115e-01
9.935000000000000497e+00 1.000000014927651948e-01 3.999500949194622068e-01 5.000623891345091776e-01
9.945000000000000284e+00 1.000000014925159775e-01 3.999085289880685568e-01 5.001143649176011952e-01
9.955000000000001847e+00 1.000000014922897695e-01 3.998629301707957162e-01 5.001713960195631747e-01
9.965000000000001634e+00 1.000000014920845032e-01 3.998522984249622270e-01 5.001846951682153986e-01
9.975000000000001421e+00 1.000000014918982494e-01 3.998695188446382276e-01 5.001631546657254734e-01
9.985000000000001208e+00 1.000000014917293012e-01 3.998951816197910958e-01 5.001310573183006536e-01
9.995000000000000995e+00 1.000000014915760765e-01 3.999489493159987252e-01 5.000638215003296860e-01
