1.000000000000000021e-03 1.000000014915188723e-01 2.835811769070951671e-01 5.289490707246127243e-01
3.000000000000000062e-03 1.000000014915471969e-01 2.835811676760771061e-01 5.289490879427463099e-01
5.000000000000000104e-03 1.000000014915760765e-01 2.835811619259851479e-01 5.289490986680916995e-01
7.000000000000000146e-03 1.000000014916055391e-01 2.835811558988276526e-01 5.289491099102333616e-01
9.000000000000001055e-03 1.000000014916355845e-01 2.835811498609859815e-01 5.289491211723040820e-01
1.099999999999999936e-02 1.000000014916662128e-01 2.835811436900097515e-01 5.289491326827042705e-01
1.300000000000000114e-02 1.000000014916974517e-01 2.835811374804121376e-01 5.289491442651433895e-01
1.499999999999999944e-02 1.000000014917293012e-01 2.835811310884251424e-01 5.289491561877845971e-01
1.700000000000000122e-02 1.000000014917617891e-01 2.835811245176741990e-01 5.289491684438653030e-01
1.900000000000000300e-02 1.000000014917949154e-01 2.835811175148680863e-01 5.289491815058368074e-01
2.100000000000000130e-02 1.000000014918286939e-01 2.835811101004103718e-01 5.289491953356414422e-01
2.299999999999999961e-02 1.000000014918631247e-01 2.835811021926562536e-01 5.289492100855670564e-01
2.500000000000000139e-02 1.000000014918982494e-01 2.835810938587123853e-01 5.289492256304433315e-01
2.700000000000000316e-02 1.000000014919340680e-01 2.835810854257207470e-01 5.289492413600692666e-01
2.900000000000000147e-02 1.000000014919705804e-01 2.835810771660946528e-01 5.289492567663263145e-01
3.099999999999999978e-02 1.000000014920078145e-01 2.835810690644027798e-01 5.289492718779975622e-01
3.300000000000000155e-02 1.000000014920457841e-01 2.835810610605078996e-01 5.289492868072539489e-01
3.500000000000000333e-02 1.000000014920845032e-01 2.835810532615052337e-01 5.289493013543361544e-01
3.700000000000000511e-02 1.000000014921239716e-01 2.835810455697396204e-01 5.289493157013953617e-01
3.899999999999999994e-02 1.000000014921642311e-01 2.835810380455028867e-01 5.289493297359721957e-01
4.100000000000000172e-02 1.000000014922052677e-01 2.835810307584989975e-01 5.289493433280514356e-01
4.300000000000000350e-02 1.000000014922471092e-01 2.835810236053968869e-01 5.289493566703710181e-01
4.499999999999999833e-02 1.000000014922897695e-01 2.835810165656380555e-01 5.289493698012779355e-01
4.700000000000000011e-02 1.000000014923332764e-01 2.835810097591266454e-01 5.289493824971206459e-01
4.900000000000000189e-02 1.000000014923776298e-01 2.835810031018077271e-01 5.289493949146828466e-01
5.100000000000000366e-02 1.000000014924228575e-01 2.835809965126008247e-01 5.289494072051996731e-01
5.300000000000000544e-02 1.000000014924689734e-01 2.835809899701668413e-01 5.289494194084738421e-01
5.500000000000000028e-02 1.000000014925159775e-01 2.835809835247907751e-01 5.289494314307112699e-01
5.700000000000000205e-02 1.000000014925639114e-01 2.835809771625524833e-01 5.289494432978766314e-01
5.900000000000000383e-02 1.000000014926127889e-01 2.835809708577810007e-01 5.289494550578524024e-01
6.099999999999999867e-02 1.000000014926626102e-01 2.835809645710972160e-01 5.289494667840907161e-01
6.300000000000000044e-02 1.000000014927134029e-01 2.835809582687578434e-01 5.289494785395311149e-01
6.500000000000000222e-02 1.000000014927651948e-01 2.835809519263014500e-01 5.289494903698003236e-01
6.700000000000000400e-02 1.000000014928179998e-01 2.835809455300815629e-01 5.289495023003524254e-01
6.900000000000000577e-02 1.000000014928718317e-01 2.835809390707718092e-01 5.289495143485835049e-01
7.100000000000000755e-02 1.000000014929267045e-01 2.835809325221400612e-01 5.289495265634229781e-01
7.300000000000000933e-02 1.000000014929826597e-01 2.835809258837437286e-01 5.289495389456965180e-01
7.499999999999999722e-02 1.000000014930397113e-01 2.835809191508472660e-01 5.289495515042371698e-01
7.699999999999999900e-02 1.000000014930978592e-01 2.835809124212885224e-01 5.289495640565525791e-01
7.900000000000000078e-02 1.000000014931571451e-01 2.835809057491108232e-01 5.289495765018387141e-01
8.100000000000000255e-02 1.000000014932175829e-01 2.835808990305244692e-01 5.289495890336890493e-01
8.300000000000000433e-02 1.000000014932792003e-01 2.835808921892362111e-01 5.289496017944099737e-01
8.500000000000000611e-02 1.000000014933420112e-01 2.835808851472421122e-01 5.289496149294983240e-01
8.700000000000000788e-02 1.000000014934060572e-01 2.835808778494237625e-01 5.289496285417637500e-01
8.899999999999999578e-02 1.000000014934713383e-01 2.835808702560542183e-01 5.289496427053073102e-01
9.099999999999999756e-02 1.000000014935378823e-01 2.835808622096426812e-01 5.289496577138889100e-01
9.299999999999999933e-02 1.000000014936057169e-01 2.835808535974642663e-01 5.289496737777690250e-01
9.500000000000000111e-02 1.000000014936748699e-01 2.835808443612034546e-01 5.289496910057208678e-01
9.700000000000000289e-02 1.000000014937453691e-01 2.835808352527814380e-01 5.289497079952223402e-01
9.900000000000000466e-02 1.000000014938172421e-01 2.835808264985792970e-01 5.289497243240155466e-01
1.010000000000000064e-01 1.000000014938904891e-01 2.835808182773310038e-01 5.289497396587163891e-01
1.030000000000000082e-01 1.000000014939651655e-01 2.835808103408326564e-01 5.289497544622876468e-01
1.050000000000000100e-01 1.000000014940412990e-01 2.835808027890218685e-01 5.289497685483203204e-01
1.069999999999999979e-01 1.000000014941188897e-01 2.835807957040985539e-01 5.289497817634908339e-01
1.089999999999999997e-01 1.000000014941979931e-01 2.835807888008444744e-01 5.289497946398028505e-01
1.110000000000000014e-01 1.000000014942786092e-01 2.835807820901117271e-01 5.289498071570146731e-01
1.130000000000000032e-01 1.000000014943608073e-01 2.835807757042411170e-01 5.289498190682770939e-01
1.150000000000000050e-01 1.000000014944445736e-01 2.835807693909073168e-01 5.289498308442405206e-01
1.170000000000000068e-01 1.000000014945299637e-01 2.835807631907786286e-01 5.289498424090482986e-01
1.190000000000000085e-01 1.000000014946170052e-01 2.835807571161750862e-01 5.289498537397204769e-01
1.209999999999999964e-01 1.000000014947057259e-01 2.835807510387021724e-01 5.289498650757451514e-01
1.229999999999999982e-01 1.000000014947961674e-01 2.835807449204686970e-01 5.289498764877991199e-01
1.250000000000000000e-01 1.000000014948883298e-01 2.835807387598455187e-01 5.289498879789211738e-01
1.270000000000000018e-01 1.000000014949822824e-01 2.835807325514153043e-01 5.289498995592158970e-01
1.290000000000000036e-01 1.000000014950780530e-01 2.835807262513097560e-01 5.289499113105088357e-01
1.310000000000000053e-01 1.000000014951756555e-01 2.835807197896406673e-01 5.289499233631593800e-01
1.330000000000000071e-01 1.000000014952751454e-01 2.835807130749453120e-01 5.289499358877685076e-01
1.350000000000000089e-01 1.000000014953765365e-01 2.835807060021571235e-01 5.289499490803122317e-01
1.370000000000000107e-01 1.000000014954798844e-01 2.835806984588379320e-01 5.289499631505162336e-01
1.390000000000000124e-01 1.000000014955852307e-01 2.835806903510823540e-01 5.289499782735382905e-01
1.410000000000000142e-01 1.000000014956925892e-01 2.835806815516640489e-01 5.289499946866877966e-01
1.430000000000000160e-01 1.000000014958020017e-01 2.835806718740542798e-01 5.289500127378885530e-01
1.450000000000000178e-01 1.000000014959135236e-01 2.835806610848485843e-01 5.289500328624995307e-01
1.469999999999999918e-01 1.000000014960271966e-01 2.835806497616745192e-01 5.289500539830989112e-01
1.489999999999999936e-01 1.000000014961430345e-01 2.835806391803316617e-01 5.289500737199959168e-01
1.509999999999999953e-01 1.000000014962610928e-01 2.835806291782330679e-01 5.289500923764564044e-01
1.529999999999999971e-01 1.000000014963814271e-01 2.835806199032244179e-01 5.289501096767100785e-01
1.549999999999999989e-01 1.000000014965040512e-01 2.835806115854656029e-01 5.289501251914500157e-01
1.570000000000000007e-01 1.000000014966290346e-01 2.835806036337519265e-01 5.289501400234233319e-01
1.590000000000000024e-01 1.000000014967564049e-01 2.835805962731646201e-01 5.289501537527959707e-01
1.610000000000000042e-01 1.000000014968862178e-01 2.835805895266569898e-01 5.289501663367540685e-01
1.630000000000000060e-01 1.000000014970185008e-01 2.835805829650547283e-01 5.289501785758170538e-01
1.650000000000000078e-01 1.000000014971533235e-01 2.835805767055431525e-01 5.289501902514043286e-01
1.670000000000000095e-01 1.000000014972907136e-01 2.835805709093672244e-01 5.289502010627527007e-01
1.690000000000000113e-01 1.000000014974307405e-01 2.835805655761288180e-01 5.289502110106047983e-01
1.710000000000000131e-01 1.000000014975734319e-01 2.835805604633561128e-01 5.289502205472323970e-01
1.730000000000000149e-01 1.000000014977188434e-01 2.835805555210259010e-01 5.289502297659415264e-01
1.750000000000000167e-01 1.000000014978670304e-01 2.835805507884527343e-01 5.289502385934005124e-01
1.769999999999999907e-01 1.000000014980180485e-01 2.835805462648109954e-01 5.289502470311491233e-01
1.789999999999999925e-01 1.000000014981719393e-01 2.835805419564138008e-01 5.289502550674118897e-01
1.809999999999999942e-01 1.000000014983287583e-01 2.835805378641288454e-01 5.289502627005703284e-01
1.829999999999999960e-01 1.000000014984885749e-01 2.835805339941617209e-01 5.289502699190493651e-01
1.849999999999999978e-01 1.000000014986514307e-01 2.835805303792020560e-01 5.289502766618743301e-01
1.869999999999999996e-01 1.000000014988173674e-01 2.835805270725901273e-01 5.289502828295520320e-01
1.890000000000000013e-01 1.000000014989864822e-01 2.835805240684225459e-01 5.289502884330937738e-01
1.910000000000000031e-01 1.000000014991587888e-01 2.835805211897184375e-01 5.289502938026140466e-01
1.930000000000000049e-01 1.000000014993343844e-01 2.835805182062192675e-01 5.289502993676041820e-01
1.950000000000000067e-01 1.000000014995133107e-01 2.835805150111276318e-01 5.289503053272684996e-01
1.970000000000000084e-01 1.000000014996956371e-01 2.835805115363910223e-01 5.289503118085424616e-01
1.990000000000000102e-01 1.000000014998814191e-01 2.835805077140732267e-01 5.289503189381445925e-01
2.010000000000000120e-01 1.000000015000707260e-01 2.835805034588488316e-01 5.289503268752285825e-01
2.030000000000000138e-01 1.000000015002636133e-01 2.835804986795293914e-01 5.289503357898845959e-01
2.050000000000000155e-01 1.000000015004601644e-01 2.835804933993218979e-01 5.289503456388254810e-01
2.070000000000000173e-01 1.000000015006604348e-01 2.835804876054064949e-01 5.289503564459638874e-01
2.090000000000000191e-01 1.000000015008644938e-01 2.835804813247591594e-01 5.289503681609825092e-01
2.109999999999999931e-01 1.000000015010724247e-01 2.835804745598423104e-01 5.289503807792887979e-01
2.129999999999999949e-01 1.000000015012842830e-01 2.835804673523183994e-01 5.289503942231713607e-01
2.149999999999999967e-01 1.000000015015001381e-01 2.835804603104167265e-01 5.289504073581267063e-01
2.169999999999999984e-01 1.000000015017200872e-01 2.835804536045551938e-01 5.289504198662813295e-01
2.190000000000000002e-01 1.000000015019441857e-01 2.835804470031000335e-01 5.289504321796919539e-01
2.210000000000000020e-01 1.000000015021725169e-01 2.835804404323287731e-01 5.289504444358698043e-01
2.230000000000000038e-01 1.000000015024051503e-01 2.835804340150095415e-01 5.289504564058206126e-01
2.250000000000000056e-01 1.000000015026421829e-01 2.835804277046461985e-01 5.289504681762717819e-01
2.270000000000000073e-01 1.000000015028836703e-01 2.835804213843177712e-01 5.289504799653108602e-01
2.290000000000000091e-01 1.000000015031297235e-01 2.835804149861295698e-01 5.289504918995791005e-01
2.310000000000000109e-01 1.000000015033803979e-01 2.835804084548163018e-01 5.289505040821602666e-01
2.330000000000000127e-01 1.000000015036358048e-01 2.835804017494510942e-01 5.289505165893938488e-01
2.350000000000000144e-01 1.000000015038960133e-01 2.835803948036530464e-01 5.289505295450971367e-01
2.370000000000000162e-01 1.000000015041611207e-01 2.835803875834392862e-01 5.289505430126572039e-01
2.390000000000000180e-01 1.000000015044312240e-01 2.835803802685213926e-01 5.289505566568655226e-01
2.409999999999999920e-01 1.000000015047063928e-01 2.835803732419641121e-01 5.289505697632076453e-01
2.429999999999999938e-01 1.000000015049867380e-01 2.835803663774422168e-01 5.289505825673125328e-01
2.449999999999999956e-01 1.000000015052723429e-01 2.835803595511249275e-01 5.289505953001566452e-01
2.469999999999999973e-01 1.000000015055633046e-01 2.835803527852122086e-01 5.289506079203312172e-01
2.489999999999999991e-01 1.000000015058597341e-01 2.835803461130743108e-01 5.289506203655921501e-01
2.510000000000000009e-01 1.000000015061617287e-01 2.835803395003348992e-01 5.289506327000601527e-01
2.530000000000000027e-01 1.000000015064693715e-01 2.835803329155532349e-01 5.289506449823802026e-01
2.550000000000000044e-01 1.000000015067827874e-01 2.835803262973121130e-01 5.289506573271114398e-01
2.570000000000000062e-01 1.000000015071020737e-01 2.835803194644927472e-01 5.289506700720871812e-01
2.590000000000000080e-01 1.000000015074273413e-01 2.835803124832583233e-01 5.289506830938960347e-01
2.610000000000000098e-01 1.000000015077587012e-01 2.835803057306998110e-01 5.289506956891657508e-01
2.630000000000000115e-01 1.000000015080962507e-01 2.835802993293594088e-01 5.289507076293233911e-01
2.650000000000000133e-01 1.000000015084401145e-01 2.835802932750692840e-01 5.289507189221428485e-01
2.670000000000000151e-01 1.000000015087904037e-01 2.835802876793828697e-01 5.289507293595478998e-01
2.690000000000000169e-01 1.000000015091472294e-01 2.835802826753203720e-01 5.289507386934214628e-01
2.710000000000000187e-01 1.000000015095107303e-01 2.835802782528327737e-01 5.289507469425074326e-01
2.730000000000000204e-01 1.000000015098810036e-01 2.835802742077533911e-01 5.289507544876294043e-01
2.750000000000000222e-01 1.000000015102582018e-01 2.835802702024876054e-01 5.289507619584888909e-01
2.770000000000000240e-01 1.000000015106424223e-01 2.835802661090007781e-01 5.289507695939037468e-01
2.790000000000000258e-01 1.000000015110338036e-01 2.835802618046147638e-01 5.289507776227005964e-01
2.810000000000000275e-01 1.000000015114324847e-01 2.835802571652148441e-01 5.289507862763854762e-01
2.830000000000000293e-01 1.000000015118385904e-01 2.835802520594474796e-01 5.289507957999670662e-01
2.850000000000000311e-01 1.000000015122522457e-01 2.835802464308819770e-01 5.289508062987032799e-01
2.870000000000000329e-01 1.000000015126736030e-01 2.835802404691213918e-01 5.289508174189352374e-01
2.890000000000000346e-01 1.000000015131028014e-01 2.835802342758831363e-01 5.289508289709338174e-01
2.909999999999999809e-01 1.000000015135399795e-01 2.835802279237486512e-01 5.289508408193155375e-01
2.929999999999999827e-01 1.000000015139852760e-01 2.835802214324396608e-01 5.289508529272944903e-01
2.949999999999999845e-01 1.000000015144388438e-01 2.835802149368746861e-01 5.289508650432125370e-01
2.969999999999999862e-01 1.000000015149008353e-01 2.835802085401339934e-01 5.289508769747980343e-01
2.989999999999999880e-01 1.000000015153713895e-01 2.835802022113599885e-01 5.289508887796086078e-01
3.009999999999999898e-01 1.000000015158506866e-01 2.835801959113994353e-01 5.289509005306750611e-01
3.029999999999999916e-01 1.000000015163388656e-01 2.835801895846653542e-01 5.289509123316816774e-01
3.049999999999999933e-01 1.000000015168360790e-01 2.835801831736555201e-01 5.289509242898849939e-01
3.069999999999999951e-01 1.000000015173425211e-01 2.835801766422971770e-01 5.289509364725702989e-01
3.089999999999999969e-01 1.000000015178583307e-01 2.835801699634753481e-01 5.289509489303139134e-01
3.109999999999999987e-01 1.000000015183836882e-01 2.835801631362253605e-01 5.289509616649153978e-01
3.130000000000000004e-01 1.000000015189187602e-01 2.835801561742237187e-01 5.289509746508644916e-01
3.150000000000000022e-01 1.000000015194637271e-01 2.835801490806342806e-01 5.289509878822596933e-01
3.170000000000000040e-01 1.000000015200187692e-01 2.835801417948955461e-01 5.289510014720643083e-01
3.190000000000000058e-01 1.000000015205840670e-01 2.835801342438414863e-01 5.289510155567519467e-01
3.210000000000000075e-01 1.000000015211597870e-01 2.835801263295027463e-01 5.289510303190610996e-01
3.230000000000000093e-01 1.000000015217461513e-01 2.835801179340964873e-01 5.289510459786878060e-01
3.250000000000000111e-01 1.000000015223433264e-01 2.835801089148486387e-01 5.289510628019431504e-01
3.270000000000000129e-01 1.000000015229515204e-01 2.835800997140731639e-01 5.289510799637960892e-01
3.290000000000000147e-01 1.000000015235709139e-01 2.835800910699800004e-01 5.289510960872919609e-01
3.310000000000000164e-01 1.000000015242017148e-01 2.835800831345610673e-01 5.289511108889257684e-01
3.330000000000000182e-01 1.000000015248441454e-01 2.835800759697962858e-01 5.289511242530885449e-01
3.350000000000000200e-01 1.000000015254983998e-01 2.835800694743943473e-01 5.289511363687148249e-01
3.370000000000000218e-01 1.000000015261646863e-01 2.835800635457376706e-01 5.289511474272132752e-01
3.390000000000000235e-01 1.000000015268432269e-01 2.835800581714182367e-01 5.289511574517278270e-01
3.410000000000000253e-01 1.000000015275342435e-01 2.835800531824975712e-01 5.289511667573730813e-01
3.430000000000000271e-01 1.000000015282379445e-01 2.835800486590717706e-01 5.289511751947485463e-01
3.450000000000000289e-01 1.000000015289545796e-01 2.835800447233275401e-01 5.289511825359439756e-01
3.470000000000000306e-01 1.000000015296843708e-01 2.835800413531515685e-01 5.289511888222064862e-01
3.490000000000000324e-01 1.000000015304275541e-01 2.835800385644868804e-01 5.289511940237978660e-01
3.510000000000000342e-01 1.000000015311843515e-01 2.835800361208237197e-01 5.289511985818710071e-01
3.529999999999999805e-01 1.000000015319550406e-01 2.835800335657183702e-01 5.289512033478132036e-01
3.549999999999999822e-01 1.000000015327398434e-01 2.835800306702415674e-01 5.289512087486375469e-01
3.569999999999999840e-01 1.000000015335390235e-01 2.835800272110675646e-01 5.289512152009053780e-01
3.589999999999999858e-01 1.000000015343528309e-01 2.835800229287362972e-01 5.289512231885777904e-01
3.609999999999999876e-01 1.000000015351815291e-01 2.835800175786615251e-01 5.289512331678725143e-01
3.629999999999999893e-01 1.000000015360253819e-01 2.835800110128559592e-01 5.289512454148251885e-01
3.649999999999999911e-01 1.000000015368846668e-01 2.835800033830987443e-01 5.289512596463278316e-01
3.669999999999999929e-01 1.000000015377596613e-01 2.835799952429527426e-01 5.289512748298406120e-01
3.689999999999999947e-01 1.000000015386506291e-01 2.835799872472733463e-01 5.289512897438860550e-01
3.709999999999999964e-01 1.000000015395578618e-01 2.835799798493722768e-01 5.289513035429184162e-01
3.729999999999999982e-01 1.000000015404816506e-01 2.835799730940610219e-01 5.289513161433522237e-01
3.750000000000000000e-01 1.000000015414222870e-01 2.835799668692567943e-01 5.289513277542513547e-01
3.770000000000000018e-01 1.000000015423800764e-01 2.835799606896139968e-01 5.289513392809129799e-01
3.790000000000000036e-01 1.000000015433553241e-01 2.835799545437773239e-01 5.289513507445178231e-01
3.810000000000000053e-01 1.000000015443483353e-01 2.835799483896772610e-01 5.289513622235365586e-01
3.830000000000000071e-01 1.000000015453594154e-01 2.835799421882851390e-01 5.289513737907679536e-01
3.850000000000000089e-01 1.000000015463889114e-01 2.835799358646177160e-01 5.289513855860755731e-01
3.870000000000000107e-01 1.000000015474371146e-01 2.835799293465466331e-01 5.289513977439977976e-01
3.890000000000000124e-01 1.000000015485043858e-01 2.835799226963767183e-01 5.289514101483198116e-01
3.910000000000000142e-01 1.000000015495910582e-01 2.835799159768332411e-01 5.289514226820424270e-01
3.930000000000000160e-01 1.000000015506974649e-01 2.835799092585047365e-01 5.289514352134994102e-01
3.950000000000000178e-01 1.000000015518239666e-01 2.835799025245063776e-01 5.289514477741853460e-01
3.970000000000000195e-01 1.000000015529708963e-01 2.835798956752400568e-01 5.289514605498770727e-01
3.990000000000000213e-01 1.000000015541386428e-01 2.835798885403271186e-01 5.289514738583759312e-01
4.010000000000000231e-01 1.000000015553275667e-01 2.835798809425117417e-01 5.289514880303108901e-01
4.030000000000000249e-01 1.000000015565380290e-01 2.835798727443159528e-01 5.289515033221150464e-01
4.050000000000000266e-01 1.000000015577704321e-01 2.835798638283175133e-01 5.289515199528119771e-01
4.070000000000000284e-01 1.000000015590251368e-01 2.835798540402614809e-01 5.289515382101284136e-01
4.090000000000000302e-01 1.000000015603025594e-01 2.835798431280540655e-01 5.289515585642862172e-01
4.110000000000000320e-01 1.000000015616030746e-01 2.835798307221303882e-01 5.289515817046226420e-01
4.130000000000000338e-01 1.000000015629271127e-01 2.835798183636119574e-01 5.289516047565375745e-01
4.150000000000000355e-01 1.000000015642750900e-01 2.835798070243924496e-01 5.289516259071914694e-01
4.170000000000000373e-01 1.000000015656474089e-01 2.835797966143601134e-01 5.289516453246662087e-01
4.189999999999999836e-01 1.000000015670445136e-01 2.835797870589902292e-01 5.289516631479697084e-01
4.209999999999999853e-01 1.000000015684668342e-01 2.835797783492927659e-01 5.289516793938705552e-01
4.229999999999999871e-01 1.000000015699148009e-01 2.835797707350498076e-01 5.289516935964584388e-01
4.249999999999999889e-01 1.000000015713888857e-01 2.835797640040896850e-01 5.289517061514895646e-01
4.269999999999999907e-01 1.000000015728895464e-01 2.835797576967830080e-01 5.289517179162948057e-01
4.289999999999999925e-01 1.000000015744172271e-01 2.835797514628346505e-01 5.289517295442678346e-01
4.309999999999999942e-01 1.000000015759724276e-01 2.835797452632219939e-01 5.289517411081960940e-01
4.329999999999999960e-01 1.000000015775556056e-01 2.835797391421508440e-01 5.289517525256239860e-01
4.349999999999999978e-01 1.000000015791672747e-01 2.835797330233222335e-01 5.289517639388695569e-01
4.369999999999999996e-01 1.000000015808079346e-01 2.835797268589528852e-01 5.289517754370611780e-01
4.390000000000000013e-01 1.000000015824780708e-01 2.835797205364954943e-01 5.289517872301296997e-01
4.410000000000000031e-01 1.000000015841782108e-01 2.835797137794324185e-01 5.289517998338542082e-01
4.430000000000000049e-01 1.000000015859088681e-01 2.835797061653007600e-01 5.289518140362409193e-01
4.450000000000000067e-01 1.000000015876705978e-01 2.835796981377429749e-01 5.289518290097784403e-01
4.470000000000000084e-01 1.000000015894639410e-01 2.835796908270670769e-01 5.289518426461405909e-01
4.490000000000000102e-01 1.000000015912894391e-01 2.835796843345305129e-01 5.289518547564552309e-01
4.510000000000000120e-01 1.000000015931476471e-01 2.835796787807427499e-01 5.289518651157529838e-01
4.530000000000000138e-01 1.000000015950391480e-01 2.835796745599281632e-01 5.289518729886999449e-01
4.550000000000000155e-01 1.000000015969645245e-01 2.835796713666602353e-01 5.289518789449980662e-01
4.570000000000000173e-01 1.000000015989243596e-01 2.835796688128459642e-01 5.289518837085442904e-01
4.590000000000000191e-01 1.000000016009192499e-01 2.835796665429035635e-01 5.289518879425936237e-01
4.610000000000000209e-01 1.000000016029498201e-01 2.835796646569712642e-01 5.289518914603615896e-01
4.630000000000000226e-01 1.000000016050166807e-01 2.835796632650878779e-01 5.289518940565962613e-01
4.650000000000000244e-01 1.000000016071204562e-01 2.835796623286612750e-01 5.289518958032821683e-01
4.670000000000000262e-01 1.000000016092618127e-01 2.835796618240433720e-01 5.289518967445295816e-01
4.690000000000000280e-01 1.000000016114413748e-01 2.835796614681266870e-01 5.289518974084093106e-01
4.710000000000000298e-01 1.000000016136598363e-01 2.835796608317692757e-01 5.289518985953860497e-01
4.730000000000000315e-01 1.000000016159178357e-01 2.835796595282463195e-01 5.289519010268050048e-01
4.750000000000000333e-01 1.000000016182160945e-01 2.835796573440663715e-01 5.289519051008847450e-01
4.770000000000000351e-01 1.000000016205552927e-01 2.835796543121260616e-01 5.289519107562643541e-01
4.790000000000000369e-01 1.000000016229361521e-01 2.835796506330612865e-01 5.289519176187043037e-01
4.809999999999999831e-01 1.000000016253593665e-01 2.835796464294287333e-01 5.289519254596037889e-01
4.829999999999999849e-01 1.000000016278257131e-01 2.835796417873927000e-01 5.289519341182433720e-01
4.849999999999999867e-01 1.000000016303358996e-01 2.835796375700694316e-01 5.289519419846802073e-01
4.869999999999999885e-01 1.000000016328907032e-01 2.835796341109630414e-01 5.289519484368396807e-01
4.889999999999999902e-01 1.000000016354908872e-01 2.835796315749144481e-01 5.289519531672494113e-01
4.909999999999999920e-01 1.000000016381372564e-01 2.835796300429486716e-01 5.289519560247758490e-01
4.929999999999999938e-01 1.000000016408305742e-01 2.835796288182448888e-01 5.289519583091764066e-01
4.949999999999999956e-01 1.000000016435716871e-01 2.835796272000262186e-01 5.289519613275877052e-01
4.969999999999999973e-01 1.000000016463613861e-01 2.835796251447170180e-01 5.289519651612898388e-01
4.989999999999999991e-01 1.000000016492005456e-01 2.835796228566697663e-01 5.289519694291109353e-01
5.010000000000000009e-01 1.000000016520899981e-01 2.835796203682034999e-01 5.289519740707672169e-01
5.030000000000000027e-01 1.000000016550306042e-01 2.835796175640503680e-01 5.289519793012642523e-01
5.050000000000000044e-01 1.000000016580232520e-01 2.835796142253117491e-01 5.289519855289065431e-01
5.070000000000000062e-01 1.000000016610688436e-01 2.835796101510326128e-01 5.289519931285292520e-01
5.090000000000000080e-01 1.000000016641682810e-01 2.835796051625583125e-01 5.289520024333712600e-01
5.110000000000000098e-01 1.000000016673224940e-01 2.835795990636161834e-01 5.289520138095339385e-01
5.130000000000000115e-01 1.000000016705324402e-01 2.835795915816072266e-01 5.289520277654877756e-01
5.150000000000000133e-01 1.000000016737990494e-01 2.835795823111303404e-01 5.289520450574152211e-01
5.170000000000000151e-01 1.000000016771233069e-01 2.835795729410746091e-01 5.289520625350849770e-01
5.190000000000000169e-01 1.000000016805061981e-01 2.835795646683468285e-01 5.289520779659444560e-01
5.210000000000000187e-01 1.000000016839487499e-01 2.835795571423503914e-01 5.289520920039502139e-01
5.230000000000000204e-01 1.000000016874519615e-01 2.835795504383929466e-01 5.289521045086330586e-01
5.250000000000000222e-01 1.000000016910168738e-01 2.835795446269768760e-01 5.289521153484866289e-01
5.270000000000000240e-01 1.000000016946445552e-01 2.835795395763376914e-01 5.289521247692872130e-01
5.290000000000000258e-01 1.000000016983360884e-01 2.835795350036880436e-01 5.289521332985089863e-01
5.310000000000000275e-01 1.000000017020925419e-01 2.835795303977518556e-01 5.289521418898194272e-01
5.330000000000000293e-01 1.000000017059150398e-01 2.835795255910728008e-01 5.289521508555695695e-01
5.350000000000000311e-01 1.000000017098047062e-01 2.835795205770340610e-01 5.289521602081016516e-01
5.370000000000000329e-01 1.000000017137626929e-01 2.835795152916937845e-01 5.289521700666846016e-01
5.390000000000000346e-01 1.000000017177901795e-01 2.835795097111626917e-01 5.289521804758782197e-01
5.410000000000000364e-01 1.000000017218883319e-01 2.835795037232184401e-01 5.289521916450076189e-01
5.430000000000000382e-01 1.000000017260583574e-01 2.835794973418562792e-01 5.289522035479679030e-01
5.450000000000000400e-01 1.000000017303015049e-01 2.835794916346348060e-01 5.289522141934746013e-01
5.470000000000000417e-01 1.000000017346189818e-01 2.835794868228894150e-01 5.289522231686772935e-01
5.490000000000000435e-01 1.000000017390120927e-01 2.835794823046629554e-01 5.289522315963883781e-01
5.510000000000000453e-01 1.000000017434821142e-01 2.835794777214641349e-01 5.289522401452906308e-01
5.530000000000000471e-01 1.000000017480303371e-01 2.835794727874844656e-01 5.289522493484941634e-01
5.550000000000000488e-01 1.000000017526581075e-01 2.835794670863269196e-01 5.289522599826917970e-01
5.570000000000000506e-01 1.000000017573667854e-01 2.835794605601081875e-01 5.289522721558518326e-01
5.590000000000000524e-01 1.000000017621577308e-01 2.835794540209778947e-01 5.289522843530959362e-01
5.610000000000000542e-01 1.000000017670323454e-01 2.835794477833293858e-01 5.289522959879956465e-01
5.630000000000000560e-01 1.000000017719920586e-01 2.835794418901811387e-01 5.289523069803097055e-01
5.650000000000000577e-01 1.000000017770382998e-01 2.835794360016589688e-01 5.289523179639953332e-01
5.670000000000000595e-01 1.000000017821725540e-01 2.835794297572821754e-01 5.289523296114466699e-01
5.690000000000000613e-01 1.000000017873962921e-01 2.835794228754903168e-01 5.289523424478499436e-01
5.710000000000000631e-01 1.000000017927110407e-01 2.835794151009159991e-01 5.289523569495346855e-01
5.730000000000000648e-01 1.000000017981183542e-01 2.835794061291057044e-01 5.289523736843895207e-01
5.750000000000000666e-01 1.000000018036197869e-01 2.835793972413308550e-01 5.289523902624966301e-01
5.770000000000000684e-01 1.000000018092169207e-01 2.835793892922142678e-01 5.289524050897527196e-01
5.789999999999999591e-01 1.000000018149113934e-01 2.835793816136251699e-01 5.289524194124024525e-01
5.809999999999999609e-01 1.000000018207048286e-01 2.835793737670987968e-01 5.289524340483016118e-01
5.829999999999999627e-01 1.000000018265989193e-01 2.835793663314223334e-01 5.289524479178550065e-01
5.849999999999999645e-01 1.000000018325953588e-01 2.835793596282798479e-01 5.289524604210344982e-01
5.869999999999999662e-01 1.000000018386958678e-01 2.835793536201013376e-01 5.289524716279180305e-01
5.889999999999999680e-01 1.000000018449022088e-01 2.835793478411672841e-01 5.289524824071989428e-01
5.909999999999999698e-01 1.000000018512161581e-01 2.835793416770039377e-01 5.289524939050376240e-01
5.929999999999999716e-01 1.000000018576395339e-01 2.835793349175462774e-01 5.289525065132623105e-01
5.949999999999999734e-01 1.000000018641741817e-01 2.835793274078518000e-01 5.289525205208832626e-01
5.969999999999999751e-01 1.000000018708219751e-01 2.835793190254247143e-01 5.289525361563884864e-01
5.989999999999999769e-01 1.000000018775848015e-01 2.835793099711597098e-01 5.289525530450551738e-01
6.009999999999999787e-01 1.000000018844646177e-01 2.835793016843893843e-01 5.289525685021364554e-01
6.029999999999999805e-01 1.000000018914633804e-01 2.835792945326435222e-01 5.289525818420890424e-01
6.049999999999999822e-01 1.000000018985830880e-01 2.835792880563920981e-01 5.289525939220611761e-01
6.069999999999999840e-01 1.000000019058257666e-01 2.835792817110436292e-01 5.289526057578642915e-01
6.089999999999999858e-01 1.000000019131934703e-01 2.835792754264351290e-01 5.289526174803712566e-01
6.109999999999999876e-01 1.000000019206883223e-01 2.835792697940979212e-01 5.289526279862151181e-01
6.129999999999999893e-01 1.000000019283124458e-01 2.835792651117850505e-01 5.289526367200049206e-01
6.149999999999999911e-01 1.000000019360679920e-01 2.835792614272185097e-01 5.289526435927260906e-01
6.169999999999999929e-01 1.000000019439571813e-01 2.835792583961959656e-01 5.289526492464096119e-01
6.189999999999999947e-01 1.000000019519822203e-01 2.835792551474046741e-01 5.289526553062913194e-01
6.209999999999999964e-01 1.000000019601454265e-01 2.835792512226186779e-01 5.289526626270878440e-01
6.229999999999999982e-01 1.000000019684490760e-01 2.835792463693572185e-01 5.289526716797445793e-01
6.250000000000000000e-01 1.000000019768955140e-01 2.835792406460242998e-01 5.289526823553223345e-01
6.270000000000000018e-01 1.000000019854871552e-01 2.835792339690202946e-01 5.289526948097574843e-01
6.290000000000000036e-01 1.000000019942263868e-01 2.835792262903740202e-01 5.289527091325295638e-01
6.310000000000000053e-01 1.000000020031157066e-01 2.835792172489847163e-01 5.289527259971905648e-01
6.330000000000000071e-01 1.000000020121575989e-01 2.835792065004874019e-01 5.289527460460757835e-01
6.350000000000000089e-01 1.000000020213546031e-01 2.835791959382842342e-01 5.289527657474729638e-01
6.370000000000000107e-01 1.000000020307093146e-01 2.835791862690463794e-01 5.289527837832469492e-01
6.390000000000000124e-01 1.000000020402243422e-01 2.835791779267066159e-01 5.289527993439939735e-01
6.410000000000000142e-01 1.000000020499023784e-01 2.835791711870446763e-01 5.289528119153087404e-01
6.430000000000000160e-01 1.000000020597461292e-01 2.835791660477035570e-01 5.289528215015875112e-01
6.450000000000000178e-01 1.000000020697583286e-01 2.835791616361867939e-01 5.289528297302747983e-01
6.470000000000000195e-01 1.000000020799417938e-01 2.835791571852291915e-01 5.289528380325303480e-01
6.490000000000000213e-01 1.000000020902993836e-01 2.835791521553065464e-01 5.289528474147145998e-01
6.510000000000000231e-01 1.000000021008339568e-01 2.835791464582938515e-01 5.289528580412050651e-01
6.530000000000000249e-01 1.000000021115484555e-01 2.835791406686829497e-01 5.289528688404169232e-01
6.550000000000000266e-01 1.000000021224458774e-01 2.835791350300292946e-01 5.289528793580525745e-01
6.570000000000000284e-01 1.000000021335292616e-01 2.835791296831144948e-01 5.289528893315156299e-01
6.590000000000000302e-01 1.000000021448016613e-01 2.835791242560515846e-01 5.289528994544773211e-01
6.610000000000000320e-01 1.000000021562662267e-01 2.835791182166423341e-01 5.289529107196334623e-01
6.630000000000000338e-01 1.000000021679261358e-01 2.835791107539165079e-01 5.289529246396663664e-01
6.650000000000000355e-01 1.000000021797846084e-01 2.835791012362391394e-01 5.289529423927491480e-01
6.670000000000000373e-01 1.000000021918449472e-01 2.835790905014947128e-01 5.289529624159978738e-01
6.690000000000000391e-01 1.000000022041104553e-01 2.835790800598578798e-01 5.289529818925218230e-01
6.710000000000000409e-01 1.000000022165845603e-01 2.835790711279600473e-01 5.289529985529685119e-01
6.730000000000000426e-01 1.000000022292706764e-01 2.835790641396405687e-01 5.289530115881075911e-01
6.750000000000000444e-01 1.000000022421723006e-01 2.835790587851913513e-01 5.289530215756294007e-01
6.770000000000000462e-01 1.000000022552930135e-01 2.835790537617065010e-01 5.289530309458119195e-01
6.790000000000000480e-01 1.000000022686363954e-01 2.835790484047763238e-01 5.289530409379621378e-01
6.810000000000000497e-01 1.000000022822061380e-01 2.835790428868585900e-01 5.289530512303989296e-01
6.830000000000000515e-01 1.000000022960059465e-01 2.835790378875679973e-01 5.289530605554534359e-01
6.850000000000000533e-01 1.000000023100396096e-01 2.835790333673552377e-01 5.289530689868962021e-01
6.870000000000000551e-01 1.000000023243109992e-01 2.835790292854462602e-01 5.289530766007817242e-01
6.890000000000000568e-01 1.000000023388239873e-01 2.835790254802464383e-01 5.289530836985286699e-01
6.910000000000000586e-01 1.000000023535825705e-01 2.835790214819602917e-01 5.289530911564350735e-01
6.930000000000000604e-01 1.000000023685907596e-01 2.835790169080005807e-01 5.289530996881316449e-01
6.950000000000000622e-01 1.000000023838526625e-01 2.835790115069901085e-01 5.289531097625063127e-01
6.970000000000000639e-01 1.000000023993724424e-01 2.835790052217878054e-01 5.289531214861432629e-01
6.990000000000000657e-01 1.000000024151543182e-01 2.835789986710740007e-01 5.289531337050330517e-01
7.010000000000000675e-01 1.000000024312026059e-01 2.835789926387575766e-01 5.289531449569691013e-01
7.030000000000000693e-01 1.000000024475216354e-01 2.835789872695036462e-01 5.289531549721108172e-01
7.049999999999999600e-01 1.000000024641158614e-01 2.835789827006298114e-01 5.289531634943228644e-01
7.069999999999999618e-01 1.000000024809897803e-01 2.835789789605508426e-01 5.289531704706037507e-01
7.089999999999999636e-01 1.000000024981479579e-01 2.835789759493872464e-01 5.289531760872561161e-01
7.109999999999999654e-01 1.000000025155950573e-01 2.835789733874621299e-01 5.289531808659546641e-01
7.129999999999999671e-01 1.000000025333357828e-01 2.835789707279049443e-01 5.289531858267640940e-01
7.149999999999999689e-01 1.000000025513749224e-01 2.835789677044108781e-01 5.289531914664165058e-01
7.169999999999999707e-01 1.000000025697173750e-01 2.835789640268722711e-01 5.289531983260430392e-01
7.189999999999999725e-01 1.000000025883680532e-01 2.835789596214673414e-01 5.289532065433417696e-01
7.209999999999999742e-01 1.000000026073319948e-01 2.835789544261878570e-01 5.289532162339753985e-01
7.229999999999999760e-01 1.000000026266142927e-01 2.835789483618518791e-01 5.289532275456402255e-01
7.249999999999999778e-01 1.000000026462201513e-01 2.835789413945326576e-01 5.289532405416192962e-01
7.269999999999999796e-01 1.000000026661548164e-01 2.835789334541993223e-01 5.289532553525397862e-01
7.289999999999999813e-01 1.000000026864236585e-01 2.835789245253470536e-01 5.289532720073228944e-01
7.309999999999999831e-01 1.000000027070320763e-01 2.835789159004693527e-01 5.289532880951102189e-01
7.329999999999999849e-01 1.000000027279856207e-01 2.835789082446165676e-01 5.289533023753982821e-01
7.349999999999999867e-01 1.000000027492898846e-01 2.835789018072081835e-01 5.289533143829503459e-01
7.369999999999999885e-01 1.000000027709505440e-01 2.835788968620771566e-01 5.289533236069916544e-01
7.389999999999999902e-01 1.000000027929733998e-01 2.835788934242789439e-01 5.289533300194392273e-01
7.409999999999999920e-01 1.000000028153643084e-01 2.835788909934818802e-01 5.289533345535503139e-01
7.429999999999999938e-01 1.000000028381292511e-01 2.835788884671248122e-01 5.289533392659073741e-01
7.449999999999999956e-01 1.000000028612742786e-01 2.835788849978668758e-01 5.289533457370365621e-01
7.469999999999999973e-01 1.000000028848055528e-01 2.835788799371890545e-01 5.289533551766056885e-01
7.489999999999999991e-01 1.000000029087292908e-01 2.835788728863917196e-01 5.289533683283009768e-01
7.510000000000000009e-01 1.000000029330518764e-01 2.835788632245803131e-01 5.289533863502635658e-01
7.530000000000000027e-01 1.000000029577797350e-01 2.835788511629156461e-01 5.289534088486210761e-01
7.550000000000000044e-01 1.000000029829194170e-01 2.835788389335551773e-01 5.289534316597798158e-01
7.570000000000000062e-01 1.000000030084775698e-01 2.835788277984038763e-01 5.289534524299358553e-01
7.590000000000000080e-01 1.000000030344609381e-01 2.835788183729983647e-01 5.289534700109413956e-01
7.610000000000000098e-01 1.000000030608764051e-01 2.835788111362763653e-01 5.289534835094436005e-01
7.630000000000000115e-01 1.000000030877309098e-01 2.835788063466430087e-01 5.289534924434443619e-01
7.650000000000000133e-01 1.000000031150315299e-01 2.835788028801000116e-01 5.289534989095130424e-01
7.670000000000000151e-01 1.000000031427854541e-01 2.835787993883850389e-01 5.289535054225346089e-01
7.690000000000000169e-01 1.000000031709999682e-01 2.835787951341763313e-01 5.289535133578198156e-01
7.710000000000000187e-01 1.000000031996824967e-01 2.835787904004498095e-01 5.289535221875396598e-01
7.730000000000000204e-01 1.000000032288405477e-01 2.835787859493076879e-01 5.289535304901611390e-01
7.750000000000000222e-01 1.000000032584817677e-01 2.835787819018398825e-01 5.289535380398175946e-01
7.770000000000000240e-01 1.000000032886139145e-01 2.835787778601182585e-01 5.289535455787560680e-01
7.790000000000000258e-01 1.000000033192448706e-01 2.835787732586538268e-01 5.289535541617712555e-01
7.810000000000000275e-01 1.000000033503826297e-01 2.835787674800323011e-01 5.289535649405133766e-01
7.830000000000000293e-01 1.000000033820353101e-01 2.835787602330616664e-01 5.289535784581369526e-01
7.850000000000000311e-01 1.000000034142111832e-01 2.835787512241120245e-01 5.289535952623444226e-01
7.870000000000000329e-01 1.000000034469186033e-01 2.835787413635191268e-01 5.289536136551055145e-01
7.890000000000000346e-01 1.000000034801661053e-01 2.835787330762847280e-01 5.289536291131144985e-01
7.910000000000000364e-01 1.000000035139623211e-01 2.835787268427965024e-01 5.289536407403132579e-01
7.930000000000000382e-01 1.000000035483160077e-01 2.835787218155721434e-01 5.289536501174928462e-01
7.950000000000000400e-01 1.000000035832360884e-01 2.835787169149266984e-01 5.289536592585678543e-01
7.970000000000000417e-01 1.000000036187315977e-01 2.835787116715149381e-01 5.289536690389980977e-01
7.990000000000000435e-01 1.000000036548117366e-01 2.835787067818889562e-01 5.289536781595193249e-01
8.010000000000000453e-01 1.000000036914858170e-01 2.835787028496145057e-01 5.289536854943122091e-01
8.030000000000000471e-01 1.000000037287633314e-01 2.835786999790072538e-01 5.289536908487985079e-01
8.050000000000000488e-01 1.000000037666538694e-01 2.835786982189976158e-01 5.289536941317094509e-01
8.070000000000000506e-01 1.000000038051672147e-01 2.835786967290395144e-01 5.289536969108985520e-01
8.090000000000000524e-01 1.000000038443132760e-01 2.835786944596405124e-01 5.289537011439633396e-01
8.110000000000000542e-01 1.000000038841021149e-01 2.835786909827047175e-01 5.289537076294227314e-01
8.130000000000000560e-01 1.000000039245439731e-01 2.835786860143575949e-01 5.289537168967821668e-01
8.150000000000000577e-01 1.000000039656492035e-01 2.835786795077349098e-01 5.289537290334571651e-01
8.170000000000000595e-01 1.000000040074283530e-01 2.835786721481508010e-01 5.289537427611448184e-01
8.190000000000000613e-01 1.000000040498921355e-01 2.835786659388469522e-01 5.289537543432379918e-01
8.210000000000000631e-01 1.000000040930513895e-01 2.835786614810303363e-01 5.289537626583165064e-01
8.230000000000000648e-01 1.000000041369171616e-01 2.835786590982335986e-01 5.289537671029009847e-01
8.250000000000000666e-01 1.000000041815006513e-01 2.835786580245427957e-01 5.289537691056355184e-01
8.270000000000000684e-01 1.000000042268132244e-01 2.835786570358659331e-01 5.289537709497953433e-01
8.290000000000000702e-01 1.000000042728664273e-01 2.835786557016888865e-01 5.289537734384098799e-01
8.310000000000000719e-01 1.000000043196719729e-01 2.835786533599027326e-01 5.289537778064983264e-01
8.330000000000000737e-01 1.000000043672417682e-01 2.835786491818331756e-01 5.289537855997707982e-01
8.349999999999999645e-01 1.000000044155879009e-01 2.835786424271002915e-01 5.289537981992440407e-01
8.369999999999999662e-01 1.000000044647226111e-01 2.835786329319229804e-01 5.289538159104165693e-01
8.389999999999999680e-01 1.000000045146583749e-01 2.835786216013681527e-01 5.289538370450852511e-01
8.409999999999999698e-01 1.000000045654078212e-01 2.835786097767701297e-01 5.289538591012851176e-01
8.429999999999999716e-01 1.000000046169837870e-01 2.835785988544719527e-01 5.289538794744437222e-01
8.449999999999999734e-01 1.000000046693993033e-01 2.835785901871047399e-01 5.289538956415229531e-01
8.469999999999999751e-01 1.000000047226676098e-01 2.835785843631827841e-01 5.289539065047769162e-01
8.489999999999999769e-01 1.000000047768021122e-01 2.835785813079212403e-01 5.289539122037000274e-01
8.509999999999999787e-01 1.000000048318164525e-01 2.835785805735327458e-01 5.289539135735413788e-01
8.529999999999999805e-01 1.000000048877244668e-01 2.835785804827490320e-01 5.289539137428785898e-01
8.549999999999999822e-01 1.000000049445402273e-01 2.835785794774233204e-01 5.289539156180942392e-01
8.569999999999999840e-01 1.000000050022779724e-01 2.835785765462873198e-01 5.289539210854884432e-01
8.589999999999999858e-01 1.000000050609521768e-01 2.835785709957828193e-01 5.289539314387429192e-01
8.609999999999999876e-01 1.000000051205775647e-01 2.835785627680221244e-01 5.289539467858351829e-01
8.629999999999999893e-01 1.000000051811690271e-01 2.835785528800219835e-01 5.289539652297430283e-01
8.649999999999999911e-01 1.000000052427417324e-01 2.835785423219026047e-01 5.289539849236135627e-01
8.669999999999999929e-01 1.000000053053110433e-01 2.835785325394236112e-01 5.289540031706974066e-01
8.689999999999999947e-01 1.000000053688925861e-01 2.835785248565209082e-01 5.289540175014798562e-01
8.709999999999999964e-01 1.000000054335021676e-01 2.835785193766248158e-01 5.289540277230334597e-01
8.729999999999999982e-01 1.000000054991559140e-01 2.835785158721548793e-01 5.289540342598597622e-01
8.750000000000000000e-01 1.000000055658701176e-01 2.835785128360275298e-01 5.289540399230949763e-01
8.770000000000000018e-01 1.000000056336613624e-01 2.835785093902314369e-01 5.289540463504781576e-01
8.790000000000000036e-01 1.000000057025464545e-01 2.835785048579813616e-01 5.289540548044052715e-01
8.810000000000000053e-01 1.000000057725424912e-01 2.835784992385700365e-01 5.289540652861958181e-01
8.830000000000000071e-01 1.000000058436667921e-01 2.835784937171265674e-01 5.289540755852488729e-01
8.850000000000000089e-01 1.000000059159369403e-01 2.835784885496840380e-01 5.289540852239905666e-01
8.870000000000000107e-01 1.000000059893708104e-01 2.835784835068516085e-01 5.289540946302994096e-01
8.890000000000000124e-01 1.000000060639865129e-01 2.835784781432950652e-01 5.289541046348499309e-01
8.910000000000000142e-01 1.000000061398024359e-01 2.835784722505337863e-01 5.289541156265173960e-01
8.930000000000000160e-01 1.000000062168372728e-01 2.835784657727943303e-01 5.289541277093352534e-01
8.950000000000000178e-01 1.000000062951099528e-01 2.835784586805424889e-01 5.289541409383932136e-01
8.970000000000000195e-01 1.000000063746397244e-01 2.835784519101319234e-01 5.289541535671267170e-01
8.990000000000000213e-01 1.000000064554461138e-01 2.835784461857490668e-01 5.289541642447227465e-01
9.010000000000000231e-01 1.000000065375489244e-01 2.835784413263333636e-01 5.289541733089103692e-01
9.030000000000000249e-01 1.000000066209682792e-01 2.835784365670899199e-01 5.289541821862484561e-01
9.050000000000000266e-01 1.000000067057245923e-01 2.835784314881218404e-01 5.289541916599640459e-01
9.070000000000000284e-01 1.000000067918385693e-01 2.835784256898072342e-01 5.289542024754653182e-01
9.090000000000000302e-01 1.000000068793312491e-01 2.835784201221637213e-01 5.289542128606999905e-01
9.110000000000000320e-01 1.000000069682239756e-01 2.835784154420548653e-01 5.289542215904310396e-01
9.130000000000000338e-01 1.000000070585383843e-01 2.835784119004353121e-01 5.289542281965566861e-01
9.150000000000000355e-01 1.000000071502964855e-01 2.835784097379661084e-01 5.289542322301755695e-01
9.170000000000000373e-01 1.000000072435205806e-01 2.835784086953621608e-01 5.289542341749278176e-01
9.190000000000000391e-01 1.000000073382332905e-01 2.835784076146775634e-01 5.289542361907114687e-01
9.210000000000000409e-01 1.000000074344576245e-01 2.835784055329845788e-01 5.289542400736598760e-01
9.230000000000000426e-01 1.000000075322168697e-01 2.835784022538914151e-01 5.289542461900996750e-01
9.250000000000000444e-01 1.000000076315347292e-01 2.835783982360921551e-01 5.289542536844362708e-01
9.270000000000000462e-01 1.000000077324351838e-01 2.835783941373120620e-01 5.289542613298253704e-01
9.290000000000000480e-01 1.000000078349426308e-01 2.835783908940280873e-01 5.289542673794713767e-01
9.310000000000000497e-01 1.000000079390818003e-01 2.835783890597693424e-01 5.289542708008850846e-01
9.330000000000000515e-01 1.000000080448777973e-01 2.835783884428272894e-01 5.289542719516573399e-01
9.350000000000000533e-01 1.000000081523560874e-01 2.835783885932233739e-01 5.289542716711259640e-01
9.370000000000000551e-01 1.000000082615425251e-01 2.835783885272638583e-01 5.289542717941592143e-01
9.390000000000000568e-01 1.000000083724633393e-01 2.835783874127675297e-01 5.289542738730115268e-01
9.410000000000000586e-01 1.000000084851451476e-01 2.835783841093414970e-01 5.289542800348397966e-01
9.430000000000000604e-01 1.000000085996149840e-01 2.835783775378080129e-01 5.289542922926177004e-01
9.450000000000000622e-01 1.000000087159002571e-01 2.835783672423105584e-01 5.289543114966480664e-01
9.470000000000000639e-01 1.000000088340287641e-01 2.835783539179889123e-01 5.289543363502988704e-01
9.490000000000000657e-01 1.000000089540287601e-01 2.835783396242122500e-01 5.289543630122616191e-01
9.510000000000000675e-01 1.000000090759288612e-01 2.835783260309676090e-01 5.289543883675352776e-01
9.530000000000000693e-01 1.000000091997581692e-01 2.835783144487861174e-01 5.289544099716052550e-01
9.550000000000000711e-01 1.000000093255461464e-01 2.835783065916682166e-01 5.289544246273707451e-01
9.570000000000000728e-01 1.000000094533227274e-01 2.835783031403099064e-01 5.289544310651385084e-01
9.590000000000000746e-01 1.000000095831182906e-01 2.835783035354603743e-01 5.289544303280701021e-01
9.609999999999999654e-01 1.000000097149636447e-01 2.835783057025153542e-01 5.289544262858943968e-01
9.629999999999999671e-01 1.000000098488900563e-01 2.835783071513381937e-01 5.289544235834265917e-01
9.649999999999999689e-01 1.000000099849292640e-01 2.835783069728314287e-01 5.289544239163925798e-01
9.669999999999999707e-01 1.000000101231134364e-01 2.835783042780209984e-01 5.289544289429827240e-01
9.689999999999999725e-01 1.000000102634752558e-01 2.835782975919394766e-01 5.289544414144322637e-01
9.709999999999999742e-01 1.000000104060478484e-01 2.835782870824243296e-01 5.289544610176775130e-01
9.729999999999999760e-01 1.000000105508648540e-01 2.835782748618766447e-01 5.289544838124886628e-01
9.749999999999999778e-01 1.000000106979603842e-01 2.835782631144502242e-01 5.289545057247954096e-01
9.769999999999999796e-01 1.000000108473690641e-01 2.835782537580738283e-01 5.289545231771118905e-01
9.789999999999999813e-01 1.000000109991260183e-01 2.835782476270004016e-01 5.289545346133170955e-01
9.809999999999999831e-01 1.000000111532668573e-01 2.835782441865261627e-01 5.289545410307856521e-01
9.829999999999999849e-01 1.000000113098277743e-01 2.835782422419904081e-01 5.289545446579010379e-01
9.849999999999999867e-01 1.000000114688454345e-01 2.835782397349470019e-01 5.289545493342542315e-01
9.869999999999999885e-01 1.000000116303570580e-01 2.835782356788499881e-01 5.289545569000356773e-01
9.889999999999999902e-01 1.000000117944004063e-01 2.835782299678286655e-01 5.289545675527249635e-01
9.909999999999999920e-01 1.000000119610137961e-01 2.835782231351295368e-01 5.289545802976648448e-01
9.929999999999999938e-01 1.000000121302360850e-01 2.835782159615395370e-01 5.289545936784644242e-01
9.949999999999999956e-01 1.000000123021067139e-01 2.835782089007822804e-01 5.289546068487993580e-01
9.969999999999999973e-01 1.000000124766656923e-01 2.835782020931841840e-01 5.289546195469205792e-01
9.989999999999999991e-01 1.000000126539536127e-01 2.835781956094987621e-01 5.289546316408523241e-01
1.000999999999999890e+00 1.000000128340116368e-01 2.835781895886598236e-01 5.289546428714433368e-01
1.002999999999999892e+00 1.000000130168815365e-01 2.835781842441098544e-01 5.289546528405617565e-01
1.004999999999999893e+00 1.000000132026057087e-01 2.835781797353311706e-01 5.289546612507274315e-01
1.006999999999999895e+00 1.000000133912271466e-01 2.835781760777131288e-01 5.289546680732345463e-01
1.008999999999999897e+00 1.000000135827894404e-01 2.835781726688352267e-01 5.289546744317700222e-01
1.010999999999999899e+00 1.000000137773368741e-01 2.835781688804984157e-01 5.289546814981054279e-01
1.012999999999999901e+00 1.000000139749143008e-01 2.835781643553682008e-01 5.289546899387722600e-01
1.014999999999999902e+00 1.000000141755672811e-01 2.835781592006861307e-01 5.289546995537344198e-01
1.016999999999999904e+00 1.000000143793420004e-01 2.835781538809857838e-01 5.289547094765033597e-01
1.018999999999999906e+00 1.000000145862853101e-01 2.835781488383303239e-01 5.289547188825043378e-01
1.020999999999999908e+00 1.000000147964447555e-01 2.835781444305178756e-01 5.289547271043409937e-01
1.022999999999999909e+00 1.000000150098685481e-01 2.835781406704609431e-01 5.289547341179278162e-01
1.024999999999999911e+00 1.000000152266056208e-01 2.835781373634963520e-01 5.289547402863672421e-01
1.026999999999999913e+00 1.000000154467055730e-01 2.835781342916323666e-01 5.289547460162766779e-01
1.028999999999999915e+00 1.000000156702187531e-01 2.835781315232149824e-01 5.289547511801709900e-01
1.030999999999999917e+00 1.000000158971962178e-01 2.835781294524401530e-01 5.289547550427614597e-01
1.032999999999999918e+00 1.000000161276897448e-01 2.835781284963522775e-01 5.289547568261403487e-01
1.034999999999999920e+00 1.000000163617518895e-01 2.835781288778089215e-01 5.289547561146139554e-01
1.036999999999999922e+00 1.000000165994359147e-01 2.835781301489536665e-01 5.289547537435634883e-01
1.038999999999999924e+00 1.000000168407959023e-01 2.835781323698315926e-01 5.289547496009876504e-01
1.040999999999999925e+00 1.000000170858866694e-01 2.835781342521234150e-01 5.289547460899721720e-01
1.042999999999999927e+00 1.000000173347638244e-01 2.835781348166805382e-01 5.289547450369108672e-01
1.044999999999999929e+00 1.000000175874837666e-01 2.835781338326094914e-01 5.289547468724863366e-01
1.046999999999999931e+00 1.000000178441037418e-01 2.835781292539746312e-01 5.289547554129567786e-01
1.048999999999999932e+00 1.000000181046817593e-01 2.835781199719776824e-01 5.289547727265507815e-01
1.050999999999999934e+00 1.000000183692766886e-01 2.835781082914531348e-01 5.289547945140901097e-01
1.052999999999999936e+00 1.000000186379482459e-01 2.835780943762362671e-01 5.289548204699761058e-01
1.054999999999999938e+00 1.000000189107569659e-01 2.835780795507233942e-01 5.289548481238289801e-01
1.056999999999999940e+00 1.000000191877642858e-01 2.835780674758900388e-01 5.289548706468742978e-01
1.058999999999999941e+00 1.000000194690324890e-01 2.835780571455796539e-01 5.289548899158827977e-01
1.060999999999999943e+00 1.000000197546247749e-01 2.835780491596204822e-01 5.289549048120010255e-01
1.062999999999999945e+00 1.000000200446052034e-01 2.835780451865669294e-01 5.289549122228925926e-01
1.064999999999999947e+00 1.000000203390387782e-01 2.835780452383046546e-01 5.289549121263869003e-01
1.066999999999999948e+00 1.000000206379914186e-01 2.835780475261439615e-01 5.289549078589061981e-01
1.068999999999999950e+00 1.000000209415299740e-01 2.835780501831601796e-01 5.289549029028041138e-01
1.070999999999999952e+00 1.000000212497222374e-01 2.835780506091841180e-01 5.289549021081464408e-01
1.072999999999999954e+00 1.000000215626369870e-01 2.835780488611508998e-01 5.289549053687329083e-01
1.074999999999999956e+00 1.000000218803439589e-01 2.835780427999284870e-01 5.289549166746623232e-01
1.076999999999999957e+00 1.000000222029138880e-01 2.835780317336295542e-01 5.289549373165053359e-01
1.078999999999999959e+00 1.000000225304184809e-01 2.835780177942048841e-01 5.289549633175598675e-01
1.080999999999999961e+00 1.000000228629305127e-01 2.835780031426459180e-01 5.289549906469533935e-01
1.082999999999999963e+00 1.000000232005237299e-01 2.835779892077555098e-01 5.289550166395554642e-01
1.084999999999999964e+00 1.000000235432729617e-01 2.835779773037741536e-01 5.289550388439265838e-01
1.086999999999999966e+00 1.000000238912540640e-01 2.835779690404399700e-01 5.289550542574379399e-01
1.088999999999999968e+00 1.000000242445440030e-01 2.835779649241765843e-01 5.289550619354616012e-01
1.090999999999999970e+00 1.000000246032207996e-01 2.835779644163686219e-01 5.289550628826705791e-01
1.092999999999999972e+00 1.000000249673635710e-01 2.835779649588806017e-01 5.289550618707286045e-01
1.094999999999999973e+00 1.000000253370525866e-01 2.835779639102932181e-01 5.289550638266479199e-01
1.096999999999999975e+00 1.000000257123691838e-01 2.835779594334870701e-01 5.289550721771885122e-01
1.098999999999999977e+00 1.000000260933959079e-01 2.835779499117290214e-01 5.289550899380272009e-01
1.100999999999999979e+00 1.000000264802164279e-01 2.835779379528419741e-01 5.289551122448195031e-01
1.102999999999999980e+00 1.000000268729156067e-01 2.835779245658001657e-01 5.289551372155368858e-01
1.104999999999999982e+00 1.000000272715794725e-01 2.835779119348179611e-01 5.289551607759858110e-01
1.106999999999999984e+00 1.000000276762952889e-01 2.835779024641435497e-01 5.289551784415446045e-01
1.108999999999999986e+00 1.000000280871515268e-01 2.835778954790091899e-01 5.289551914708500169e-01
1.110999999999999988e+00 1.000000285042379200e-01 2.835778922547383951e-01 5.289551974850521532e-01
1.112999999999999989e+00 1.000000289276454235e-01 2.835778927679120653e-01 5.289551965278340706e-01
1.114999999999999991e+00 1.000000293574662968e-01 2.835778953355725940e-01 5.289551917384008872e-01
1.116999999999999993e+00 1.000000297937940624e-01 2.835778988312421256e-01 5.289551852179613656e-01
1.118999999999999995e+00 1.000000302367235749e-01 2.835778994845761791e-01 5.289551839993035243e-01
1.120999999999999996e+00 1.000000306863510074e-01 2.835778982861663078e-01 5.289551862346861810e-01
1.122999999999999998e+00 1.000000311427738653e-01 2.835778940532382997e-01 5.289551941303270999e-01
1.125000000000000000e+00 1.000000316060910277e-01 2.835778857620764315e-01 5.289552095957542610e-01
1.127000000000000002e+00 1.000000320764027339e-01 2.835778738173494462e-01 5.289552318761440164e-01
1.129000000000000004e+00 1.000000325538106527e-01 2.835778604676673642e-01 5.289552567771859115e-01
1.131000000000000005e+00 1.000000330384178265e-01 2.835778476952933169e-01 5.289552806013825270e-01
1.133000000000000007e+00 1.000000335303287552e-01 2.835778365462210959e-01 5.289553013976503459e-01
1.135000000000000009e+00 1.000000340296494095e-01 2.835778283930466825e-01 5.289553166056969458e-01
1.137000000000000011e+00 1.000000345364871757e-01 2.835778240178571941e-01 5.289553247667008185e-01
1.139000000000000012e+00 1.000000350509510083e-01 2.835778231397428906e-01 5.289553264046400471e-01
1.141000000000000014e+00 1.000000355731513191e-01 2.835778240398141303e-01 5.289553247257448021e-01
1.143000000000000016e+00 1.000000361032000462e-01 2.835778247505746363e-01 5.289553233999692017e-01
1.145000000000000018e+00 1.000000366412107239e-01 2.835778243017485489e-01 5.289553242371607400e-01
1.147000000000000020e+00 1.000000371872984267e-01 2.835778218713922993e-01 5.289553287704837903e-01
1.149000000000000021e+00 1.000000377415798392e-01 2.835778167046655307e-01 5.289553384079359599e-01
1.151000000000000023e+00 1.000000383041732277e-01 2.835778088937946917e-01 5.289553529774886353e-01
1.153000000000000025e+00 1.000000388751985242e-01 2.835777994795522505e-01 5.289553705377981752e-01
1.154999999999999805e+00 1.000000394547773258e-01 2.835777905426745127e-01 5.289553872076843133e-01
1.156999999999999806e+00 1.000000400430328812e-01 2.835777832305930168e-01 5.289554008468518864e-01
1.158999999999999808e+00 1.000000406400901459e-01 2.835777784795565082e-01 5.289554097089229634e-01
1.160999999999999810e+00 1.000000412460757965e-01 2.835777764864584882e-01 5.289554134266331031e-01
1.162999999999999812e+00 1.000000418611182718e-01 2.835777769004639848e-01 5.289554126543918322e-01
1.164999999999999813e+00 1.000000424853477732e-01 2.835777781837140465e-01 5.289554102607555430e-01
1.166999999999999815e+00 1.000000431188962785e-01 2.835777785877249824e-01 5.289554095071571371e-01
1.168999999999999817e+00 1.000000437618975974e-01 2.835777776395383420e-01 5.289554112758022564e-01
1.170999999999999819e+00 1.000000444144873574e-01 2.835777743095221903e-01 5.289554174872553860e-01
1.172999999999999821e+00 1.000000450768030874e-01 2.835777683576510277e-01 5.289554285892346108e-01
1.174999999999999822e+00 1.000000457489841482e-01 2.835777616133401402e-01 5.289554411693461189e-01
1.176999999999999824e+00 1.000000464311718712e-01 2.835777558487980743e-01 5.289554519219027418e-01
1.178999999999999826e+00 1.000000471235094751e-01 2.835777524340897804e-01 5.289554582913325032e-01
1.180999999999999828e+00 1.000000478261421633e-01 2.835777514746736228e-01 5.289554600809243112e-01
1.182999999999999829e+00 1.000000485392171373e-01 2.835777515564790185e-01 5.289554599283332603e-01
1.184999999999999831e+00 1.000000492628835835e-01 2.835777512238288889e-01 5.289554605488231420e-01
1.186999999999999833e+00 1.000000499972927559e-01 2.835777492037681591e-01 5.289554643168272730e-01
1.188999999999999835e+00 1.000000507425979485e-01 2.835777443996355673e-01 5.289554732779402357e-01
1.190999999999999837e+00 1.000000514989545786e-01 2.835777360298589178e-01 5.289554888900233065e-01
1.192999999999999838e+00 1.000000522665201313e-01 2.835777243349877352e-01 5.289555107043824034e-01
1.194999999999999840e+00 1.000000530454543124e-01 2.835777101056872751e-01 5.289555372461965943e-01
1.196999999999999842e+00 1.000000538359189506e-01 2.835776952753245594e-01 5.289555649091708389e-01
1.198999999999999844e+00 1.000000546380780675e-01 2.835776818928138487e-01 5.289555898714790594e-01
1.200999999999999845e+00 1.000000554520979745e-01 2.835776707306617017e-01 5.289556106921690093e-01
1.202999999999999847e+00 1.000000562781471897e-01 2.835776626775125542e-01 5.289556257136569517e-01
1.204999999999999849e+00 1.000000571163965346e-01 2.835776582953708491e-01 5.289556338876383323e-01
1.206999999999999851e+00 1.000000579670191625e-01 2.835776581334484292e-01 5.289556341896712865e-01
1.208999999999999853e+00 1.000000588301905718e-01 2.835776606018650670e-01 5.289556295853491408e-01
1.210999999999999854e+00 1.000000597060886343e-01 2.835776649460873267e-01 5.289556214820987368e-01
1.212999999999999856e+00 1.000000605948936222e-01 2.835776686455473983e-01 5.289556145815194066e-01
1.214999999999999858e+00 1.000000614967882923e-01 2.835776699205417306e-01 5.289556122032806895e-01
1.216999999999999860e+00 1.000000624119578158e-01 2.835776690709218562e-01 5.289556137880712106e-01
1.218999999999999861e+00 1.000000633405898898e-01 2.835776650362023532e-01 5.289556213140077512e-01
1.220999999999999863e+00 1.000000642828747788e-01 2.835776580625148369e-01 5.289556343219832257e-01
1.222999999999999865e+00 1.000000652390052730e-01 2.835776485555432935e-01 5.289556520552785024e-01
1.224999999999999867e+00 1.000000662091767856e-01 2.835776368243822509e-01 5.289556739373422189e-01
1.226999999999999869e+00 1.000000671935873664e-01 2.835776264667908553e-01 5.289556932572964110e-01
1.228999999999999870e+00 1.000000681924377161e-01 2.835776168714394530e-01 5.289557111554500368e-01
1.230999999999999872e+00 1.000000692059312551e-01 2.835776085896601351e-01 5.289557266034061733e-01
1.232999999999999874e+00 1.000000702342741521e-01 2.835776024016656294e-01 5.289557381458379615e-01
1.234999999999999876e+00 1.000000712776753092e-01 2.835775983996748351e-01 5.289557456107294442e-01
1.236999999999999877e+00 1.000000723363464877e-01 2.835775957703015049e-01 5.289557505152852057e-01
1.238999999999999879e+00 1.000000734105022382e-01 2.835775936202704628e-01 5.289557545257264071e-01
1.240999999999999881e+00 1.000000745003600255e-01 2.835775902719905872e-01 5.289557607712549459e-01
1.242999999999999883e+00 1.000000756061402429e-01 2.835775842745238973e-01 5.289557719582976825e-01
1.244999999999999885e+00 1.000000767280661840e-01 2.835775754536913329e-01 5.289557884117506159e-01
1.246999999999999886e+00 1.000000778663641954e-01 2.835775641204715258e-01 5.289558095515478620e-01
1.248999999999999888e+00 1.000000790212636215e-01 2.835775523095582784e-01 5.289558315823861268e-01
1.250999999999999890e+00 1.000000801929968597e-01 2.835775422475501628e-01 5.289558503510016774e-01
1.252999999999999892e+00 1.000000813817994438e-01 2.835775352813644234e-01 5.289558633449953362e-01
1.254999999999999893e+00 1.000000825879100441e-01 2.835775320710303693e-01 5.289558693332166994e-01
1.256999999999999895e+00 1.000000838115705087e-01 2.835775329957089808e-01 5.289558676084178401e-01
1.258999999999999897e+00 1.000000850530259056e-01 2.835775361363563896e-01 5.289558617501828319e-01
1.260999999999999899e+00 1.000000863125246053e-01 2.835775387968336170e-01 5.289558567876070372e-01
1.262999999999999901e+00 1.000000875903182262e-01 2.835775393929365062e-01 5.289558556756991381e-01
1.264999999999999902e+00 1.000000888866618004e-01 2.835775374796739579e-01 5.289558592444987273e-01
1.266999999999999904e+00 1.000000902018137183e-01 2.835775325879720254e-01 5.289558683689677965e-01
1.268999999999999906e+00 1.000000915360357984e-01 2.835775263070170471e-01 5.289558800848044307e-01
1.270999999999999908e+00 1.000000928895933422e-01 2.835775188025789206e-01 5.289558940827994160e-01
1.272999999999999909e+00 1.000000942627552042e-01 2.835775109188235499e-01 5.289559087883338728e-01
1.274999999999999911e+00 1.000000956557937498e-01 2.835775026379430130e-01 5.289559242346251189e-01
1.276999999999999913e+00 1.000000970689850083e-01 2.835774945332761865e-01 5.289559393522265118e-01
1.278999999999999915e+00 1.000000985026086170e-01 2.835774883237163202e-01 5.289559509348934485e-01
1.280999999999999917e+00 1.000000999569479604e-01 2.835774819956492498e-01 5.289559627386117846e-01
1.282999999999999918e+00 1.000001014322901283e-01 2.835774755771121036e-01 5.289559747110841315e-01
1.284999999999999920e+00 1.000001029289260546e-01 2.835774707257924243e-01 5.289559837602322290e-01
1.286999999999999922e+00 1.000001044471504619e-01 2.835774678968516760e-01 5.289559890370447715e-01
1.288999999999999924e+00 1.000001059872620002e-01 2.835774682709043537e-01 5.289559883393257778e-01
1.290999999999999925e+00 1.000001075495632469e-01 2.835774712168831480e-01 5.289559828442025324e-01
1.292999999999999927e+00 1.000001091343607762e-01 2.835774764125754688e-01 5.289559731526976005e-01
1.294999999999999929e+00 1.000001107419651730e-01 2.835774820446474442e-01 5.289559626472156717e-01
1.296999999999999931e+00 1.000001123726911578e-01 2.835774851284302844e-01 5.289559568950477075e-01
1.298999999999999932e+00 1.000001140268575589e-01 2.835774852671137380e-01 5.289559566363619680e-01
1.300999999999999934e+00 1.000001157047873818e-01 2.835774839047138784e-01 5.289559591776410441e-01
1.302999999999999936e+00 1.000001174068079063e-01 2.835774800003597607e-01 5.289559664604174261e-01
1.304999999999999938e+00 1.000001191332507006e-01 2.835774723664211128e-01 5.289559806999737379e-01
1.306999999999999940e+00 1.000001208844516626e-01 2.835774598787531575e-01 5.289560039931743285e-01
1.308999999999999941e+00 1.000001226607511312e-01 2.835774490993170360e-01 5.289560241000180740e-01
1.310999999999999943e+00 1.000001244624938446e-01 2.835774392633390595e-01 5.289560424470340916e-01
1.312999999999999945e+00 1.000001262900291205e-01 2.835774286490686524e-01 5.289560622457976091e-01
1.314999999999999947e+00 1.000001281437108008e-01 2.835774168021283903e-01 5.289560843438579907e-01
1.316999999999999948e+00 1.000001300238973628e-01 2.835774026383663382e-01 5.289561107634811465e-01
1.318999999999999950e+00 1.000001319309519743e-01 2.835773891463484464e-01 5.289561359301043764e-01
1.320999999999999952e+00 1.000001338652425353e-01 2.835773830827509889e-01 5.289561472405165388e-01
1.322999999999999954e+00 1.000001358271417340e-01 2.835773802630413565e-01 5.289561525001135189e-01
1.324999999999999956e+00 1.000001378170271432e-01 2.835773774938621927e-01 5.289561576654563391e-01
1.326999999999999957e+00 1.000001398352812348e-01 2.835773740086082739e-01 5.289561641664916047e-01
1.328999999999999959e+00 1.000001418822914628e-01 2.835773696215642681e-01 5.289561723496338796e-01
1.330999999999999961e+00 1.000001439584503188e-01 2.835773624614553179e-01 5.289561857053679539e-01
1.332999999999999963e+00 1.000001460641553874e-01 2.835773549905075130e-01 5.289561996409096745e-01
1.334999999999999964e+00 1.000001481998094577e-01 2.835773472939372430e-01 5.289562139973051913e-01
1.336999999999999966e+00 1.000001503658204810e-01 2.835773409504081521e-01 5.289562258298765585e-01
1.338999999999999968e+00 1.000001525626017379e-01 2.835773399476755885e-01 5.289562277002715085e-01
1.340999999999999970e+00 1.000001547905718796e-01 2.835773415237951567e-01 5.289562247603389888e-01
1.342999999999999972e+00 1.000001570501549419e-01 2.835773462391767419e-01 5.289562159647476225e-01
1.344999999999999973e+00 1.000001593417804702e-01 2.835773532369725847e-01 5.289562029117743647e-01
1.346999999999999975e+00 1.000001616658835746e-01 2.835773622374394010e-01 5.289561861232242590e-01
1.348999999999999977e+00 1.000001640229049582e-01 2.835773693913354876e-01 5.289561727790791368e-01
1.350999999999999979e+00 1.000001664132910278e-01 2.835773728140495442e-01 5.289561663946990011e-01
1.352999999999999980e+00 1.000001688374939635e-01 2.835773726400062644e-01 5.289561667193415362e-01
1.354999999999999982e+00 1.000001712959717737e-01 2.835773693800634487e-01 5.289561728001047625e-01
1.356999999999999984e+00 1.000001737891883374e-01 2.835773637976967687e-01 5.289561832128799601e-01
1.358999999999999986e+00 1.000001763176135566e-01 2.835773555712192140e-01 5.289561985577093672e-01
1.360999999999999988e+00 1.000001788817233422e-01 2.835773460387814859e-01 5.289562163385445048e-01
1.362999999999999989e+00 1.000001814819997392e-01 2.835773350096578160e-01 5.289562369111460161e-01
1.364999999999999991e+00 1.000001841189309681e-01 2.835773252311163950e-01 5.289562551510404997e-01
1.366999999999999993e+00 1.000001867930115640e-01 2.835773175816856395e-01 5.289562694195097947e-01
1.368999999999999995e+00 1.000001895047423345e-01 2.835773112758664949e-01 5.289562811817433152e-01
1.370999999999999996e+00 1.000001922546305821e-01 2.835773046883443560e-01 5.289562934694376217e-01
1.372999999999999998e+00 1.000001950431900766e-01 2.835772971679617616e-01 5.289563074971955769e-01
1.375000000000000000e+00 1.000001978709411377e-01 2.835772888180935203e-01 5.289563230721927578e-01
1.377000000000000002e+00 1.000002007384107883e-01 2.835772817196500206e-01 5.289563363129099471e-01
1.379000000000000004e+00 1.000002036461327543e-01 2.835772767615338807e-01 5.289563455612776854e-01
1.381000000000000005e+00 1.000002065946476032e-01 2.835772742379019662e-01 5.289563502686052132e-01
1.383000000000000007e+00 1.000002095845027861e-01 2.835772727365332702e-01 5.289563530691064885e-01
1.385000000000000009e+00 1.000002126162527621e-01 2.835772712966119213e-01 5.289563557549901152e-01
1.387000000000000011e+00 1.000002156904590128e-01 2.835772685706056673e-01 5.289563608398064609e-01
1.389000000000000012e+00 1.000002188076902221e-01 2.835772644706495149e-01 5.289563684874502014e-01
1.391000000000000014e+00 1.000002219685222765e-01 2.835772591669324383e-01 5.289563783804681618e-01
1.393000000000000016e+00 1.000002251735384040e-01 2.835772519940418790e-01 5.289563917600540455e-01
1.395000000000000018e+00 1.000002284233292432e-01 2.835772458790106754e-01 5.289564031664164556e-01
1.397000000000000020e+00 1.000002317184929129e-01 2.835772429193406663e-01 5.289564086870865989e-01
1.399000000000000021e+00 1.000002350596351508e-01 2.835772409633301461e-01 5.289564123356315095e-01
1.401000000000000023e+00 1.000002384473693690e-01 2.835772403634957417e-01 5.289564134545021723e-01
1.403000000000000025e+00 1.000002418823167510e-01 2.835772406354405417e-01 5.289564129472437148e-01
1.405000000000000027e+00 1.000002453651063494e-01 2.835772404808470371e-01 5.289564132356069370e-01
1.407000000000000028e+00 1.000002488963751407e-01 2.835772374129540419e-01 5.289564189581454912e-01
1.408999999999999808e+00 1.000002524767682199e-01 2.835772300925933354e-01 5.289564326128094462e-01
1.410999999999999810e+00 1.000002561069387869e-01 2.835772173422585474e-01 5.289564563960020838e-01
1.412999999999999812e+00 1.000002597875483124e-01 2.835771984252905553e-01 5.289564916818163542e-01
1.414999999999999813e+00 1.000002635192665801e-01 2.835771743578678339e-01 5.289565365747790349e-01
1.416999999999999815e+00 1.000002673027718392e-01 2.835771503024948625e-01 5.289565814452727999e-01
1.418999999999999817e+00 1.000002711387509013e-01 2.835771303939792487e-01 5.289566185806382492e-01
1.420999999999999819e+00 1.000002750278991964e-01 2.835771154968504959e-01 5.289566463682643382e-01
1.422999999999999821e+00 1.000002789709209111e-01 2.835771060381614972e-01 5.289566640115659357e-01
1.424999999999999822e+00 1.000002829685290723e-01 2.835771018525221621e-01 5.289566718190433781e-01
1.426999999999999824e+00 1.000002870214456857e-01 2.835771015529883199e-01 5.289566723777641144e-01
1.428999999999999826e+00 1.000002911304018055e-01 2.835771019664506953e-01 5.289566716065323693e-01
1.430999999999999828e+00 1.000002952961376451e-01 2.835771021357285648e-01 5.289566712907781687e-01
1.432999999999999829e+00 1.000002995194027161e-01 2.835771001505444366e-01 5.289566749937442136e-01
1.434999999999999831e+00 1.000003038009559114e-01 2.835770969222246585e-01 5.289566810155327259e-01
1.436999999999999833e+00 1.000003081415655887e-01 2.835770922132334615e-01 5.289566897992195038e-01
1.438999999999999835e+00 1.000003125420097644e-01 2.835770851623182209e-01 5.289567029513004837e-01
1.440999999999999837e+00 1.000003170030761418e-01 2.835770793187405991e-01 5.289567138513335820e-01
1.442999999999999838e+00 1.000003215255622635e-01 2.835770745848147367e-01 5.289567226815321543e-01
1.444999999999999840e+00 1.000003261102756363e-01 2.835770703547448868e-01 5.289567305718875234e-01
1.446999999999999842e+00 1.000003307580338147e-01 2.835770677678187135e-01 5.289567353972848274e-01
1.448999999999999844e+00 1.000003354696645530e-01 2.835770671461557701e-01 5.289567365568736967e-01
1.450999999999999845e+00 1.000003402460059032e-01 2.835770681566973650e-01 5.289567346719088459e-01
1.452999999999999847e+00 1.000003450879063532e-01 2.835770691315095404e-01 5.289567328535902391e-01
1.454999999999999849e+00 1.000003499962249104e-01 2.835770693510087925e-01 5.289567324441579732e-01
1.456999999999999851e+00 1.000003549718312817e-01 2.835770679632964031e-01 5.289567350326600526e-01
1.458999999999999853e+00 1.000003600156059436e-01 2.835770658830561453e-01 5.289567389129353758e-01
1.460999999999999854e+00 1.000003651284403217e-01 2.835770625944447065e-01 5.289567450471873711e-01
1.462999999999999856e+00 1.000003703112368608e-01 2.835770607949129052e-01 5.289567484038569800e-01
1.464999999999999858e+00 1.000003755649091775e-01 2.835770589870148517e-01 5.289567517761321058e-01
1.466999999999999860e+00 1.000003808903822122e-01 2.835770573582380716e-01 5.289567548142921627e-01
1.468999999999999861e+00 1.000003862885923411e-01 2.835770547309975909e-01 5.289567597148882028e-01
1.470999999999999863e+00 1.000003917604874865e-01 2.835770510463933580e-01 5.289567665877867864e-01
1.472999999999999865e+00 1.000003973070273111e-01 2.835770459546341216e-01 5.289567760854543277e-01
1.474999999999999867e+00 1.000004029291832741e-01 2.835770389665494551e-01 5.289567891203416083e-01
1.476999999999999869e+00 1.000004086279388249e-01 2.835770290034103636e-01 5.289568077046045147e-01
1.478999999999999870e+00 1.000004144042895560e-01 2.835770167770651495e-01 5.289568305104320745e-01
1.480999999999999872e+00 1.000004202592432584e-01 2.835770020829679883e-01 5.289568579193650866e-01
1.482999999999999874e+00 1.000004261938201716e-01 2.835769864578894239e-01 5.289568870648629906e-01
1.484999999999999876e+00 1.000004322090530390e-01 2.835769725590269741e-01 5.289569129904483358e-01
1.486999999999999877e+00 1.000004383059872881e-01 2.835769585891413369e-01 5.289569390485160394e-01
1.488999999999999879e+00 1.000004444856811836e-01 2.835769448765811385e-01 5.289569646265963598e-01
1.490999999999999881e+00 1.000004507492059658e-01 2.835769306355657160e-01 5.289569911904083988e-01
1.492999999999999883e+00 1.000004570976460172e-01 2.835769144880124215e-01 5.289570213104949348e-01
1.494999999999999885e+00 1.000004635320989321e-01 2.835768951894016010e-01 5.289570573082643667e-01
1.496999999999999886e+00 1.000004700536758218e-01 2.835768780241215148e-01 5.289570893267283580e-01
1.498999999999999888e+00 1.000004766635013004e-01 2.835768632221449259e-01 5.289571169369161607e-01
1.500999999999999890e+00 1.000004833627137490e-01 2.835768495767446717e-01 5.289571423897398983e-01
1.502999999999999892e+00 1.000004901524654682e-01 2.835768357182578692e-01 5.289571682400374675e-01
1.504999999999999893e+00 1.000004970339227750e-01 2.835768199838797354e-01 5.289571975894465927e-01
1.506999999999999895e+00 1.000005040082662111e-01 2.835768060703074966e-01 5.289572235425006319e-01
1.508999999999999897e+00 1.000005110766906818e-01 2.835767943728435547e-01 5.289572453618390790e-01
1.510999999999999899e+00 1.000005182404056503e-01 2.835767848631587373e-01 5.289572631003034431e-01
1.512999999999999901e+00 1.000005255006352761e-01 2.835767791663718063e-01 5.289572737265501035e-01
1.514999999999999902e+00 1.000005328586185960e-01 2.835767776352862701e-01 5.289572765824921419e-01
1.516999999999999904e+00 1.000005403156096762e-01 2.835767778350966051e-01 5.289572762097848324e-01
1.518999999999999906e+00 1.000005478728777930e-01 2.835767784893464816e-01 5.289572749894090320e-01
1.520999999999999908e+00 1.000005555317076272e-01 2.835767776458812395e-01 5.289572765627292839e-01
1.522999999999999909e+00 1.000005632933993888e-01 2.835767745527853489e-01 5.289572823322976625e-01
1.524999999999999911e+00 1.000005711592690527e-01 2.835767685570927954e-01 5.289572935160954392e-01
1.526999999999999913e+00 1.000005791306484704e-01 2.835767591627950113e-01 5.289573110393309685e-01
1.528999999999999915e+00 1.000005872088856190e-01 2.835767508578563301e-01 5.289573265305798078e-01
1.530999999999999917e+00 1.000005953953447407e-01 2.835767424532931180e-01 5.289573422076598863e-01
1.532999999999999918e+00 1.000006036914065227e-01 2.835767345178027421e-01 5.289573570097765298e-01
1.534999999999999920e+00 1.000006120984683056e-01 2.835767263181893649e-01 5.289573723045641884e-01
1.536999999999999922e+00 1.000006206179442497e-01 2.835767171104372486e-01 5.289573894798400566e-01
1.538999999999999924e+00 1.000006292512655715e-01 2.835767054220958983e-01 5.289574112821757712e-01
1.540999999999999925e+00 1.000006379998806538e-01 2.835766903077355239e-01 5.289574394750887754e-01
1.542999999999999927e+00 1.000006468652552966e-01 2.835766735221146861e-01 5.289574707854179936e-01
1.544999999999999929e+00 1.000006558488729241e-01 2.835766555387373433e-01 5.289575043299344914e-01
1.546999999999999931e+00 1.000006649522347246e-01 2.835766360106699580e-01 5.289575407557766118e-01
1.548999999999999932e+00 1.000006741768598995e-01 2.835766171819910642e-01 5.289575758770492797e-01
1.550999999999999934e+00 1.000006835242858577e-01 2.835766013708562183e-01 5.289576053696785074e-01
1.552999999999999936e+00 1.000006929960683966e-01 2.835765887166301624e-01 5.289576289737042414e-01
1.554999999999999938e+00 1.000007025937819233e-01 2.835765792821699494e-01 5.289576465718772713e-01
1.556999999999999940e+00 1.000007123190196634e-01 2.835765726129925723e-01 5.289576590119471344e-01
1.558999999999999941e+00 1.000007221733938551e-01 2.835765663689064908e-01 5.289576706590913835e-01
1.560999999999999943e+00 1.000007321585359849e-01 2.835765583777937193e-01 5.289576855649792408e-01
1.562999999999999945e+00 1.000007422760969961e-01 2.835765476152745657e-01 5.289577056403954591e-01
1.564999999999999947e+00 1.000007525277474829e-01 2.835765333884842088e-01 5.289577321777477747e-01
1.566999999999999948e+00 1.000007629151779404e-01 2.835765158110321038e-01 5.289577649651215907e-01
1.568999999999999950e+00 1.000007734400989584e-01 2.835764946702051814e-01 5.289578043992946288e-01
1.570999999999999952e+00 1.000007841042414580e-01 2.835764734881939253e-01 5.289578439102949892e-01
1.572999999999999954e+00 1.000007949093569132e-01 2.835764533143611543e-01 5.289578815407363077e-01
1.574999999999999956e+00 1.000008058572176006e-01 2.835764358952670428e-01 5.289579140327418383e-01
1.576999999999999957e+00 1.000008169496167804e-01 2.835764226693304746e-01 5.289579387032125046e-01
1.578999999999999959e+00 1.000008281883689731e-01 2.835764133697836198e-01 5.289579560497509325e-01
1.580999999999999961e+00 1.000008395753101686e-01 2.835764071020621113e-01 5.289579677409955716e-01
1.582999999999999963e+00 1.000008511122980753e-01 2.835764036161930179e-01 5.289579742432228837e-01
1.584999999999999964e+00 1.000008628012123701e-01 2.835764000559274911e-01 5.289579808842227449e-01
1.586999999999999966e+00 1.000008746439549068e-01 2.835763938726308941e-01 5.289579924179897974e-01
1.588999999999999968e+00 1.000008866424499793e-01 2.835763828524924812e-01 5.289580129739692715e-01
1.590999999999999970e+00 1.000008987986445858e-01 2.835763657766903756e-01 5.289580448256446799e-01
1.592999999999999972e+00 1.000009111145086643e-01 2.835763430094406234e-01 5.289580872936439082e-01
1.594999999999999973e+00 1.000009235920353012e-01 2.835763177127325063e-01 5.289581344798773843e-01
1.596999999999999975e+00 1.000009362332410501e-01 2.835762897863086662e-01 5.289581865713588460e-01
1.598999999999999977e+00 1.000009490401661955e-01 2.835762617840904554e-01 5.289582388042308736e-01
1.600999999999999979e+00 1.000009620148749057e-01 2.835762363521486806e-01 5.289582862427443244e-01
1.602999999999999980e+00 1.000009751594556351e-01 2.835762138095198615e-01 5.289583282917941220e-01
1.604999999999999982e+00 1.000009884760212908e-01 2.835761937301538027e-01 5.289583657460943389e-01
1.606999999999999984e+00 1.000010019667095240e-01 2.835761752270170577e-01 5.289584002602384372e-01
1.608999999999999986e+00 1.000010156336830353e-01 2.835761560746962173e-01 5.289584359853188866e-01
1.610999999999999988e+00 1.000010294791297827e-01 2.835761340332598746e-01 5.289584770995111596e-01
1.612999999999999989e+00 1.000010435052633012e-01 2.835761078165173199e-01 5.289585260019674662e-01
1.614999999999999991e+00 1.000010577143230078e-01 2.835760765076331125e-01 5.289585844028785733e-01
1.616999999999999993e+00 1.000010721085743820e-01 2.835760452936026965e-01 5.289586426268704233e-01
1.618999999999999995e+00 1.000010866903093543e-01 2.835760180221723048e-01 5.289586934966826748e-01
1.620999999999999996e+00 1.000011014618465560e-01 2.835759947793242142e-01 5.289587368519270694e-01
1.622999999999999998e+00 1.000011164255315693e-01 2.835759770929648371e-01 5.289587698425717299e-01
1.625000000000000000e+00 1.000011315837372738e-01 2.835759654821964348e-01 5.289587915003232110e-01
1.627000000000000002e+00 1.000011469388641105e-01 2.835759580506383992e-01 5.289588053625278175e-01
1.629000000000000004e+00 1.000011624933404009e-01 2.835759518855271999e-01 5.289588168624094200e-01
1.631000000000000005e+00 1.000011782496226243e-01 2.835759446784383297e-01 5.289588303059092889e-01
1.633000000000000007e+00 1.000011942101957096e-01 2.835759362024658503e-01 5.289588461162794131e-01
1.635000000000000009e+00 1.000012103775734240e-01 2.835759261824376543e-01 5.289588648068029864e-01
1.637000000000000011e+00 1.000012267542985528e-01 2.835759139302892473e-01 5.289588876609390145e-01
1.639000000000000012e+00 1.000012433429433162e-01 2.835758992126418132e-01 5.289589151140140499e-01
1.641000000000000014e+00 1.000012601461096606e-01 2.835758808180327550e-01 5.289589494257912472e-01
1.643000000000000016e+00 1.000012771664295363e-01 2.835758615869518051e-01 5.289589852978584528e-01
1.645000000000000018e+00 1.000012944065652581e-01 2.835758487260681693e-01 5.289590092874894012e-01
1.647000000000000020e+00 1.000013118692098385e-01 2.835758356914416800e-01 5.289590336012082172e-01
1.649000000000000021e+00 1.000013295570872790e-01 2.835758204683534456e-01 5.289590619971060725e-01
1.651000000000000023e+00 1.000013474729529034e-01 2.835758035940502131e-01 5.289590934730482585e-01
1.653000000000000025e+00 1.000013656195937600e-01 2.835757855576812592e-01 5.289591271166168562e-01
1.655000000000000027e+00 1.000013839998288440e-01 2.835757699094714201e-01 5.289591563055119350e-01
1.657000000000000028e+00 1.000014026165095549e-01 2.835757540273721733e-01 5.289591859306886912e-01
1.659000000000000030e+00 1.000014214725199607e-01 2.835757362811882620e-01 5.289592190329812649e-01
1.661000000000000032e+00 1.000014405707771586e-01 2.835757157764782210e-01 5.289592572808099469e-01
1.663000000000000034e+00 1.000014599142316774e-01 2.835756902114414113e-01 5.289593049677709935e-01
1.665000000000000036e+00 1.000014795058677547e-01 2.835756609856715516e-01 5.289593594831791812e-01
1.666999999999999815e+00 1.000014993487037679e-01 2.835756269342023517e-01 5.289594230000742581e-01
1.668999999999999817e+00 1.000015194457925249e-01 2.835755914466187022e-01 5.289594891957989375e-01
1.670999999999999819e+00 1.000015398002216949e-01 2.835755570510970491e-01 5.289595533544935169e-01
1.672999999999999821e+00 1.000015604151141130e-01 2.835755245208662068e-01 5.289596140338360675e-01
1.674999999999999822e+00 1.000015812936282111e-01 2.835754963378634419e-01 5.289596666042113426e-01
1.676999999999999824e+00 1.000016024389583508e-01 2.835754736135341347e-01 5.289597089924105155e-01
1.678999999999999826e+00 1.000016238543352254e-01 2.835754561932004592e-01 5.289597414869526837e-01
1.680999999999999828e+00 1.000016455430262075e-01 2.835754441059669673e-01 5.289597640335449436e-01
1.682999999999999829e+00 1.000016675083358064e-01 2.835754336428045752e-01 5.289597835507218182e-01
1.684999999999999831e+00 1.000016897536059601e-01 2.835754234693885767e-01 5.289598025274295789e-01
1.686999999999999833e+00 1.000017122822165205e-01 2.835754101666312366e-01 5.289598273413719243e-01
1.688999999999999835e+00 1.000017350975855729e-01 2.835753953934673777e-01 5.289598548981006010e-01
1.690999999999999837e+00 1.000017582031699076e-01 2.835753770153732201e-01 5.289598891791941204e-01
1.692999999999999838e+00 1.000017816024653811e-01 2.835753538872825552e-01 5.289599323205746995e-01
1.694999999999999840e+00 1.000018052990072903e-01 2.835753260654453323e-01 5.289599842173223765e-01
1.696999999999999842e+00 1.000018292963708866e-01 2.835752910787827652e-01 5.289600494788069263e-01
1.698999999999999844e+00 1.000018535981717083e-01 2.835752539523148097e-01 5.289601187317407582e-01
1.700999999999999845e+00 1.000018782080660112e-01 2.835752199423359210e-01 5.289601821714252639e-01
1.702999999999999847e+00 1.000019031297512129e-01 2.835751823409780603e-01 5.289602523102185927e-01
1.704999999999999849e+00 1.000019283669663361e-01 2.835751442113401688e-01 5.289603234344454341e-01
1.706999999999999851e+00 1.000019539234923704e-01 2.835751109664868541e-01 5.289603854469693278e-01
1.708999999999999853e+00 1.000019798031527990e-01 2.835750835010896753e-01 5.289604366789284473e-01
1.710999999999999854e+00 1.000020060098139735e-01 2.835750620611663941e-01 5.289604766714126605e-01
1.712999999999999856e+00 1.000020325473855859e-01 2.835750474012548317e-01 5.289605040169561567e-01
1.714999999999999858e+00 1.000020594198210988e-01 2.835750359213949912e-01 5.289605254306621873e-01
1.716999999999999860e+00 1.000020866311182172e-01 2.835750238743079410e-01 5.289605479024349632e-01
1.718999999999999861e+00 1.000021141853193463e-01 2.835750094615112626e-01 5.289605747870353980e-01
1.720999999999999863e+00 1.000021420865120081e-01 2.835749900690208158e-01 5.289606109604049200e-01
1.722999999999999865e+00 1.000021703388293687e-01 2.835749634520007278e-01 5.289606606099050978e-01
1.724999999999999867e+00 1.000021989464506822e-01 2.835749294133710352e-01 5.289607241031627494e-01
1.726999999999999869e+00 1.000022279136017350e-01 2.835748883943152165e-01 5.289608006172348276e-01
1.728999999999999870e+00 1.000022572445553870e-01 2.835748398250348967e-01 5.289608912149952324e-01
1.730999999999999872e+00 1.000022869436319878e-01 2.835747835653433246e-01 5.289609961579532227e-01
1.732999999999999874e+00 1.000023170151999041e-01 2.835747249575284457e-01 5.289611054809831847e-01
1.734999999999999876e+00 1.000023474636760057e-01 2.835746727307904003e-01 5.289612029012246142e-01
1.736999999999999877e+00 1.000023782935261230e-01 2.835746283178275373e-01 5.289612857462041573e-01
1.738999999999999879e+00 1.000024095092656301e-01 2.835745917891620560e-01 5.289613538843603857e-01
1.740999999999999881e+00 1.000024411154598614e-01 2.835745627756635634e-01 5.289614080042338573e-01
1.742999999999999883e+00 1.000024731167246800e-01 2.835745415618325382e-01 5.289614475751270861e-01
1.744999999999999885e+00 1.000025055177269639e-01 2.835745244390704412e-01 5.289614795148123161e-01
1.746999999999999886e+00 1.000025383231851195e-01 2.835745068814458092e-01 5.289615122656656787e-01
1.748999999999999888e+00 1.000025715378696362e-01 2.835744871495527453e-01 5.289615490722631153e-01
1.750999999999999890e+00 1.000026051666036003e-01 2.835744626882472641e-01 5.289615947008078356e-01
1.752999999999999892e+00 1.000026392142632087e-01 2.835744308965724159e-01 5.289616540029633551e-01
1.754999999999999893e+00 1.000026736857783372e-01 2.835743923379431264e-01 5.289617259277805683e-01
1.756999999999999895e+00 1.000027085861330545e-01 2.835743487202129209e-01 5.289618072895467815e-01
1.758999999999999897e+00 1.000027439203661911e-01 2.835743014059790568e-01 5.289618955465662520e-01
1.760999999999999899e+00 1.000027796935718943e-01 2.835742510467707533e-01 5.289619894835234648e-01
1.762999999999999901e+00 1.000028159109001696e-01 2.835741962421502449e-01 5.289620917127160205e-01
1.764999999999999902e+00 1.000028525775574634e-01 2.835741415655178566e-01 5.289621937032066290e-01
1.766999999999999904e+00 1.000028896988071903e-01 2.835740977250449935e-01 5.289622754806075910e-01
1.768999999999999906e+00 1.000029272799703717e-01 2.835740578637130915e-01 5.289623498355785491e-01
1.770999999999999908e+00 1.000029653264261492e-01 2.835740180393834242e-01 5.289624241215485911e-01
1.772999999999999909e+00 1.000030038436124091e-01 2.835739763927951351e-01 5.289625018066752560e-01
1.774999999999999911e+00 1.000030428370263513e-01 2.835739291022155162e-01 5.289625900198032804e-01
1.776999999999999913e+00 1.000030823122251000e-01 2.835738805873105894e-01 5.289626805167478851e-01
1.778999999999999915e+00 1.000031222748263005e-01 2.835738294307498242e-01 5.289627759413206842e-01
1.780999999999999917e+00 1.000031627305086879e-01 2.835737804610654611e-01 5.289628672866493186e-01
1.782999999999999918e+00 1.000032036850127259e-01 2.835737328566155235e-01 5.289629560853758017e-01
1.784999999999999920e+00 1.000032451441412729e-01 2.835736848939807708e-01 5.289630455522706942e-01
1.786999999999999922e+00 1.000032871137600810e-01 2.835736376142666826e-01 5.289631337453120086e-01
1.788999999999999924e+00 1.000033295997985322e-01 2.835735910397204074e-01 5.289632206229999412e-01
1.790999999999999925e+00 1.000033726082502350e-01 2.835735449262082875e-01 5.289633066407273265e-01
1.792999999999999927e+00 1.000034161451736348e-01 2.835735047230986128e-01 5.289633816335228556e-01
1.794999999999999929e+00 1.000034602166926939e-01 2.835734657991950125e-01 5.289634542401738804e-01
1.796999999999999931e+00 1.000035048289975165e-01 2.835734238904907834e-01 5.289635324145409712e-01
1.798999999999999932e+00 1.000035499883450280e-01 2.835733754041175891e-01 5.289636228585863353e-01
1.800999999999999934e+00 1.000035957010595999e-01 2.835733187655145038e-01 5.289637285094311858e-01
1.802999999999999936e+00 1.000036419735337440e-01 2.835732549746326492e-01 5.289638475018330066e-01
1.804999999999999938e+00 1.000036888122287915e-01 2.835731866117357503e-01 5.289639750227083104e-01
1.806999999999999940e+00 1.000037362236755323e-01 2.835731181007998813e-01 5.289641028197901162e-01
1.808999999999999941e+00 1.000037842144749223e-01 2.835730525296254467e-01 5.289642251332368206e-01
1.810999999999999943e+00 1.000038327912987773e-01 2.835729912576260836e-01 5.289643394272516286e-01
1.812999999999999945e+00 1.000038819608904672e-01 2.835729347135673151e-01 5.289644449020238781e-01
1.814999999999999947e+00 1.000039317300656233e-01 2.835728826467637242e-01 5.289645420251606334e-01
1.816999999999999948e+00 1.000039821057128048e-01 2.835728340173316320e-01 5.289646327364072587e-01
1.818999999999999950e+00 1.000040330947942757e-01 2.835727857007212527e-01 5.289647228641605192e-01
1.820999999999999952e+00 1.000040847043466852e-01 2.835727338766673711e-01 5.289648195345840742e-01
1.822999999999999954e+00 1.000041369414817749e-01 2.835726746859379976e-01 5.289649299465394305e-01
1.824999999999999956e+00 1.000041898133871843e-01 2.835726073919885848e-01 5.289650554739644406e-01
1.826999999999999957e+00 1.000042433273271025e-01 2.835725355900530209e-01 5.289651894104712149e-01
1.828999999999999959e+00 1.000042974906430876e-01 2.835724616631886130e-01 5.289653273108075870e-01
1.830999999999999961e+00 1.000043523107547738e-01 2.835723862328400346e-01 5.289654680157597211e-01
1.832999999999999963e+00 1.000044077951606353e-01 2.835723130070421649e-01 5.289656046084969532e-01
1.834999999999999964e+00 1.000044639514387490e-01 2.835722435261912588e-01 5.289657342156116604e-01
1.836999999999999966e+00 1.000045207872476138e-01 2.835721770793634966e-01 5.289658581632267209e-01
1.838999999999999968e+00 1.000045783103268582e-01 2.835721131147272978e-01 5.289659774807022874e-01
1.840999999999999970e+00 1.000046365284980310e-01 2.835720490873730459e-01 5.289660969152238934e-01
1.842999999999999972e+00 1.000046954496654761e-01 2.835719821102427596e-01 5.289662218522184212e-01
1.844999999999999973e+00 1.000047550818170261e-01 2.835719088396641552e-01 5.289663585288776337e-01
1.846999999999999975e+00 1.000048154330248767e-01 2.835718257380304697e-01 5.289665135441667942e-01
1.848999999999999977e+00 1.000048765114463500e-01 2.835717308703294970e-01 5.289666905076351178e-01
1.850999999999999979e+00 1.000049383253247409e-01 2.835716345573819908e-01 5.289668701671458306e-01
1.852999999999999980e+00 1.000050008829901638e-01 2.835715437470783251e-01 5.289670395622884103e-01
1.854999999999999982e+00 1.000050641928603434e-01 2.835714578540007302e-01 5.289671997850673435e-01
1.856999999999999984e+00 1.000051282634414340e-01 2.835713764850167351e-01 5.289673515688056993e-01
1.858999999999999986e+00 1.000051931033289626e-01 2.835712990804705180e-01 5.289674959574582891e-01
1.860999999999999988e+00 1.000052587212085786e-01 2.835712237412066905e-01 5.289676364936566344e-01
1.862999999999999989e+00 1.000053251258569836e-01 2.835711507648846497e-01 5.289677726221467813e-01
1.864999999999999991e+00 1.000053923261427363e-01 2.835710786683386941e-01 5.289679071095898522e-01
1.866999999999999993e+00 1.000054603310271961e-01 2.835710062924631236e-01 5.289680421181577330e-01
1.868999999999999995e+00 1.000055291495653559e-01 2.835709321948028938e-01 5.289681803385809511e-01
1.870999999999999996e+00 1.000055987909067717e-01 2.835708542613578076e-01 5.289683257142850925e-01
1.872999999999999998e+00 1.000056692642964096e-01 2.835707702795018936e-01 5.289684823726800156e-01
1.875000000000000000e+00 1.000057405790755888e-01 2.835706773443446016e-01 5.289686557325266048e-01
1.877000000000000002e+00 1.000058127446828843e-01 2.835705831107276920e-01 5.289688315146162667e-01
1.879000000000000004e+00 1.000058857706550564e-01 2.835705007401252420e-01 5.289689851676979693e-01
1.881000000000000005e+00 1.000059596666279388e-01 2.835704291178900438e-01 5.289691187709837372e-01
1.883000000000000007e+00 1.000060344423374381e-01 2.835703665294621589e-01 5.289692355227654241e-01
1.885000000000000009e+00 1.000061101076204079e-01 2.835703056288692014e-01 5.289693491261274749e-01
1.887000000000000011e+00 1.000061866724156617e-01 2.835702428243753181e-01 5.289694662810585646e-01
1.889000000000000012e+00 1.000062641467648755e-01 2.835701749963271956e-01 5.289695928069402253e-01
1.891000000000000014e+00 1.000063425408135864e-01 2.835700978842137787e-01 5.289697366513143040e-01
1.893000000000000016e+00 1.000064218648121783e-01 2.835700090558644360e-01 5.289699023511664766e-01
1.895000000000000018e+00 1.000065021291168255e-01 2.835699108111093825e-01 5.289700856164443188e-01
1.897000000000000020e+00 1.000065833441905194e-01 2.835698021453225137e-01 5.289702883212109574e-01
1.899000000000000021e+00 1.000066655206040406e-01 2.835696855034305908e-01 5.289705059047481450e-01
1.901000000000000023e+00 1.000067486690369573e-01 2.835695633306393182e-01 5.289707338058050601e-01
1.903000000000000025e+00 1.000068328002787221e-01 2.835694464239119639e-01 5.289709518837332203e-01
1.905000000000000027e+00 1.000069179252295465e-01 2.835693403588693262e-01 5.289711497377271865e-01
1.907000000000000028e+00 1.000070040549015798e-01 2.835692458765021740e-01 5.289713259854942340e-01
1.909000000000000030e+00 1.000070912004198675e-01 2.835691616836872875e-01 5.289714830391902822e-01
1.911000000000000032e+00 1.000071793730234054e-01 2.835690825941640236e-01 5.289716305732656831e-01
1.913000000000000034e+00 1.000072685840662223e-01 2.835690009941948531e-01 5.289717827904283354e-01
1.915000000000000036e+00 1.000073588450184209e-01 2.835689129537355413e-01 5.289719470218253727e-01
1.917000000000000037e+00 1.000074501674672739e-01 2.835688149773019084e-01 5.289721297879904638e-01
1.919000000000000039e+00 1.000075425631182652e-01 2.835687052441914768e-01 5.289723344853215492e-01
1.920999999999999819e+00 1.000076360437962275e-01 2.835685858029172723e-01 5.289725572925463304e-01
1.922999999999999821e+00 1.000077306214464390e-01 2.835684598332588457e-01 5.289727922781028990e-01
1.924999999999999822e+00 1.000078263081356916e-01 2.835683339662073421e-01 5.289730270724636307e-01
1.926999999999999824e+00 1.000079231160534293e-01 2.835682141180308480e-01 5.289732506393147737e-01
1.928999999999999826e+00 1.000080210575128858e-01 2.835681036072407735e-01 5.289734567882119487e-01
1.930999999999999828e+00 1.000081201449522228e-01 2.835680039128934404e-01 5.289736427600522095e-01
1.932999999999999829e+00 1.000082203909356260e-01 2.835679137825437013e-01 5.289738108911316017e-01
1.934999999999999831e+00 1.000083218081545128e-01 2.835678285556866296e-01 5.289739698752293773e-01
1.936999999999999833e+00 1.000084244094286978e-01 2.835677406329057959e-01 5.289741338884641486e-01
1.938999999999999835e+00 1.000085282077075033e-01 2.835676436724697269e-01 5.289743147608727547e-01
1.940999999999999837e+00 1.000086332160710079e-01 2.835675330652953074e-01 5.289745210903973316e-01
1.942999999999999838e+00 1.000087394477311709e-01 2.835674071613257796e-01 5.289747559551607470e-01
1.944999999999999840e+00 1.000088469160331089e-01 2.835672706671385490e-01 5.289750105754460474e-01
1.946999999999999842e+00 1.000089556344562342e-01 2.835671292031963775e-01 5.289752744667176598e-01
1.948999999999999844e+00 1.000090656166155029e-01 2.835669903367228906e-01 5.289755335128458746e-01
1.950999999999999845e+00 1.000091768762626648e-01 2.835668597033907390e-01 5.289757772008305547e-01
1.952999999999999847e+00 1.000092894272874289e-01 2.835667400095289170e-01 5.289760004821419948e-01
1.954999999999999849e+00 1.000094032837188091e-01 2.835666303782187758e-01 5.289762049925664789e-01
1.956999999999999851e+00 1.000095184597263043e-01 2.835665250577221186e-01 5.289764014615842003e-01
1.958999999999999853e+00 1.000096349696211889e-01 2.835664162793430365e-01 5.289766043812257346e-01
1.960999999999999854e+00 1.000097528278577896e-01 2.835662991296739599e-01 5.289768229171882830e-01
1.962999999999999856e+00 1.000098720490347620e-01 2.835661700196903112e-01 5.289770637646383777e-01
1.964999999999999858e+00 1.000099926478964368e-01 2.835660307743974040e-01 5.289773235191864709e-01
1.966999999999999860e+00 1.000101146393340412e-01 2.835658839515161622e-01 5.289775974095912714e-01
1.968999999999999861e+00 1.000102380383870726e-01 2.835657321097210248e-01 5.289778806628158137e-01
1.970999999999999863e+00 1.000103628602446032e-01 2.835655772952750953e-01 5.289781694616829677e-01
1.972999999999999865e+00 1.000104891202466401e-01 2.835654229022491757e-01 5.289784574747256052e-01
1.974999999999999867e+00 1.000106168338854434e-01 2.835652748046907368e-01 5.289787337441597126e-01
1.976999999999999869e+00 1.000107460168069007e-01 2.835651272250219734e-01 5.289790090477807238e-01
1.978999999999999870e+00 1.000108766848118586e-01 2.835649772118391532e-01 5.289792888913128488e-01
1.980999999999999872e+00 1.000110088538575803e-01 2.835648223638813081e-01 5.289795777542328770e-01
1.982999999999999874e+00 1.000111425400590365e-01 2.835646642810109030e-01 5.289798726520836825e-01
1.984999999999999876e+00 1.000112777596903896e-01 2.835645080587124722e-01 5.289801640794279391e-01
1.986999999999999877e+00 1.000114145291863127e-01 2.835643543096839636e-01 5.289804508932854921e-01
1.988999999999999879e+00 1.000115528651435021e-01 2.835642015143874373e-01 5.289807359282949761e-01
1.990999999999999881e+00 1.000116927843220371e-01 2.835640459578370742e-01 5.289810261146555836e-01
1.992999999999999883e+00 1.000118343036468932e-01 2.835638840521915172e-01 5.289813281454124327e-01
1.994999999999999885e+00 1.000119774402092876e-01 2.835637132899860302e-01 5.289816466982244503e-01
1.996999999999999886e+00 1.000121222112682479e-01 2.835635347526694883e-01 5.289819797557304693e-01
1.998999999999999888e+00 1.000122686342520134e-01 2.835633521045051730e-01 5.289823204823682623e-01
2.000999999999999890e+00 1.000124167267595898e-01 2.835631700979782122e-01 5.289826600124805100e-01
2.003000000000000114e+00 1.000125665065621505e-01 2.835629937018968594e-01 5.289829890768168452e-01
2.004999999999999893e+00 1.000127179916046466e-01 2.835628266756231586e-01 5.289833006622900458e-01
2.007000000000000117e+00 1.000128712000072362e-01 2.835626701667215976e-01 5.289835926280670453e-01
2.008999999999999897e+00 1.000130261500668805e-01 2.835625227915140600e-01 5.289838675553246716e-01
2.011000000000000121e+00 1.000131828602588424e-01 2.835623818123501061e-01 5.289841305510820657e-01
2.012999999999999901e+00 1.000133413492382412e-01 2.835622423772076184e-01 5.289843906667343054e-01
2.015000000000000124e+00 1.000135016358416756e-01 2.835620974980923026e-01 5.289846609383651588e-01
2.016999999999999904e+00 1.000136637390886818e-01 2.835619405862689901e-01 5.289849536572944766e-01
2.019000000000000128e+00 1.000138276781834673e-01 2.835617653383106784e-01 5.289852805826575910e-01
2.020999999999999908e+00 1.000139934725163687e-01 2.835615704540672688e-01 5.289856441400184739e-01
2.023000000000000131e+00 1.000141611416655446e-01 2.835613589135719814e-01 5.289860387702515210e-01
2.024999999999999911e+00 1.000143307053985992e-01 2.835611361944646025e-01 5.289864542548977644e-01
2.027000000000000135e+00 1.000145021836741505e-01 2.835609064123899015e-01 5.289868829162619468e-01
2.028999999999999915e+00 1.000146755966435791e-01 2.835606809845729881e-01 5.289873034553781439e-01
2.031000000000000139e+00 1.000148509646525685e-01 2.835604646899374526e-01 5.289877069570303458e-01
2.032999999999999918e+00 1.000150283082428537e-01 2.835602612143740542e-01 5.289880865450278247e-01
2.035000000000000142e+00 1.000152076481538865e-01 2.835600722867724910e-01 5.289884389939802922e-01
2.036999999999999922e+00 1.000153890053245287e-01 2.835598954012998885e-01 5.289887689784793512e-01
2.039000000000000146e+00 1.000155724008947311e-01 2.835597254494552355e-01 5.289890860285010321e-01
2.040999999999999925e+00 1.000157578562072963e-01 2.835595526848246895e-01 5.289894083262446367e-01
2.043000000000000149e+00 1.000159453928095576e-01 2.835593707473658132e-01 5.289897477366067857e-01
2.044999999999999929e+00 1.000161350324551834e-01 2.835591822027206943e-01 5.289900994733535144e-01
2.047000000000000153e+00 1.000163267971058839e-01 2.835589821635969843e-01 5.289904726539705893e-01
2.048999999999999932e+00 1.000165207089331737e-01 2.835587675069658475e-01 5.289908731046911727e-01
2.050999999999999712e+00 1.000167167903202037e-01 2.835585378198384743e-01 5.289913015960883147e-01
2.052999999999999936e+00 1.000169150638635096e-01 2.835582941964535642e-01 5.289917560869430435e-01
2.054999999999999716e+00 1.000171155523748301e-01 2.835580396090336408e-01 5.289922310325538835e-01
2.056999999999999940e+00 1.000173182788829385e-01 2.835577851135602789e-01 5.289927058074862520e-01
2.058999999999999719e+00 1.000175232666354191e-01 2.835575354261333780e-01 5.289931716135787276e-01
2.060999999999999943e+00 1.000177305391006244e-01 2.835572947192183113e-01 5.289936206667922303e-01
2.062999999999999723e+00 1.000179401199693813e-01 2.835570656154632885e-01 5.289940480743217099e-01
2.064999999999999947e+00 1.000181520331570040e-01 2.835568469501287825e-01 5.289944560089624437e-01
2.066999999999999726e+00 1.000183663028050840e-01 2.835566320637775140e-01 5.289948568942729468e-01
2.068999999999999950e+00 1.000185829532834331e-01 2.835564196545467541e-01 5.289952531589414697e-01
2.070999999999999730e+00 1.000188020091919566e-01 2.835562035175825391e-01 5.289956563785737087e-01
2.072999999999999954e+00 1.000190234953625967e-01 2.835559723710776581e-01 5.289960876003040324e-01
2.074999999999999734e+00 1.000192474368613027e-01 2.835557211444328374e-01 5.289965562838900848e-01
2.076999999999999957e+00 1.000194738589899046e-01 2.835554511052421622e-01 5.289970600647250221e-01
2.078999999999999737e+00 1.000197027872881395e-01 2.835551666398616888e-01 5.289975907598689631e-01
2.080999999999999961e+00 1.000199342475355940e-01 2.835548772772883419e-01 5.289981305922485388e-01
2.082999999999999741e+00 1.000201682657537172e-01 2.835545893990817357e-01 5.289986676564993884e-01
2.084999999999999964e+00 1.000204048682078184e-01 2.835543098422309005e-01 5.289991891975110994e-01
2.086999999999999744e+00 1.000206440814090519e-01 2.835540419643839405e-01 5.289996889511484612e-01
2.088999999999999968e+00 1.000208859321165267e-01 2.835537845842390769e-01 5.290001691211336787e-01
2.090999999999999748e+00 1.000211304473392349e-01 2.835535331028576911e-01 5.290006382871914603e-01
2.092999999999999972e+00 1.000213776543382310e-01 2.835532823090078369e-01 5.290011061714126051e-01
2.094999999999999751e+00 1.000216275806286442e-01 2.835530208645672956e-01 5.290015939263934541e-01
2.096999999999999975e+00 1.000218802539817459e-01 2.835527409745980387e-01 5.290021160946480894e-01
2.098999999999999755e+00 1.000221357024271007e-01 2.835524422093009811e-01 5.290026734782246054e-01
2.100999999999999979e+00 1.000223939542546486e-01 2.835521296480617015e-01 5.290032566010930415e-01
2.102999999999999758e+00 1.000226550380168555e-01 2.835518110105844092e-01 5.290038510612821154e-01
2.104999999999999982e+00 1.000229189825308368e-01 2.835514906592609963e-01 5.290044487202235635e-01
2.106999999999999762e+00 1.000231858168805082e-01 2.835511751773667211e-01 5.290050372959029801e-01
2.108999999999999986e+00 1.000234555704188205e-01 2.835508673062173135e-01 5.290056116739340064e-01
2.110999999999999766e+00 1.000237282727698684e-01 2.835505652875552340e-01 5.290061751345178642e-01
2.112999999999999989e+00 1.000240039538311254e-01 2.835502667363165585e-01 5.290067321272891032e-01
2.114999999999999769e+00 1.000242826437756777e-01 2.835499694001988313e-01 5.290072868542330387e-01
2.116999999999999993e+00 1.000245643730544171e-01 2.835496688477391891e-01 5.290078475829472771e-01
2.118999999999999773e+00 1.000248491723983307e-01 2.835493629605915777e-01 5.290084182655963030e-01
2.120999999999999996e+00 1.000251370728207079e-01 2.835490518800040660e-01 5.290089986387220833e-01
2.122999999999999776e+00 1.000254281056194849e-01 2.835487398151487759e-01 5.290095808494442720e-01
2.125000000000000000e+00 1.000257223023794523e-01 2.835484287530385394e-01 5.290101611906483647e-01
2.126999999999999780e+00 1.000260196949746411e-01 2.835481194022907991e-01 5.290107383402667951e-01
2.129000000000000004e+00 1.000263203155705855e-01 2.835478077667749064e-01 5.290113197538056644e-01
2.130999999999999783e+00 1.000266241966266956e-01 2.835474853678272567e-01 5.290119212498569645e-01
2.133000000000000007e+00 1.000269313708985613e-01 2.835471404054185074e-01 5.290125648438157580e-01
2.134999999999999787e+00 1.000272418714403810e-01 2.835467680841762261e-01 5.290132594827166024e-01
2.137000000000000011e+00 1.000275557316072927e-01 2.835463738508506304e-01 5.290139950049302930e-01
2.138999999999999790e+00 1.000278729850577891e-01 2.835459669541517957e-01 5.290147541553795740e-01
2.141000000000000014e+00 1.000281936657561460e-01 2.835455588958490369e-01 5.290155154752308464e-01
2.142999999999999794e+00 1.000285178079747955e-01 2.835451631716212617e-01 5.290162537853257962e-01
2.145000000000000018e+00 1.000288454462968379e-01 2.835447923576505658e-01 5.290169456217583832e-01
2.146999999999999797e+00 1.000291766156184564e-01 2.835444494150620165e-01 5.290175854595019489e-01
2.149000000000000021e+00 1.000295113511513873e-01 2.835441285855718752e-01 5.290181840416100512e-01
2.150999999999999801e+00 1.000298496884254734e-01 2.835438212062615926e-01 5.290187575305467238e-01
2.153000000000000025e+00 1.000301916632910654e-01 2.835435100854431512e-01 5.290193380014196478e-01
2.154999999999999805e+00 1.000305373119216301e-01 2.835431775921725128e-01 5.290199583491614899e-01
2.157000000000000028e+00 1.000308866708162492e-01 2.835428090927715195e-01 5.290206458768698106e-01
2.158999999999999808e+00 1.000312397768021722e-01 2.835423980225610929e-01 5.290214128331689469e-01
2.161000000000000032e+00 1.000315966670374257e-01 2.835419494323784262e-01 5.290222497950812786e-01
2.162999999999999812e+00 1.000319573790133393e-01 2.835414774272769223e-01 5.290231304464870776e-01
2.165000000000000036e+00 1.000323219505571820e-01 2.835409975370343783e-01 5.290240258127324458e-01
2.166999999999999815e+00 1.000326904198347716e-01 2.835405246188424933e-01 5.290249081736793091e-01
2.169000000000000039e+00 1.000330628253531251e-01 2.835400765089389763e-01 5.290257442505523766e-01
2.170999999999999819e+00 1.000334392059630678e-01 2.835396620027385572e-01 5.290265176324828733e-01
2.173000000000000043e+00 1.000338196008619673e-01 2.835392784216851925e-01 5.290272333165673135e-01
2.174999999999999822e+00 1.000342040495963425e-01 2.835389167393311816e-01 5.290279081439147602e-01
2.177000000000000046e+00 1.000345925920646112e-01 2.835385614491183204e-01 5.290285710464742719e-01
2.178999999999999826e+00 1.000349852685197966e-01 2.835381911165574254e-01 5.290292620169030346e-01
2.181000000000000050e+00 1.000353821195722470e-01 2.835377881893817453e-01 5.290300138047608902e-01
2.182999999999999829e+00 1.000357831861923980e-01 2.835373423979739571e-01 5.290308455718665259e-01
2.185000000000000053e+00 1.000361885097135334e-01 2.835368549453789466e-01 5.290317550742963393e-01
2.186999999999999833e+00 1.000365981318345893e-01 2.835363393590226155e-01 5.290327170728732487e-01
2.189000000000000057e+00 1.000370120946229013e-01 2.835358117515812126e-01 5.290337015044219715e-01
2.190999999999999837e+00 1.000374304405170917e-01 2.835352860335196845e-01 5.290346824143324911e-01
2.193000000000000060e+00 1.000378532123298442e-01 2.835347818414877819e-01 5.290356231633641659e-01
2.194999999999999840e+00 1.000382804532507774e-01 2.835343091845334285e-01 5.290365050755641008e-01
2.197000000000000064e+00 1.000387122068493173e-01 2.835338652005369720e-01 5.290373334906870451e-01
2.198999999999999844e+00 1.000391485170775696e-01 2.835334414610564679e-01 5.290381241346537866e-01
2.201000000000000068e+00 1.000395894282732623e-01 2.835330218698923210e-01 5.290389070407185423e-01
2.202999999999999847e+00 1.000400349851625764e-01 2.835325847449690628e-01 5.290397226651091245e-01
2.205000000000000071e+00 1.000404852328631716e-01 2.835321126336304287e-01 5.290406035729164902e-01
2.206999999999999851e+00 1.000409402168871142e-01 2.835315980901957356e-01 5.290415636576869529e-01
2.209000000000000075e+00 1.000413999831438056e-01 2.835310460487242001e-01 5.290425937137861467e-01
2.210999999999999854e+00 1.000418645779430488e-01 2.835304724868665249e-01 5.290436639290972964e-01
2.213000000000000078e+00 1.000423340479979772e-01 2.835298910541048656e-01 5.290447488352333361e-01
2.214999999999999858e+00 1.000428084404281354e-01 2.835293167774439183e-01 5.290458203930367143e-01
2.217000000000000082e+00 1.000432878027624622e-01 2.835287648869854737e-01 5.290468501839309390e-01
2.218999999999999861e+00 1.000437721829424281e-01 2.835282391771919430e-01 5.290478311271737955e-01
2.221000000000000085e+00 1.000442616293250320e-01 2.835277325193260589e-01 5.290487765240938778e-01
2.222999999999999865e+00 1.000447561906859656e-01 2.835272371414918613e-01 5.290497008763350717e-01
2.225000000000000089e+00 1.000452559162226529e-01 2.835267350081288606e-01 5.290506378373786012e-01
2.226999999999999869e+00 1.000457608555574418e-01 2.835262041874914707e-01 5.290516283313528856e-01
2.229000000000000092e+00 1.000462710587407267e-01 2.835256325014078316e-01 5.290526950830634068e-01
2.230999999999999872e+00 1.000467865762540987e-01 2.835250228266494865e-01 5.290538327254160622e-01
2.233000000000000096e+00 1.000473074590135653e-01 2.835243865455806533e-01 5.290550200198927966e-01
2.234999999999999876e+00 1.000478337583727284e-01 2.835237416237412211e-01 5.290562234434040834e-01
2.237000000000000099e+00 1.000483655261260041e-01 2.835231004804573685e-01 5.290574198215611812e-01
2.238999999999999879e+00 1.000489028145118559e-01 2.835224768100563786e-01 5.290585836003799391e-01
2.241000000000000103e+00 1.000494456762160561e-01 2.835218766443418081e-01 5.290597035239168466e-01
2.242999999999999883e+00 1.000499941643750029e-01 2.835212956943309326e-01 5.290607875950084082e-01
2.245000000000000107e+00 1.000505483325789119e-01 2.835207211461492349e-01 5.290618597244538535e-01
2.246999999999999886e+00 1.000511082348752162e-01 2.835201448440533012e-01 5.290629351311372242e-01
2.249000000000000110e+00 1.000516739257718835e-01 2.835195505734217636e-01 5.290640440725274951e-01
2.250999999999999890e+00 1.000522454602407185e-01 2.835189199161469720e-01 5.290652209184618648e-01
2.253000000000000114e+00 1.000528228937207498e-01 2.835182494550742005e-01 5.290664720465153570e-01
2.254999999999999893e+00 1.000534062821216569e-01 2.835175483626716231e-01 5.290677803411382163e-01
2.257000000000000117e+00 1.000539956818271015e-01 2.835168285408279920e-01 5.290691235931315184e-01
2.258999999999999897e+00 1.000545911496981827e-01 2.835161054520132784e-01 5.290704729484524416e-01
2.261000000000000121e+00 1.000551927430769067e-01 2.835153910100866592e-01 5.290718061745841583e-01
2.262999999999999901e+00 1.000558005197895728e-01 2.835146983475853033e-01 5.290730987643609273e-01
2.265000000000000124e+00 1.000564145381503262e-01 2.835140332759673587e-01 5.290743398722445034e-01
2.266999999999999904e+00 1.000570348569646134e-01 2.835133908243213097e-01 5.290755387739244364e-01
2.269000000000000128e+00 1.000576615355326798e-01 2.835127591751487874e-01 5.290767175220246754e-01
2.270999999999999908e+00 1.000582946336531498e-01 2.835121260525614306e-01 5.290778990249993541e-01
2.273000000000000131e+00 1.000589342116265656e-01 2.835114826114388809e-01 5.290790997893357606e-01
2.274999999999999911e+00 1.000595803302588988e-01 2.835108088288944561e-01 5.290803571814737261e-01
2.277000000000000135e+00 1.000602330508652410e-01 2.835100920199959962e-01 5.290816948746236426e-01
2.278999999999999915e+00 1.000608924352733159e-01 2.835093298653106886e-01 5.290831171985127535e-01
2.281000000000000139e+00 1.000615585458271839e-01 2.835085298572705970e-01 5.290846101721028427e-01
2.282999999999999918e+00 1.000622314453908229e-01 2.835077057369900233e-01 5.290861481527240340e-01
2.285000000000000142e+00 1.000629111973518753e-01 2.835068703788217181e-01 5.290877071147167543e-01
2.286999999999999922e+00 1.000635978656252145e-01 2.835060310972490893e-01 5.290892734078963544e-01
2.289000000000000146e+00 1.000642915146567613e-01 2.835051975803256630e-01 5.290908289520880325e-01
2.290999999999999925e+00 1.000649922094271477e-01 2.835043836670781969e-01 5.290923479199051149e-01
2.293000000000000149e+00 1.000657000154554915e-01 2.835035969787085275e-01 5.290938160875087171e-01
2.294999999999999929e+00 1.000664149988030882e-01 2.835028358412511329e-01 5.290952365781387279e-01
2.297000000000000153e+00 1.000671372260772962e-01 2.835020910160709340e-01 5.290966266329828471e-01
2.298999999999999932e+00 1.000678667644352426e-01 2.835013511502766925e-01 5.290980074394385779e-01
2.301000000000000156e+00 1.000686036815876950e-01 2.835006082329536992e-01 5.290993939481933861e-01
2.302999999999999936e+00 1.000693480458028639e-01 2.834998453127510754e-01 5.291008177959432013e-01
2.305000000000000160e+00 1.000700999259103163e-01 2.834990438196038354e-01 5.291023136411282524e-01
2.306999999999999940e+00 1.000708593913047645e-01 2.834981957607706216e-01 5.291038964021386182e-01
2.308999999999999719e+00 1.000716265119500348e-01 2.834973057627040438e-01 5.291055574459483379e-01
2.310999999999999943e+00 1.000724013583829675e-01 2.834963885159950681e-01 5.291072693560500140e-01
2.312999999999999723e+00 1.000731840017173302e-01 2.834954572981031595e-01 5.291090073527030535e-01
2.314999999999999947e+00 1.000739745136477871e-01 2.834945199528074444e-01 5.291107567968865721e-01
2.316999999999999726e+00 1.000747729664538399e-01 2.834935865059043381e-01 5.291124989766776698e-01
2.318999999999999950e+00 1.000755794330038945e-01 2.834926690914557068e-01 5.291142112447693169e-01
2.320999999999999730e+00 1.000763939867592017e-01 2.834917707411642174e-01 5.291158879421375971e-01
2.322999999999999954e+00 1.000772167017778963e-01 2.834908852368191456e-01 5.291175406739967446e-01
2.324999999999999734e+00 1.000780476527190765e-01 2.834900032862077146e-01 5.291191867833237028e-01
2.326999999999999957e+00 1.000788869148468846e-01 2.834891170113986170e-01 5.291208409738309415e-01
2.328999999999999737e+00 1.000797345640345309e-01 2.834882087603171619e-01 5.291225361927542892e-01
2.330999999999999961e+00 1.000805906767684716e-01 2.834872622549511334e-01 5.291243028235220747e-01
2.332999999999999741e+00 1.000814553301525023e-01 2.834862745259000838e-01 5.291261464099404899e-01
2.334999999999999964e+00 1.000823286019119074e-01 2.834852566565610466e-01 5.291280462663466855e-01
2.336999999999999744e+00 1.000832105703976654e-01 2.834842232253270700e-01 5.291299751830376152e-01
2.338999999999999968e+00 1.000841013145905567e-01 2.834831853059461837e-01 5.291319124910851546e-01
2.340999999999999748e+00 1.000850009141054653e-01 2.834821615859703381e-01 5.291338233094083909e-01
2.342999999999999972e+00 1.000859094491955148e-01 2.834811656439144567e-01 5.291356822922675951e-01
2.344999999999999751e+00 1.000868270007563982e-01 2.834801941940514602e-01 5.291374955716310335e-01
2.346999999999999975e+00 1.000877536503305687e-01 2.834792356238531874e-01 5.291392848223778200e-01
2.348999999999999755e+00 1.000886894801115701e-01 2.834782682901149098e-01 5.291410904432655160e-01
2.350999999999999979e+00 1.000896345729483661e-01 2.834772578523861997e-01 5.291429765350305070e-01
2.352999999999999758e+00 1.000905890123495595e-01 2.834761831538814003e-01 5.291449825912691862e-01
2.354999999999999982e+00 1.000915528824878470e-01 2.834750463647265351e-01 5.291471045638563853e-01
2.356999999999999762e+00 1.000925262682043487e-01 2.834738684962371247e-01 5.291493032345981895e-01
2.358999999999999986e+00 1.000935092550129524e-01 2.834726749019375602e-01 5.291515312785963765e-01
2.360999999999999766e+00 1.000945019291047677e-01 2.834714862643558653e-01 5.291537500886953627e-01
2.362999999999999989e+00 1.000955043773524983e-01 2.834703305375460003e-01 5.291559074826432951e-01
2.364999999999999769e+00 1.000965166873149514e-01 2.834692185965378974e-01 5.291579831582884363e-01
2.366999999999999993e+00 1.000975389472414240e-01 2.834681405321575753e-01 5.291599956115120573e-01
2.368999999999999773e+00 1.000985712460762261e-01 2.834670793774917152e-01 5.291619765138432241e-01
2.370999999999999996e+00 1.000996136734631781e-01 2.834660118298613085e-01 5.291639693651570830e-01
2.372999999999999776e+00 1.001006663197501201e-01 2.834649054682711888e-01 5.291660346885156407e-01
2.375000000000000000e+00 1.001017292759934507e-01 2.834637386577162910e-01 5.291682128736954205e-01
2.376999999999999780e+00 1.001028026339626925e-01 2.834625101935406843e-01 5.291705061723469550e-01
2.379000000000000004e+00 1.001038864861450717e-01 2.834612378276074596e-01 5.291728814478170451e-01
2.380999999999999783e+00 1.001049809257501116e-01 2.834599423092311610e-01 5.291752999665910728e-01
2.383000000000000007e+00 1.001060860467142405e-01 2.834586331767854350e-01 5.291777439230404001e-01
2.384999999999999787e+00 1.001072019437054400e-01 2.834573221264302667e-01 5.291801914825667863e-01
2.387000000000000011e+00 1.001083287121278947e-01 2.834560236473495642e-01 5.291826155954846289e-01
2.388999999999999790e+00 1.001094664481266827e-01 2.834547426917162216e-01 5.291850070158788943e-01
2.391000000000000014e+00 1.001106152485924383e-01 2.834534737304523211e-01 5.291873760652558989e-01
2.392999999999999794e+00 1.001117752111660986e-01 2.834522088827268194e-01 5.291897374560935452e-01
2.395000000000000018e+00 1.001129464342436076e-01 2.834509421219940650e-01 5.291921024395174200e-01
2.396999999999999797e+00 1.001141290169807324e-01 2.834496697969830503e-01 5.291944778324683130e-01
2.399000000000000021e+00 1.001153230592976978e-01 2.834483876679587122e-01 5.291968715507925358e-01
2.400999999999999801e+00 1.001165286618841688e-01 2.834470915581110417e-01 5.291992913931440334e-01
2.403000000000000025e+00 1.001177459262038716e-01 2.834457806978267769e-01 5.292017387971302833e-01
2.404999999999999805e+00 1.001189749544995483e-01 2.834444555587060099e-01 5.292042128830158898e-01
2.407000000000000028e+00 1.001202158497977723e-01 2.834431152341955196e-01 5.292067153441428751e-01
2.408999999999999808e+00 1.001214687159138056e-01 2.834417545707864639e-01 5.292092558033439920e-01
2.411000000000000032e+00 1.001227336574564836e-01 2.834403634192158017e-01 5.292118532114143958e-01
2.412999999999999812e+00 1.001240107798331141e-01 2.834389301885059109e-01 5.292145292117773625e-01
2.415000000000000036e+00 1.001253001892544320e-01 2.834374482568789433e-01 5.292172961706006484e-01
2.416999999999999815e+00 1.001266019927395390e-01 2.834359204406481925e-01 5.292201488322302305e-01
2.419000000000000039e+00 1.001279162981208309e-01 2.834343607698874279e-01 5.292230610027585103e-01
2.420999999999999819e+00 1.001292432140490074e-01 2.834327815882140555e-01 5.292260096361324218e-01
2.423000000000000043e+00 1.001305828499980677e-01 2.834311997353797241e-01 5.292289632900143426e-01
2.424999999999999822e+00 1.001319353162703207e-01 2.834296487420564503e-01 5.292318593546716521e-01
2.427000000000000046e+00 1.001333007240014644e-01 2.834281517889686852e-01 5.292346545437204286e-01
2.428999999999999826e+00 1.001346791851655538e-01 2.834267089564070363e-01 5.292373487040383795e-01
2.431000000000000050e+00 1.001360708125801913e-01 2.834253006770074412e-01 5.292399783706697169e-01
2.432999999999999829e+00 1.001374757199114951e-01 2.834239061831368978e-01 5.292425823214649272e-01
2.435000000000000053e+00 1.001388940216793449e-01 2.834224945469482337e-01 5.292452183083614647e-01
2.436999999999999833e+00 1.001403258332623780e-01 2.834210147794232193e-01 5.292479815469569582e-01
2.439000000000000057e+00 1.001417712709032765e-01 2.834194320604248585e-01 5.292509370635535282e-01
2.440999999999999837e+00 1.001432304517137911e-01 2.834177410030646049e-01 5.292540949240649439e-01
2.443000000000000060e+00 1.001447034936800429e-01 2.834159632117216887e-01 5.292574147912223470e-01
2.444999999999999840e+00 1.001461905156676852e-01 2.834141322926240769e-01 5.292608339132698347e-01
2.447000000000000064e+00 1.001476916374270942e-01 2.834122819948193817e-01 5.292642892686700851e-01
2.448999999999999844e+00 1.001492069795986845e-01 2.834104382892901342e-01 5.292677323581429505e-01
2.451000000000000068e+00 1.001507366637180707e-01 2.834086406709999117e-01 5.292710894235939101e-01
2.452999999999999847e+00 1.001522808122214531e-01 2.834069150224727829e-01 5.292743121250437222e-01
2.455000000000000071e+00 1.001538395484507932e-01 2.834052623159232787e-01 5.292773986419100352e-01
2.456999999999999851e+00 1.001554129966592405e-01 2.834036608476110941e-01 5.292803895030010475e-01
2.459000000000000075e+00 1.001570012820163780e-01 2.834020801748094454e-01 5.292833415600769476e-01
2.460999999999999854e+00 1.001586045306136208e-01 2.834004925926355001e-01 5.292863065542107170e-01
2.463000000000000078e+00 1.001602228694695590e-01 2.833988430362924249e-01 5.292893873274945316e-01
2.464999999999999858e+00 1.001618564265353284e-01 2.833970834359104130e-01 5.292926736626848427e-01
2.467000000000000082e+00 1.001635053307000506e-01 2.833951969510606350e-01 5.292961970202459954e-01
2.468999999999999861e+00 1.001651697117961898e-01 2.833932008015414561e-01 5.292999252478328698e-01
2.471000000000000085e+00 1.001668497006050762e-01 2.833911335992972957e-01 5.293037862366345436e-01
2.472999999999999865e+00 1.001685454288622490e-01 2.833890385435186565e-01 5.293076993059674384e-01
2.475000000000000089e+00 1.001702570292630351e-01 2.833869494579797643e-01 5.293116012819136795e-01
2.476999999999999869e+00 1.001719846354679477e-01 2.833849135801974617e-01 5.293154039322218729e-01
2.479000000000000092e+00 1.001737283821082375e-01 2.833829602511390711e-01 5.293190524478511572e-01
2.480999999999999872e+00 1.001754884047914018e-01 2.833810861034707917e-01 5.293225531122093264e-01
2.483000000000000096e+00 1.001772648401067223e-01 2.833792619524361789e-01 5.293259604338187430e-01
2.484999999999999876e+00 1.001790578256308017e-01 2.833774568472197664e-01 5.293293322230323561e-01
2.487000000000000099e+00 1.001808674999331572e-01 2.833756258539951167e-01 5.293327524128175199e-01
2.488999999999999879e+00 1.001826940025818125e-01 2.833737126074382662e-01 5.293363262943066028e-01
2.491000000000000103e+00 1.001845374741488492e-01 2.833716846308296233e-01 5.293401145404371677e-01
2.492999999999999883e+00 1.001863980562160972e-01 2.833695456198049301e-01 5.293441102568375856e-01
2.495000000000000107e+00 1.001882758913807264e-01 2.833673286610141617e-01 5.293482516449224962e-01
2.496999999999999886e+00 1.001901711232608960e-01 2.833650754812158112e-01 5.293524607620301303e-01
2.499000000000000110e+00 1.001920838965014438e-01 2.833628072984345492e-01 5.293566979734982691e-01
2.500999999999999890e+00 1.001940143567795483e-01 2.833605485669394852e-01 5.293609175963492897e-01
2.503000000000000114e+00 1.001959626508104328e-01 2.833583262294717686e-01 5.293650692957779791e-01
2.504999999999999893e+00 1.001979289263530970e-01 2.833561441425381244e-01 5.293691458638168923e-01
2.507000000000000117e+00 1.001999133322160340e-01 2.833539863143818005e-01 5.293731771734268010e-01
2.508999999999999897e+00 1.002019160182629626e-01 2.833518307651100021e-01 5.293772042868690741e-01
2.511000000000000121e+00 1.002039371354185998e-01 2.833496667770946664e-01 5.293812472276591130e-01
2.512999999999999901e+00 1.002059768356744346e-01 2.833474763425450349e-01 5.293853396409350376e-01
2.515000000000000124e+00 1.002080352720945144e-01 2.833452288935982000e-01 5.293895386406100023e-01
2.516999999999999904e+00 1.002101125988212743e-01 2.833429144672074962e-01 5.293938628465690854e-01
2.519000000000000128e+00 1.002122089710813235e-01 2.833405450295851669e-01 5.293982899070716064e-01
2.520999999999999908e+00 1.002143245451912745e-01 2.833381428064676855e-01 5.294027782996253428e-01
2.523000000000000131e+00 1.002164594785636409e-01 2.833357191198935809e-01 5.294073068723377240e-01
2.524999999999999911e+00 1.002186139297126383e-01 2.833332831878489499e-01 5.294118584033438157e-01
2.527000000000000135e+00 1.002207880582601240e-01 2.833308457813248360e-01 5.294164127677444265e-01
2.528999999999999915e+00 1.002229820249414122e-01 2.833284190407925340e-01 5.294209472802782201e-01
2.531000000000000139e+00 1.002251959916112822e-01 2.833260030857946976e-01 5.294254617165445875e-01
2.532999999999999918e+00 1.002274301212497803e-01 2.833235874956245848e-01 5.294299755480700309e-01
2.535000000000000142e+00 1.002296845779682560e-01 2.833211650859217556e-01 5.294345022000387369e-01
2.536999999999999922e+00 1.002319595270152047e-01 2.833187077785582764e-01 5.294390941428404052e-01
2.539000000000000146e+00 1.002342551347823324e-01 2.833161730275409185e-01 5.294438308871927124e-01
2.540999999999999925e+00 1.002365715688104536e-01 2.833135470729719052e-01 5.294487381549922711e-01
2.543000000000000149e+00 1.002389089977955006e-01 2.833108470819277191e-01 5.294537838737358726e-01
2.544999999999999929e+00 1.002412675915945323e-01 2.833081051396135197e-01 5.294589080890585997e-01
2.547000000000000153e+00 1.002436475212317157e-01 2.833053380160142076e-01 5.294640794644012161e-01
2.548999999999999932e+00 1.002460489589043768e-01 2.833025572364721301e-01 5.294692764626027781e-01
2.551000000000000156e+00 1.002484720779890232e-01 2.832997770159577100e-01 5.294744725180309253e-01
2.552999999999999936e+00 1.002509170530473670e-01 2.832970185927497497e-01 5.294796279364687441e-01
2.555000000000000160e+00 1.002533840598324594e-01 2.832942931929813279e-01 5.294847217335907352e-01
2.556999999999999940e+00 1.002558732752946574e-01 2.832915969601596529e-01 5.294897611138640325e-01
2.559000000000000163e+00 1.002583848775877723e-01 2.832889160691602348e-01 5.294947719146908538e-01
2.560999999999999943e+00 1.002609190460751892e-01 2.832862351743895557e-01 5.294997828174063947e-01
2.562999999999999723e+00 1.002634759613358628e-01 2.832835470713157000e-01 5.295048072885009116e-01
2.564999999999999947e+00 1.002660558051705758e-01 2.832808353516499400e-01 5.295098759991930804e-01
2.566999999999999726e+00 1.002686587606079344e-01 2.832780438009012136e-01 5.295150940304635956e-01
2.568999999999999950e+00 1.002712850119105853e-01 2.832751246040528526e-01 5.295205507707820836e-01
2.570999999999999730e+00 1.002739347445813639e-01 2.832720619452495092e-01 5.295262757998062675e-01
2.572999999999999954e+00 1.002766081453694141e-01 2.832688791069485901e-01 5.295322256115796433e-01
2.574999999999999734e+00 1.002793054022763503e-01 2.832656226742454875e-01 5.295383131348044836e-01
2.576999999999999957e+00 1.002820267045624880e-01 2.832623399107931927e-01 5.295444500219794737e-01
2.578999999999999737e+00 1.002847722427529925e-01 2.832590793498214743e-01 5.295505455440382425e-01
2.580999999999999961e+00 1.002875422086440954e-01 2.832559084808810579e-01 5.295564735240979592e-01
2.582999999999999741e+00 1.002903367953092706e-01 2.832528556712239354e-01 5.295621809162177618e-01
2.584999999999999964e+00 1.002931561971054930e-01 2.832499024290490164e-01 5.295677022786383636e-01
2.586999999999999744e+00 1.002960006096794421e-01 2.832470020621278839e-01 5.295731248978894357e-01
2.588999999999999968e+00 1.002988702299736912e-01 2.832441084521840624e-01 5.295785349947439435e-01
2.590999999999999748e+00 1.003017652562330636e-01 2.832411396678353732e-01 5.295840857578425487e-01
2.592999999999999972e+00 1.003046858880107389e-01 2.832380109826846404e-01 5.295899356148565662e-01
2.594999999999999751e+00 1.003076323261746228e-01 2.832346861518243997e-01 5.295961523568281093e-01
2.596999999999999975e+00 1.003106047729135641e-01 2.832311849274433135e-01 5.296026990757610742e-01
2.598999999999999755e+00 1.003136034317436420e-01 2.832275668026805748e-01 5.296094645494102693e-01
2.600999999999999979e+00 1.003166285075144243e-01 2.832238968463748896e-01 5.296163271186200561e-01
2.602999999999999758e+00 1.003196802064152682e-01 2.832202189145266447e-01 5.296232047799831477e-01
2.604999999999999982e+00 1.003227587359816347e-01 2.832165991366505375e-01 5.296299738689601577e-01
2.606999999999999762e+00 1.003258643051013616e-01 2.832130896336833570e-01 5.296365369058847472e-01
2.608999999999999986e+00 1.003289971240209771e-01 2.832096963008847168e-01 5.296428828504464725e-01
2.610999999999999766e+00 1.003321574043520015e-01 2.832063835408984431e-01 5.296490782607594650e-01
2.612999999999999989e+00 1.003353453590773159e-01 2.832030993626385995e-01 5.296552203615771948e-01
2.614999999999999769e+00 1.003385612025574358e-01 2.831998102552679142e-01 5.296613718236408141e-01
2.616999999999999993e+00 1.003418051505368253e-01 2.831964656296489524e-01 5.296676272653874085e-01
2.618999999999999773e+00 1.003450774201503082e-01 2.831929960684757552e-01 5.296741165298105569e-01
2.620999999999999996e+00 1.003483782299293414e-01 2.831893678033872153e-01 5.296809027948465864e-01
2.622999999999999776e+00 1.003517077998083984e-01 2.831855911192122099e-01 5.296879668459357760e-01
2.625000000000000000e+00 1.003550663511312557e-01 2.831817091510966944e-01 5.296952280204114683e-01
2.626999999999999780e+00 1.003584541066574326e-01 2.831777726952902086e-01 5.297025913167470179e-01
2.629000000000000004e+00 1.003618712905685051e-01 2.831738036522716273e-01 5.297100157760186168e-01
2.630999999999999783e+00 1.003653181284744483e-01 2.831698151114935280e-01 5.297174769173046416e-01
2.633000000000000007e+00 1.003687948474200342e-01 2.831658166701319090e-01 5.297249567900328415e-01
2.634999999999999787e+00 1.003723016758911596e-01 2.831618137607314623e-01 5.297324452327046851e-01
2.637000000000000011e+00 1.003758388438212579e-01 2.831578082872961422e-01 5.297399386839714008e-01
2.638999999999999790e+00 1.003794065825976550e-01 2.831537996014950598e-01 5.297474383572000622e-01
2.641000000000000014e+00 1.003830051250679256e-01 2.831497859763407732e-01 5.297549474839921002e-01
2.642999999999999794e+00 1.003866347055462765e-01 2.831457673786585416e-01 5.297624661272117841e-01
2.645000000000000018e+00 1.003902955598199587e-01 2.831417493541507624e-01 5.297699839114208276e-01
2.646999999999999797e+00 1.003939879251555811e-01 2.831377471758286246e-01 5.297774722592885066e-01
2.649000000000000021e+00 1.003977120403055368e-01 2.831337708888629900e-01 5.297849123723171738e-01
2.650999999999999801e+00 1.004014681455143859e-01 2.831298144196054967e-01 5.297923156114396903e-01
2.653000000000000025e+00 1.004052564825251986e-01 2.831258670306555092e-01 5.297997020659320766e-01
2.654999999999999805e+00 1.004090772945859800e-01 2.831218796596954856e-01 5.298071635448866612e-01
2.657000000000000028e+00 1.004129308264560122e-01 2.831177313950509200e-01 5.298149263236929807e-01
2.658999999999999808e+00 1.004168173244122386e-01 2.831133307123269716e-01 5.298231617091030410e-01
2.661000000000000032e+00 1.004207370362556889e-01 2.831086618624829021e-01 5.298318992191801691e-01
2.662999999999999812e+00 1.004246902113177936e-01 2.831037805656246298e-01 5.298410346209748711e-01
2.665000000000000036e+00 1.004286771004667955e-01 2.830988045891634775e-01 5.298503475409649388e-01
2.666999999999999815e+00 1.004326979561141198e-01 2.830938517613048599e-01 5.298596174616851950e-01
2.669000000000000039e+00 1.004367530322207297e-01 2.830890653344296792e-01 5.298685762475361383e-01
2.670999999999999819e+00 1.004408425843035385e-01 2.830845374310401730e-01 5.298770514321723413e-01
2.673000000000000043e+00 1.004449668694417097e-01 2.830802670850462999e-01 5.298850447775479422e-01
2.674999999999999822e+00 1.004491261462830826e-01 2.830761727262188221e-01 5.298927089320041306e-01
2.677000000000000046e+00 1.004533206750505003e-01 2.830721565540095797e-01 5.299002269457763203e-01
2.678999999999999826e+00 1.004575507175481663e-01 2.830680587958392391e-01 5.299078979030494851e-01
2.681000000000000050e+00 1.004618165371680277e-01 2.830637031804775217e-01 5.299160518095887840e-01
2.682999999999999829e+00 1.004661183988960621e-01 2.830589839621242554e-01 5.299248866804076030e-01
2.685000000000000053e+00 1.004704565693186752e-01 2.830538937684258793e-01 5.299344163861567925e-01
2.686999999999999833e+00 1.004748313166290291e-01 2.830485144984374313e-01 5.299444876642448454e-01
2.689000000000000057e+00 1.004792429106333568e-01 2.830429654957041241e-01 5.299548771236874956e-01
2.690999999999999837e+00 1.004836916227573040e-01 2.830373777505632016e-01 5.299653395326212602e-01
2.693000000000000060e+00 1.004881777260522163e-01 2.830318675250777516e-01 5.299756571994826970e-01
2.694999999999999840e+00 1.004927014952015085e-01 2.830265691154517649e-01 5.299855786288820703e-01
2.697000000000000064e+00 1.004972632065269239e-01 2.830215426384556365e-01 5.299949911997218210e-01
2.698999999999999844e+00 1.005018631379948624e-01 2.830167644010929129e-01 5.300039392274981109e-01
2.701000000000000068e+00 1.005065015692226393e-01 2.830121453815315768e-01 5.300125893812205335e-01
2.702999999999999847e+00 1.005111787814848001e-01 2.830075904240625939e-01 5.300211198407712709e-01
2.705000000000000071e+00 1.005158950577193788e-01 2.830029408849648598e-01 5.300298277146598958e-01
2.706999999999999851e+00 1.005206506825341850e-01 2.829980210423811426e-01 5.300390421371050653e-01
2.709000000000000075e+00 1.005254459422129931e-01 2.829927279671561324e-01 5.300489559484682367e-01
2.710999999999999854e+00 1.005302811247218986e-01 2.829870623124804419e-01 5.300595680037369917e-01
2.713000000000000078e+00 1.005351565197154518e-01 2.829811161966329092e-01 5.300707058338501865e-01
2.714999999999999858e+00 1.005400724185429584e-01 2.829750239934880618e-01 5.300821177894903258e-01
2.717000000000000082e+00 1.005450291142546138e-01 2.829689107440453988e-01 5.300935696631348115e-01
2.718999999999999861e+00 1.005500269016078169e-01 2.829629093752384361e-01 5.301048124335062672e-01
2.721000000000000085e+00 1.005550660770732629e-01 2.829571357233927054e-01 5.301156290563876494e-01
2.722999999999999865e+00 1.005601469388411606e-01 2.829516161047961886e-01 5.301259701745079100e-01
2.725000000000000089e+00 1.005652697868274353e-01 2.829462911067878172e-01 5.301359470493569592e-01
2.726999999999999869e+00 1.005704349226798217e-01 2.829410588186635489e-01 5.301457505894707767e-01
2.729000000000000092e+00 1.005756426497840250e-01 2.829358334962104315e-01 5.301555414401373234e-01
2.730999999999999872e+00 1.005808932732698974e-01 2.829304890758027602e-01 5.301655558224832587e-01
2.733000000000000096e+00 1.005861871000175017e-01 2.829248966627853634e-01 5.301760352988061920e-01
2.734999999999999876e+00 1.005915244386631907e-01 2.829190063802523580e-01 5.301870733929947566e-01
2.737000000000000099e+00 1.005969055996057820e-01 2.829128536919144898e-01 5.301986037133064045e-01
2.738999999999999879e+00 1.006023308950124984e-01 2.829065318609965685e-01 5.302104515342228597e-01
2.741000000000000103e+00 1.006078006388251705e-01 2.829001333125100159e-01 5.302224436716690414e-01
2.742999999999999883e+00 1.006133151467661219e-01 2.828936932232765655e-01 5.302345142124149646e-01
2.745000000000000107e+00 1.006188747363443159e-01 2.828872385993730920e-01 5.302466125466729352e-01
2.746999999999999886e+00 1.006244797268612823e-01 2.828807958638286379e-01 5.302586891483649367e-01
2.749000000000000110e+00 1.006301304394171398e-01 2.828743828474828970e-01 5.302707105891428796e-01
2.750999999999999890e+00 1.006358271969165358e-01 2.828679930846321744e-01 5.302826889824930889e-01
2.753000000000000114e+00 1.006415703240746279e-01 2.828616085539520930e-01 5.302946581080107968e-01
2.754999999999999893e+00 1.006473601474229679e-01 2.828552162361967492e-01 5.303066423733310275e-01
2.757000000000000117e+00 1.006531969953154693e-01 2.828488058522898863e-01 5.303186610529069256e-01
2.758999999999999897e+00 1.006590811979342637e-01 2.828423678996800361e-01 5.303307319687082799e-01
2.761000000000000121e+00 1.006650130872955712e-01 2.828358945326123752e-01 5.303428698393309881e-01
2.762999999999999901e+00 1.006709929972555706e-01 2.828293804778994058e-01 5.303550845620904619e-01
2.765000000000000124e+00 1.006770212635162004e-01 2.828228226310552373e-01 5.303673819692983349e-01
2.766999999999999904e+00 1.006830982236309874e-01 2.828162199996879789e-01 5.303797639335023906e-01
2.769000000000000128e+00 1.006892242170108059e-01 2.828095719712322986e-01 5.303922316153364402e-01
2.770999999999999908e+00 1.006953995849297068e-01 2.828028786513042125e-01 5.304047848287637423e-01
2.773000000000000131e+00 1.007016246705305373e-01 2.827960807592836412e-01 5.304175347736879154e-01
2.774999999999999911e+00 1.007078998188307845e-01 2.827890838024511022e-01 5.304306587194362876e-01
2.777000000000000135e+00 1.007142253767281809e-01 2.827818209812446026e-01 5.304442820245813817e-01
2.778999999999999915e+00 1.007206016930064091e-01 2.827742946223492648e-01 5.304584004013801479e-01
2.781000000000000139e+00 1.007270291183407218e-01 2.827665701637988582e-01 5.304728911664102764e-01
2.782999999999999918e+00 1.007335080053035625e-01 2.827587744250226742e-01 5.304875164529139209e-01
2.785000000000000142e+00 1.007400387083701859e-01 2.827510429262501401e-01 5.305020220177382173e-01
2.786999999999999922e+00 1.007466215839241674e-01 2.827435584234333499e-01 5.305160649331639444e-01
2.789000000000000146e+00 1.007532569902629821e-01 2.827364011900883600e-01 5.305294944995515571e-01
2.790999999999999925e+00 1.007599452876035001e-01 2.827295186964127738e-01 5.305424091959279886e-01
2.793000000000000149e+00 1.007666868380874547e-01 2.827227893907544587e-01 5.305550370496778800e-01
2.794999999999999929e+00 1.007734820057868963e-01 2.827160383622603912e-01 5.305677062713942682e-01
2.797000000000000153e+00 1.007803311567096460e-01 2.827090067974545318e-01 5.305809026009091767e-01
2.798999999999999932e+00 1.007872346588046530e-01 2.827015157437963722e-01 5.305949619878952417e-01
2.801000000000000156e+00 1.007941928819673510e-01 2.826935292635502917e-01 5.306099520239021539e-01
2.802999999999999936e+00 1.008012061980450291e-01 2.826851484283365301e-01 5.306256831459487122e-01
2.805000000000000160e+00 1.008082749808420914e-01 2.826765368951131285e-01 5.306418482679280402e-01
2.806999999999999940e+00 1.008153996061253721e-01 2.826678500405733763e-01 5.306581557770697621e-01
2.809000000000000163e+00 1.008225804516293123e-01 2.826592041898160490e-01 5.306743873065936645e-01
2.810999999999999943e+00 1.008298178970612052e-01 2.826507642525705744e-01 5.306902332164340486e-01
2.813000000000000167e+00 1.008371123241063455e-01 2.826426227603525132e-01 5.307055196950328790e-01
2.814999999999999947e+00 1.008444641164332189e-01 2.826347698031882461e-01 5.307202652541722632e-01
2.816999999999999726e+00 1.008518736596984849e-01 2.826271126316901583e-01 5.307346439740718846e-01
2.818999999999999950e+00 1.008593413415521944e-01 2.826195343999172160e-01 5.307488752272317978e-01
2.820999999999999730e+00 1.008668675516426888e-01 2.826119383005415986e-01 5.307631408001016737e-01
2.822999999999999954e+00 1.008744526816216791e-01 2.826041362763369591e-01 5.307777939008170298e-01
2.824999999999999734e+00 1.008820971251491588e-01 2.825959529631795197e-01 5.307931639755083530e-01
2.826999999999999957e+00 1.008898012778983583e-01 2.825873169545514707e-01 5.308093852779829369e-01
2.828999999999999737e+00 1.008975655375605740e-01 2.825782788177627625e-01 5.308263629729881306e-01
2.830999999999999961e+00 1.009053903038500954e-01 2.825689769968290355e-01 5.308438371197531369e-01
2.832999999999999741e+00 1.009132759785089234e-01 2.825595574993655101e-01 5.308615335028503690e-01
2.834999999999999964e+00 1.009212229653116133e-01 2.825500899175768521e-01 5.308793214107867531e-01
2.836999999999999744e+00 1.009292316700699244e-01 2.825406541716939945e-01 5.308970506907942921e-01
2.838999999999999968e+00 1.009373025006375518e-01 2.825313525533306169e-01 5.309145291111930787e-01
2.840999999999999748e+00 1.009454358669147900e-01 2.825222224626238177e-01 5.309316863378568119e-01
2.842999999999999972e+00 1.009536321808530979e-01 2.825132287273606768e-01 5.309485884101995401e-01
2.844999999999999751e+00 1.009618918564596235e-01 2.825042968099351626e-01 5.309653753723888592e-01
2.846999999999999975e+00 1.009702153098018251e-01 2.824953595833162856e-01 5.309821733753489204e-01
2.848999999999999755e+00 1.009786029590118428e-01 2.824863849236970426e-01 5.309990428052551170e-01
2.850999999999999979e+00 1.009870552242909808e-01 2.824773496239481596e-01 5.310160273016210075e-01
2.852999999999999758e+00 1.009955725279140792e-01 2.824682354530683170e-01 5.310331611602475688e-01
2.854999999999999982e+00 1.010041552942338439e-01 2.824589923690857263e-01 5.310505384937322937e-01
2.856999999999999762e+00 1.010128039496851482e-01 2.824495671599353552e-01 5.310682594003176549e-01
2.858999999999999986e+00 1.010215189227892801e-01 2.824399174683975833e-01 5.310864035951420314e-01
2.860999999999999766e+00 1.010303006441581192e-01 2.824300206862382367e-01 5.311050136792662135e-01
2.862999999999999989e+00 1.010391495464983275e-01 2.824198849738847605e-01 5.311240744038630002e-01
2.864999999999999769e+00 1.010480660646154161e-01 2.824095523938601193e-01 5.311435067564702628e-01
2.866999999999999993e+00 1.010570506354178111e-01 2.823990885118328742e-01 5.311631874963180788e-01
2.868999999999999773e+00 1.010661036979208505e-01 2.823885333823011323e-01 5.311830413345010049e-01
2.870999999999999996e+00 1.010752256932507392e-01 2.823779191513498543e-01 5.312030078371761110e-01
2.872999999999999776e+00 1.010844170646484769e-01 2.823673109857559038e-01 5.312229644300674458e-01
2.875000000000000000e+00 1.010936782574736736e-01 2.823568450994787260e-01 5.312426548297515261e-01
2.876999999999999780e+00 1.011030097192083393e-01 2.823466253518405744e-01 5.312618835556490726e-01
2.879000000000000004e+00 1.011124118994606996e-01 2.823366654865092085e-01 5.312806246454992998e-01
2.880999999999999783e+00 1.011218852499688042e-01 2.823268861103991889e-01 5.312990274023885462e-01
2.883000000000000007e+00 1.011314302246041907e-01 2.823171883396740633e-01 5.313172778538913787e-01
2.884999999999999787e+00 1.011410472793755067e-01 2.823073641420374980e-01 5.313357675095233823e-01
2.887000000000000011e+00 1.011507368724319927e-01 2.822971027734383354e-01 5.313550813179428456e-01
2.888999999999999790e+00 1.011604994640669664e-01 2.822861966591839744e-01 5.313756101971267576e-01
2.891000000000000014e+00 1.011703355167212631e-01 2.822746211773903835e-01 5.313974007806221422e-01
2.892999999999999794e+00 1.011802454949865537e-01 2.822625230829013399e-01 5.314201770808395509e-01
2.895000000000000018e+00 1.011902298656086607e-01 2.822501507810700194e-01 5.314434716328952923e-01
2.896999999999999797e+00 1.012002890974908059e-01 2.822377616985238813e-01 5.314667998261144444e-01
2.899000000000000021e+00 1.012104236616968023e-01 2.822256458387537581e-01 5.314896155316115589e-01
2.900999999999999801e+00 1.012206340314541625e-01 2.822140437542379199e-01 5.315114655691102197e-01
2.903000000000000025e+00 1.012309206821571383e-01 2.822030123894759823e-01 5.315322424446020655e-01
2.904999999999999805e+00 1.012412840913697737e-01 2.821924274441782732e-01 5.315521800444916733e-01
2.907000000000000028e+00 1.012517247388288050e-01 2.821820855617780954e-01 5.315716612604045599e-01
2.908999999999999808e+00 1.012622431064465339e-01 2.821717322138944106e-01 5.315911655044723849e-01
2.911000000000000032e+00 1.012728396783136864e-01 2.821609865739257983e-01 5.316114102851005052e-01
2.912999999999999812e+00 1.012835149407021046e-01 2.821495570848449597e-01 5.316329451294995456e-01
2.915000000000000036e+00 1.012942693820674672e-01 2.821373480974790349e-01 5.316559505910386507e-01
2.916999999999999815e+00 1.013051034930518984e-01 2.821244741963300218e-01 5.316802111099911965e-01
2.919000000000000039e+00 1.013160177664865214e-01 2.821111766747651517e-01 5.317052722548779586e-01
2.920999999999999819e+00 1.013270126973939422e-01 2.820977189893943970e-01 5.317306376576527160e-01
2.923000000000000043e+00 1.013380887829906929e-01 2.820842861996004647e-01 5.317559585501379082e-01
2.924999999999999822e+00 1.013492465226895484e-01 2.820711217478199528e-01 5.317807759636752341e-01
2.927000000000000046e+00 1.013604864181018306e-01 2.820583725323100865e-01 5.318048127885915966e-01
2.928999999999999826e+00 1.013718089730396288e-01 2.820460216599839920e-01 5.318281006665999122e-01
2.931000000000000050e+00 1.013832146935179229e-01 2.820339255516493004e-01 5.318509101577223452e-01
2.932999999999999829e+00 1.013947040877566930e-01 2.820219055113737938e-01 5.318735781463989065e-01
2.935000000000000053e+00 1.014062776661828480e-01 2.820098598584086513e-01 5.318962963752824624e-01
2.936999999999999833e+00 1.014179359414322662e-01 2.819976432495124863e-01 5.319193390112111341e-01
2.939000000000000057e+00 1.014296794283515574e-01 2.819850672161319793e-01 5.319430616693971992e-01
2.940999999999999837e+00 1.014415086439998809e-01 2.819720460059043088e-01 5.319676263116489556e-01
2.943000000000000060e+00 1.014534241076506804e-01 2.819586141227337084e-01 5.319929680697981222e-01
2.944999999999999840e+00 1.014654263407932799e-01 2.819448937776982134e-01 5.320188565580787898e-01
2.947000000000000064e+00 1.014775158671344657e-01 2.819310214756465260e-01 5.320450343310558772e-01
2.948999999999999844e+00 1.014896932125999712e-01 2.819170541078255821e-01 5.320713941010077885e-01
2.951000000000000068e+00 1.015019589053358789e-01 2.819030307402794477e-01 5.320978621836696121e-01
2.952999999999999847e+00 1.015143134757099108e-01 2.818889811926222899e-01 5.321243823202190804e-01
2.955000000000000071e+00 1.015267574563127884e-01 2.818749233991755254e-01 5.321509206676692250e-01
2.956999999999999851e+00 1.015392913819592874e-01 2.818608634194179619e-01 5.321774657902583749e-01
2.959000000000000075e+00 1.015519157896893759e-01 2.818467962936210269e-01 5.322040270549455165e-01
2.960999999999999854e+00 1.015646312187692413e-01 2.818327079207318953e-01 5.322306310954827424e-01
2.963000000000000078e+00 1.015774382106922197e-01 2.818185777181193008e-01 5.322573167977345809e-01
2.964999999999999858e+00 1.015903373091796014e-01 2.818043816491874742e-01 5.322841295872110523e-01
2.967000000000000082e+00 1.016033290601814493e-01 2.817900949256002541e-01 5.323111163279312663e-01
2.968999999999999861e+00 1.016164140118772791e-01 2.817756970214261303e-01 5.323383158505470281e-01
2.971000000000000085e+00 1.016295927146766004e-01 2.817611575658562906e-01 5.323657856031499547e-01
2.972999999999999865e+00 1.016428657212194997e-01 2.817464370035313026e-01 5.323936004135517708e-01
2.975000000000000089e+00 1.016562335863770566e-01 2.817315293874758653e-01 5.324217716281921531e-01
2.976999999999999869e+00 1.016696968672516355e-01 2.817164588980285989e-01 5.324502536583944901e-01
2.979000000000000092e+00 1.016832561231772181e-01 2.817012493982760102e-01 5.324790014968175944e-01
2.980999999999999872e+00 1.016969119157195151e-01 2.816859163710967451e-01 5.325079859597524612e-01
2.983000000000000096e+00 1.017106648086760629e-01 2.816704773063607448e-01 5.325371740569442292e-01
2.984999999999999876e+00 1.017245153680762099e-01 2.816549491614501743e-01 5.325665337910218122e-01
2.987000000000000099e+00 1.017384641621810748e-01 2.816393462801494718e-01 5.325960380933191241e-01
2.988999999999999879e+00 1.017525117614832553e-01 2.816236780677090490e-01 5.326256692235104007e-01
2.991000000000000103e+00 1.017666587387066335e-01 2.816079475589031156e-01 5.326554214831771272e-01
2.992999999999999883e+00 1.017809056688059599e-01 2.815921500352548401e-01 5.326853038382648453e-01
2.995000000000000107e+00 1.017952531289664231e-01 2.815762721492052756e-01 5.327153415843081108e-01
2.996999999999999886e+00 1.018097016986030390e-01 2.815602967048934646e-01 5.327455673099275035e-01
2.999000000000000110e+00 1.018242519593600959e-01 2.815441364437402672e-01 5.327761462010551785e-01
3.000999999999999890e+00 1.018389044951102662e-01 2.815276914455241974e-01 5.328072674834016809e-01
3.003000000000000114e+00 1.018536598919539127e-01 2.815109499203343191e-01 5.328389536621895850e-01
3.004999999999999893e+00 1.018685187382180474e-01 2.814939887780353867e-01 5.328710593471269741e-01
3.007000000000000117e+00 1.018834816244553465e-01 2.814769042761626761e-01 5.329034024504971656e-01
3.008999999999999897e+00 1.018985491434429846e-01 2.814598319191931042e-01 5.329357264842852215e-01
3.011000000000000121e+00 1.019137218901814412e-01 2.814430300647024485e-01 5.329675421896775678e-01
3.012999999999999901e+00 1.019290004618931544e-01 2.814266399458227874e-01 5.329985818999806169e-01
3.015000000000000124e+00 1.019443854580210640e-01 2.814106003344678530e-01 5.330289613174448160e-01
3.016999999999999904e+00 1.019598774802271401e-01 2.813946418174113617e-01 5.330591905773761630e-01
3.019000000000000128e+00 1.019754771323906906e-01 2.813781426994547141e-01 5.330904474702493623e-01
3.020999999999999908e+00 1.019911850206066395e-01 2.813605492681156561e-01 5.331237815329297192e-01
3.023000000000000131e+00 1.020070017531837653e-01 2.813416938604981210e-01 5.331595112751995602e-01
3.024999999999999911e+00 1.020229279406426326e-01 2.813217928917300381e-01 5.331972274815169888e-01
3.027000000000000135e+00 1.020389641957136356e-01 2.813016215013957044e-01 5.332354616351038246e-01
3.028999999999999915e+00 1.020551111333348471e-01 2.812819170149274406e-01 5.332728160837996167e-01
3.031000000000000139e+00 1.020713693706497421e-01 2.812634250589694518e-01 5.333078766588692510e-01
3.032999999999999918e+00 1.020877395270047838e-01 2.812464574688277597e-01 5.333400511066895833e-01
3.035000000000000142e+00 1.021042222239470776e-01 2.812307626807504790e-01 5.333698154859326523e-01
3.036999999999999922e+00 1.021208180852216929e-01 2.812157086939067741e-01 5.333983677393698830e-01
3.039000000000000146e+00 1.021375277367690265e-01 2.811999767315965792e-01 5.334282091465958331e-01
3.040999999999999925e+00 1.021543518067219575e-01 2.811824877033100023e-01 5.334613873900733161e-01
3.043000000000000149e+00 1.021712909254030160e-01 2.811627118745076426e-01 5.334989088700710091e-01
3.044999999999999929e+00 1.021883457253213029e-01 2.811408159093531367e-01 5.335404591283670062e-01
3.047000000000000153e+00 1.022055168411694082e-01 2.811176229464156240e-01 5.335844776568553494e-01
3.048999999999999932e+00 1.022228049098201363e-01 2.810944340977907241e-01 5.336284956386438960e-01
3.051000000000000156e+00 1.022402105703231895e-01 2.810723367371197323e-01 5.336704484735238507e-01
3.052999999999999936e+00 1.022577344639016422e-01 2.810521858628274861e-01 5.337087115672182192e-01
3.055000000000000160e+00 1.022753772339484446e-01 2.810341796306877749e-01 5.337429069913053326e-01
3.056999999999999940e+00 1.022931395260226750e-01 2.810178427140364033e-01 5.337739360295350455e-01
3.059000000000000163e+00 1.023110219878457100e-01 2.810023759337298976e-01 5.338033157249004734e-01
3.060999999999999943e+00 1.023290252692973523e-01 2.809863066926343023e-01 5.338338432416288581e-01
3.063000000000000167e+00 1.023471500224117370e-01 2.809684537476002664e-01 5.338677634420413431e-01
3.064999999999999947e+00 1.023653969013731818e-01 2.809482090105153151e-01 5.339062332103559072e-01
3.067000000000000171e+00 1.023837665625119547e-01 2.809256864197625658e-01 5.339490379525786423e-01
3.068999999999999950e+00 1.024022596642997635e-01 2.809014980079846402e-01 5.339950162734135031e-01
3.071000000000000174e+00 1.024208768673453562e-01 2.808767910675196711e-01 5.340419884102907133e-01
3.072999999999999954e+00 1.024396188343897618e-01 2.808525109566874511e-01 5.340881571222011459e-01
3.074999999999999734e+00 1.024584862303016541e-01 2.808295336814198295e-01 5.341318558402187167e-01
3.076999999999999957e+00 1.024774797220723566e-01 2.808082849282259041e-01 5.341722735792490129e-01
3.078999999999999737e+00 1.024965999788108456e-01 2.807886432532881171e-01 5.342096398987584704e-01
3.080999999999999961e+00 1.025158476717386996e-01 2.807700753397549542e-01 5.342449683018662965e-01
3.082999999999999741e+00 1.025352234741847418e-01 2.807519181394074193e-01 5.342795197770205951e-01
3.084999999999999964e+00 1.025547280615797252e-01 2.807331676848394686e-01 5.343152048510173557e-01
3.086999999999999744e+00 1.025743621114507814e-01 2.807130090231226283e-01 5.343535752831616303e-01
3.088999999999999968e+00 1.025941263034158279e-01 2.806910492062571483e-01 5.343953803449469353e-01
3.090999999999999748e+00 1.026140213191777256e-01 2.806673824334708356e-01 5.344404422753180617e-01
3.092999999999999972e+00 1.026340478425185054e-01 2.806424640211652721e-01 5.344878955619752903e-01
3.094999999999999751e+00 1.026542065592932484e-01 2.806169576147281575e-01 5.345364773213094889e-01
3.096999999999999975e+00 1.026744981574239657e-01 2.805914851099819973e-01 5.345850033232664167e-01
3.098999999999999755e+00 1.026949233268933670e-01 2.805666791724475417e-01 5.346322679601022143e-01
3.100999999999999979e+00 1.027154827597383802e-01 2.805430280684435562e-01 5.346773399886621814e-01
3.102999999999999758e+00 1.027361771500436421e-01 2.805206523425974319e-01 5.347199885190851987e-01
3.104999999999999982e+00 1.027570071939348378e-01 2.804993260356234974e-01 5.347606431715631325e-01
3.106999999999999762e+00 1.027779735895718582e-01 2.804786174503423601e-01 5.348001261684659502e-01
3.108999999999999986e+00 1.027990770371419033e-01 2.804580759094508768e-01 5.348392964388346549e-01
3.110999999999999766e+00 1.028203182388523762e-01 2.804369995315519892e-01 5.348794925440053527e-01
3.112999999999999989e+00 1.028416978989237091e-01 2.804147269134110720e-01 5.349219766418270572e-01
3.114999999999999769e+00 1.028632167235819656e-01 2.803909056873106764e-01 5.349674221148905673e-01
3.116999999999999993e+00 1.028848754210514027e-01 2.803655672211685657e-01 5.350157706123424006e-01
3.118999999999999773e+00 1.029066747015468380e-01 2.803390795485864451e-01 5.350663212618668174e-01
3.120999999999999996e+00 1.029286152772659058e-01 2.803119367858225019e-01 5.351181320352056403e-01
3.122999999999999776e+00 1.029506978623811464e-01 2.802846241368229796e-01 5.351702772206883285e-01
3.125000000000000000e+00 1.029729231730319855e-01 2.802575414691083067e-01 5.352219933626082282e-01
3.126999999999999780e+00 1.029952919273165457e-01 2.802311832087317489e-01 5.352723357995161635e-01
3.129000000000000004e+00 1.030178048452833894e-01 2.802058063936573862e-01 5.353208126931781052e-01
3.130999999999999783e+00 1.030404626489229841e-01 2.801813779699553475e-01 5.353674861863407797e-01
3.133000000000000007e+00 1.030632660621591812e-01 2.801576273012925666e-01 5.354128725493668695e-01
3.134999999999999787e+00 1.030862158108403898e-01 2.801341858795219908e-01 5.354576755030922008e-01
3.137000000000000011e+00 1.031093126227308338e-01 2.801107929042885858e-01 5.355023933378164624e-01
3.138999999999999790e+00 1.031325572275013924e-01 2.800871451593188177e-01 5.355476057806122236e-01
3.141000000000000014e+00 1.031559503567205105e-01 2.800627417367339000e-01 5.355942710187555633e-01
3.142999999999999794e+00 1.031794927438448584e-01 2.800371881526935725e-01 5.356431443605651488e-01
3.145000000000000018e+00 1.032031851242098952e-01 2.800102997527212367e-01 5.356945802796035938e-01
3.146999999999999797e+00 1.032270282350202378e-01 2.799821452920527309e-01 5.357484486860160100e-01
3.149000000000000021e+00 1.032510228153399462e-01 2.799530230226745520e-01 5.358041802172319734e-01
3.150999999999999801e+00 1.032751696060826008e-01 2.799233100443791478e-01 5.358610541445045783e-01
3.153000000000000025e+00 1.032994693500012412e-01 2.798934270821241133e-01 5.359182656189642735e-01
3.154999999999999805e+00 1.033239227916782355e-01 2.798638152893415110e-01 5.359749699864564398e-01
3.157000000000000028e+00 1.033485306775148438e-01 2.798350858822348242e-01 5.360299961210928110e-01
3.158999999999999808e+00 1.033732937557208381e-01 2.798076280360599633e-01 5.360825973646039522e-01
3.161000000000000032e+00 1.033982127763037467e-01 2.797814936089836890e-01 5.361326729123714330e-01
3.162999999999999812e+00 1.034232884910581685e-01 2.797563837515787966e-01 5.361807941197820337e-01
3.165000000000000036e+00 1.034485216535547120e-01 2.797318807621587688e-01 5.362277606374693528e-01
3.166999999999999815e+00 1.034739130191290185e-01 2.797072107020842635e-01 5.362750557037472277e-01
3.169000000000000039e+00 1.034994633448704238e-01 2.796813543349688791e-01 5.363246339988325673e-01
3.170999999999999819e+00 1.035251733896105919e-01 2.796535315484720563e-01 5.363779930453002054e-01
3.173000000000000043e+00 1.035510439139119415e-01 2.796234460532290300e-01 5.364357035047985223e-01
3.174999999999999822e+00 1.035770756800559467e-01 2.795913727820601435e-01 5.364972406245314129e-01
3.177000000000000046e+00 1.036032694520312852e-01 2.795579376510720637e-01 5.365614056976670820e-01
3.178999999999999826e+00 1.036296259955217652e-01 2.795241891439833593e-01 5.366261877348108555e-01
3.181000000000000050e+00 1.036561460778942373e-01 2.794910173398064690e-01 5.366898780064524033e-01
3.182999999999999829e+00 1.036828304681861324e-01 2.794593669340269537e-01 5.367506612702341862e-01
3.185000000000000053e+00 1.037096799370930966e-01 2.794297034436326044e-01 5.368076412472678749e-01
3.186999999999999833e+00 1.037366952569562656e-01 2.794019163756388813e-01 5.368610278189148710e-01
3.189000000000000057e+00 1.037638772017494548e-01 2.793754153724399281e-01 5.369119534015995843e-01
3.190999999999999837e+00 1.037912265470662398e-01 2.793494773954976473e-01 5.369618064029267890e-01
3.193000000000000060e+00 1.038187440701068137e-01 2.793229030623458620e-01 5.370128920882634160e-01
3.194999999999999840e+00 1.038464305496646367e-01 2.792946129658554488e-01 5.370672867877258616e-01
3.197000000000000064e+00 1.038742867661130997e-01 2.792640170455191750e-01 5.371261274077800962e-01
3.198999999999999844e+00 1.039023135013918270e-01 2.792311512780064064e-01 5.371893476550470004e-01
3.201000000000000068e+00 1.039305115389929646e-01 2.791965833118265627e-01 5.372558582941874272e-01
3.202999999999999847e+00 1.039588816639471919e-01 2.791611103453857656e-01 5.373241273271047724e-01
3.205000000000000071e+00 1.039874246628096771e-01 2.791255127839028516e-01 5.373926535913935432e-01
3.206999999999999851e+00 1.040161413236457971e-01 2.790904615754162821e-01 5.374601451919085449e-01
3.209000000000000075e+00 1.040450324360167322e-01 2.790565457278697536e-01 5.375254667786110163e-01
3.210999999999999854e+00 1.040740987909648529e-01 2.790239191291291054e-01 5.375883202707854025e-01
3.213000000000000078e+00 1.041033411809990095e-01 2.789923185243552428e-01 5.376492112520488975e-01
3.214999999999999858e+00 1.041327604000795992e-01 2.789612510619022823e-01 5.377090883734048088e-01
3.217000000000000082e+00 1.041623572436034678e-01 2.789302694668649996e-01 5.377688132833463586e-01
3.218999999999999861e+00 1.041921325083886990e-01 2.788991463764236012e-01 5.378288243218519726e-01
3.221000000000000085e+00 1.042220869926591964e-01 2.788674815031376708e-01 5.378898937641543032e-01
3.222999999999999865e+00 1.042522214960290711e-01 2.788349622589523236e-01 5.379526253981590234e-01
3.225000000000000089e+00 1.042825368194869595e-01 2.788014885402693155e-01 5.380172135570733261e-01
3.226999999999999869e+00 1.043130337653800366e-01 2.787671657044146212e-01 5.380834562096512563e-01
3.229000000000000092e+00 1.043437131373980004e-01 2.787322358785455090e-01 5.381508870949567314e-01
3.230999999999999872e+00 1.043745757405567798e-01 2.786969633298292393e-01 5.382189967476597170e-01
3.233000000000000096e+00 1.044056223811821449e-01 2.786614624138540330e-01 5.382875647771757643e-01
3.234999999999999876e+00 1.044368538668930813e-01 2.786257963012781502e-01 5.383564694699156661e-01
3.237000000000000099e+00 1.044682710065851228e-01 2.785900112022859365e-01 5.384256217681977486e-01
3.238999999999999879e+00 1.044998746104132681e-01 2.785541341143159544e-01 5.384949696651833984e-01
3.241000000000000103e+00 1.045316654897750636e-01 2.785181758159738230e-01 5.385644924628184560e-01
3.242999999999999883e+00 1.045636444572931589e-01 2.784821350271088347e-01 5.386341927657163353e-01
3.245000000000000107e+00 1.045958123267980572e-01 2.784460036351671386e-01 5.387040863999504881e-01
3.246999999999999886e+00 1.046281699133102955e-01 2.784097731771445483e-01 5.387741898864990553e-01
3.249000000000000110e+00 1.046607180330228482e-01 2.783734381629638932e-01 5.388445140092273933e-01
3.250999999999999890e+00 1.046934575032830439e-01 2.783370032169337760e-01 5.389150499802253247e-01
3.253000000000000114e+00 1.047263891425744969e-01 2.783004828346778425e-01 5.389857698849422896e-01
3.254999999999999893e+00 1.047595137704988161e-01 2.782639044805683137e-01 5.390566206565781116e-01
3.257000000000000117e+00 1.047928322077570640e-01 2.782273056028448099e-01 5.391275298266996474e-01
3.258999999999999897e+00 1.048263452761311748e-01 2.781907248381121911e-01 5.391984225472996606e-01
3.261000000000000121e+00 1.048600537984651082e-01 2.781541804002032325e-01 5.392692634861093737e-01
3.262999999999999901e+00 1.048939585986458367e-01 2.781175052348115462e-01 5.393403765554298790e-01
3.265000000000000124e+00 1.049280605015842360e-01 2.780799305544029432e-01 5.394132532360307319e-01
3.266999999999999904e+00 1.049623603331956145e-01 2.780407179148744468e-01 5.394893277679002619e-01
3.269000000000000128e+00 1.049968589203803399e-01 2.779996113036364846e-01 5.395690997429746227e-01
3.270999999999999908e+00 1.050315570910040214e-01 2.779568760583723819e-01 5.396520572799186066e-01
3.273000000000000131e+00 1.050664556738777344e-01 2.779136967735924557e-01 5.397359026971609852e-01
3.274999999999999911e+00 1.051015554987378975e-01 2.778713303048476191e-01 5.398181951172785764e-01
3.277000000000000135e+00 1.051368573962260661e-01 2.778311860929271737e-01 5.398961941940850773e-01
3.278999999999999915e+00 1.051723621978685463e-01 2.777940087732568286e-01 5.399684487883760209e-01
3.281000000000000139e+00 1.052080707360558559e-01 2.777595128717494366e-01 5.400355093121863570e-01
3.282999999999999918e+00 1.052439838440218239e-01 2.777267895656050367e-01 5.400991392822289683e-01
3.285000000000000142e+00 1.052801023558228577e-01 2.776934347371080025e-01 5.401640126710406387e-01
3.286999999999999922e+00 1.053164271063166679e-01 2.776570640721718330e-01 5.402347694673104161e-01
3.289000000000000146e+00 1.053529589311410775e-01 2.776161244641771053e-01 5.403144370288751608e-01
3.290999999999999925e+00 1.053896986666925106e-01 2.775703983195524915e-01 5.404034468665233071e-01
3.293000000000000149e+00 1.054266471501043578e-01 2.775207929003160046e-01 5.405000412126927944e-01
3.294999999999999929e+00 1.054638052192251457e-01 2.774697185507309927e-01 5.405995320263203840e-01
3.297000000000000153e+00 1.055011737125966104e-01 2.774195279898687416e-01 5.406973369426175680e-01
3.298999999999999932e+00 1.055387534694313817e-01 2.773723791466654043e-01 5.407892467933330671e-01
3.301000000000000156e+00 1.055765453295907513e-01 2.773295644604881760e-01 5.408727349058771727e-01
3.302999999999999936e+00 1.056145501335620518e-01 2.772911103180093484e-01 5.409477419884595184e-01
3.305000000000000160e+00 1.056527687224360218e-01 2.772558918786722781e-01 5.410164558942548441e-01
3.306999999999999940e+00 1.056912019378838108e-01 2.772223999292933727e-01 5.410818174803264657e-01
3.309000000000000163e+00 1.057298506221340251e-01 2.771880664178797971e-01 5.411488378214119876e-01
3.310999999999999943e+00 1.057687156179493437e-01 2.771507294991357728e-01 5.412217397770470173e-01
3.313000000000000167e+00 1.058077977686032040e-01 2.771091095224854639e-01 5.413030277441259752e-01
3.314999999999999947e+00 1.058470979178561117e-01 2.770630364225934450e-01 5.413930415864310897e-01
3.317000000000000171e+00 1.058866169099319104e-01 2.770133531161602658e-01 5.414901423076899922e-01
3.318999999999999950e+00 1.059263555894937175e-01 2.769613620769659779e-01 5.415917905484443073e-01
3.321000000000000174e+00 1.059663148016198875e-01 2.769087746401309724e-01 5.416946436418965671e-01
3.322999999999999954e+00 1.060064953917795871e-01 2.768568675251065758e-01 5.417962044463185967e-01
3.325000000000000178e+00 1.060468982058083709e-01 2.768069464474492980e-01 5.418939153265682762e-01
3.326999999999999957e+00 1.060875240898833810e-01 2.767597593472008177e-01 5.419863073801198805e-01
3.329000000000000181e+00 1.061283738904986035e-01 2.767153599882747339e-01 5.420732698262790139e-01
3.330999999999999961e+00 1.061694484544396938e-01 2.766732142330448618e-01 5.421558440914101551e-01
3.332999999999999741e+00 1.062107486287588443e-01 2.766324435224055134e-01 5.422357482369956072e-01
3.334999999999999964e+00 1.062522752607493598e-01 2.765922760522061541e-01 5.423144931628092191e-01
3.336999999999999744e+00 1.062940291979199564e-01 2.765518128844990375e-01 5.423938409062138977e-01
3.338999999999999968e+00 1.063360112879691705e-01 2.765098914659688822e-01 5.424760727536614979e-01
3.340999999999999748e+00 1.063782223787592685e-01 2.764655177741920378e-01 5.425631420787712100e-01
3.342999999999999972e+00 1.064206633182902123e-01 2.764180917462997211e-01 5.426562315525715885e-01
3.344999999999999751e+00 1.064633349546732222e-01 2.763675395754860986e-01 5.427554923071183923e-01
3.346999999999999975e+00 1.065062381361044641e-01 2.763143426011690496e-01 5.428599854351728871e-01
3.348999999999999755e+00 1.065493737108382244e-01 2.762592840459630050e-01 5.429681775872681193e-01
3.350999999999999979e+00 1.065927425271601670e-01 2.762035771177129839e-01 5.430776877160888860e-01
3.352999999999999758e+00 1.066363454333602301e-01 2.761483554681574137e-01 5.431862874783495165e-01
3.354999999999999982e+00 1.066801832777054954e-01 2.760949934615356538e-01 5.432912713098412283e-01
3.356999999999999762e+00 1.067242569084127096e-01 2.760444706237559220e-01 5.433907067982808314e-01
3.358999999999999986e+00 1.067685671736208208e-01 2.759970250077602993e-01 5.434841190617267781e-01
3.360999999999999766e+00 1.068131149213631531e-01 2.759521377786278706e-01 5.435725238712656449e-01
3.362999999999999989e+00 1.068579009995395540e-01 2.759088413326827305e-01 5.436578229080177849e-01
3.364999999999999769e+00 1.069029262558882087e-01 2.758658505507117220e-01 5.437425462432360357e-01
3.366999999999999993e+00 1.069481915379574682e-01 2.758213468163083215e-01 5.438302790244045060e-01
3.368999999999999773e+00 1.069936976930772887e-01 2.757739026100340385e-01 5.439238397119533497e-01
3.370999999999999996e+00 1.070394455683306573e-01 2.757229069629743567e-01 5.440244397979702162e-01
3.372999999999999776e+00 1.070854360105247816e-01 2.756686685297400352e-01 5.441314778353837367e-01
3.375000000000000000e+00 1.071316698661620576e-01 2.756121784987552448e-01 5.442430041264575413e-01
3.376999999999999780e+00 1.071781479814109400e-01 2.755546406227413203e-01 5.443566461483160257e-01
3.379000000000000004e+00 1.072248712020765909e-01 2.754970018059739179e-01 5.444705351299665708e-01
3.380999999999999783e+00 1.072718403735713200e-01 2.754401392788953240e-01 5.445829369412217291e-01
3.383000000000000007e+00 1.073190563408849690e-01 2.753847428045698709e-01 5.446924854019574713e-01
3.384999999999999787e+00 1.073665199485549365e-01 2.753309610153700793e-01 5.447988829401078092e-01
3.387000000000000011e+00 1.074142320406362427e-01 2.752784492026240093e-01 5.449028081729333506e-01
3.388999999999999790e+00 1.074621934606711515e-01 2.752266007453586516e-01 5.450054594787547835e-01
3.391000000000000014e+00 1.075104050516589305e-01 2.751748509366027662e-01 5.451079540497628662e-01
3.392999999999999794e+00 1.075588676560251811e-01 2.751229476929865636e-01 5.452107912400933065e-01
3.395000000000000018e+00 1.076075821155911133e-01 2.750707856490203773e-01 5.453141802975549624e-01
3.396999999999999797e+00 1.076565492715425842e-01 2.750181466905770034e-01 5.454185543936671543e-01
3.399000000000000021e+00 1.077057699643990951e-01 2.749647216983616693e-01 5.455245279230805933e-01
3.400999999999999801e+00 1.077552450339823720e-01 2.749101790458304828e-01 5.456327609280461344e-01
3.403000000000000025e+00 1.078049753193850990e-01 2.748541857597645022e-01 5.457439172169168407e-01
3.404999999999999805e+00 1.078549616589391108e-01 2.747965024064973338e-01 5.458584759499958139e-01
3.407000000000000028e+00 1.079052048901837646e-01 2.747371097096848458e-01 5.459764796918233909e-01
3.408999999999999808e+00 1.079557058498338828e-01 2.746762236985499372e-01 5.460975033813669777e-01
3.411000000000000032e+00 1.080064653737476538e-01 2.746145263394427216e-01 5.462201945376681245e-01
3.412999999999999812e+00 1.080574842968942822e-01 2.745530515471203969e-01 5.463424979425374195e-01
3.415000000000000036e+00 1.081087634533216130e-01 2.744933216173511270e-01 5.464613824342977599e-01
3.416999999999999815e+00 1.081603036761233511e-01 2.744367006988633340e-01 5.465741266310933932e-01
3.419000000000000039e+00 1.082121057974063938e-01 2.743837133881990575e-01 5.466796776956636128e-01
3.420999999999999819e+00 1.082641706482576627e-01 2.743338147052533649e-01 5.467791134722538304e-01
3.423000000000000043e+00 1.083164990587111853e-01 2.742850609711533494e-01 5.468763025915419629e-01
3.424999999999999822e+00 1.083690918577145390e-01 2.742336044220849978e-01 5.469789171757681867e-01
3.427000000000000046e+00 1.084219498730955300e-01 2.741761456053411483e-01 5.470935469926523353e-01
3.428999999999999826e+00 1.084750739315284290e-01 2.741109238817346916e-01 5.472237219729250146e-01
3.431000000000000050e+00 1.085284648585002482e-01 2.740381925647760730e-01 5.473689583051223329e-01
3.432999999999999829e+00 1.085821234782766570e-01 2.739617768804444298e-01 5.475216349814349126e-01
3.435000000000000053e+00 1.086360506138678989e-01 2.738868647365231279e-01 5.476713903176727571e-01
3.436999999999999833e+00 1.086902470869944431e-01 2.738182646386710939e-01 5.478085992471651844e-01
3.439000000000000057e+00 1.087447137180524992e-01 2.737593818075387819e-01 5.479264272500972144e-01
3.440999999999999837e+00 1.087994513260793911e-01 2.737105117667154586e-01 5.480242575697844565e-01
3.443000000000000060e+00 1.088544607287187382e-01 2.736694099098104238e-01 5.481065642281082173e-01
3.444999999999999840e+00 1.089097427421854558e-01 2.736289753870383423e-01 5.481875586744071605e-01
3.447000000000000064e+00 1.089652981812306992e-01 2.735810981934442832e-01 5.482834925018748029e-01
3.448999999999999844e+00 1.090211278591064759e-01 2.735202084100692987e-01 5.484055487962912201e-01
3.451000000000000068e+00 1.090772325875303123e-01 2.734448595627740897e-01 5.485566641839352275e-01
3.452999999999999847e+00 1.091336131766494771e-01 2.733599857704029357e-01 5.487269820316207358e-01
3.455000000000000071e+00 1.091902704350053988e-01 2.732736601719746306e-01 5.489003217712349336e-01
3.456999999999999851e+00 1.092472051694975688e-01 2.731909330821010173e-01 5.490665385842841140e-01
3.459000000000000075e+00 1.093044181853475988e-01 2.731162671710693490e-01 5.492166451808081495e-01
3.460999999999999854e+00 1.093619102860628467e-01 2.730539941195815334e-01 5.493419002481569891e-01
3.463000000000000078e+00 1.094196822734001540e-01 2.730043374415624391e-01 5.494418198835687717e-01
3.464999999999999858e+00 1.094777349473291528e-01 2.729642351402766232e-01 5.495225406468170481e-01
3.467000000000000082e+00 1.095360691059956842e-01 2.729250771063267411e-01 5.496013836118205376e-01
3.468999999999999861e+00 1.095946855456848557e-01 2.728774741715881413e-01 5.496972604843097798e-01
3.471000000000000085e+00 1.096535850607840978e-01 2.728152507922168568e-01 5.498226347846069118e-01
3.472999999999999865e+00 1.097127684437458894e-01 2.727369305421022960e-01 5.499805240964408259e-01
3.475000000000000089e+00 1.097722364850506338e-01 2.726475590047386932e-01 5.501608030072000499e-01
3.476999999999999869e+00 1.098319899731689531e-01 2.725559284408037297e-01 5.503457615400151326e-01
3.479000000000000092e+00 1.098920296945243014e-01 2.724674771973173426e-01 5.505244205398208690e-01
3.480999999999999872e+00 1.099523564334550368e-01 2.723861114498964398e-01 5.506888703009054087e-01
3.483000000000000096e+00 1.100129709721766186e-01 2.723161732764595722e-01 5.508303021272177302e-01
3.484999999999999876e+00 1.100738740907434982e-01 2.722583406565969866e-01 5.509473084947541510e-01
3.487000000000000099e+00 1.101350665670109558e-01 2.722096899178607088e-01 5.510457766777607791e-01
3.488999999999999879e+00 1.101965491765967142e-01 2.721645283682781469e-01 5.511372143140865765e-01
3.491000000000000103e+00 1.102583226928425114e-01 2.721146600158475537e-01 5.512382169753889949e-01
3.492999999999999883e+00 1.103203878867753951e-01 2.720548585903144190e-01 5.513593867694308592e-01
3.495000000000000107e+00 1.103827455270690594e-01 2.719831062484853734e-01 5.515048418594025170e-01
3.496999999999999886e+00 1.104453963800048066e-01 2.719008243169089289e-01 5.516717368431744983e-01
3.499000000000000110e+00 1.105083412094325923e-01 2.718116566092046993e-01 5.518527125408070333e-01
3.500999999999999890e+00 1.105715807767317926e-01 2.717216154169979081e-01 5.520355815999485882e-01
3.503000000000000114e+00 1.106351158407719304e-01 2.716349474403226272e-01 5.522117143375100401e-01
3.504999999999999893e+00 1.106989471578731232e-01 2.715551371628728283e-01 5.523740098130910381e-01
3.507000000000000117e+00 1.107630754817665736e-01 2.714833925912515933e-01 5.525199849916478945e-01
3.508999999999999897e+00 1.108275015635547950e-01 2.714187058284653342e-01 5.526516661486069459e-01
3.511000000000000121e+00 1.108922261516717966e-01 2.713586617142658697e-01 5.527739525703674328e-01
3.512999999999999901e+00 1.109572499918429628e-01 2.713000055067693039e-01 5.528934646345124992e-01
3.515000000000000124e+00 1.110225738270451401e-01 2.712385377270507547e-01 5.530187607446329645e-01
3.516999999999999904e+00 1.110881983974661147e-01 2.711713191833646786e-01 5.531558442527277908e-01
3.519000000000000128e+00 1.111541244404645190e-01 2.710969846904122127e-01 5.533075189725819021e-01
3.520999999999999908e+00 1.112203526905290729e-01 2.710159167005738445e-01 5.534730278064232678e-01
3.523000000000000131e+00 1.112868838792381021e-01 2.709296949856641601e-01 5.536491672053039936e-01
3.524999999999999911e+00 1.113537187352186819e-01 2.708412772215941788e-01 5.538299093061598288e-01
3.527000000000000135e+00 1.114208579841058644e-01 2.707536689348545855e-01 5.540091131178397355e-01
3.528999999999999915e+00 1.114883023485015445e-01 2.706697627117102822e-01 5.541808530706276992e-01
3.531000000000000139e+00 1.115560525479334236e-01 2.705917070136184543e-01 5.543407137471908497e-01
3.532999999999999918e+00 1.116241092988137090e-01 2.705201686605210876e-01 5.544873077032446140e-01
3.535000000000000142e+00 1.116924733143978138e-01 2.704541245182853770e-01 5.546227119559365981e-01
3.536999999999999922e+00 1.117611453047427650e-01 2.703917182619717252e-01 5.547507185655404793e-01
3.539000000000000146e+00 1.118301259766657646e-01 2.703286514411318286e-01 5.548801401566003655e-01
3.540999999999999925e+00 1.118994160337022786e-01 2.702604336186075207e-01 5.550202002993916972e-01
3.543000000000000149e+00 1.119690161760644176e-01 2.701837662864684519e-01 5.551776928039381387e-01
3.544999999999999929e+00 1.120389271005988174e-01 2.700974762076761015e-01 5.553550596106496817e-01
3.547000000000000153e+00 1.121091495007447286e-01 2.700025956326566057e-01 5.555502147989632711e-01
3.548999999999999932e+00 1.121796840664917583e-01 2.699034301008532144e-01 5.557543301467134933e-01
3.551000000000000156e+00 1.122505314843376817e-01 2.698055397749457018e-01 5.559559678615949574e-01
3.552999999999999936e+00 1.123216924372459902e-01 2.697139470900962732e-01 5.561447660320414377e-01
3.555000000000000160e+00 1.123931676046035499e-01 2.696323158072363446e-01 5.563131390646696151e-01
3.556999999999999940e+00 1.124649576621778307e-01 2.695614320714928569e-01 5.564594268820218792e-01
3.559000000000000163e+00 1.125370632820744121e-01 2.694990753182084364e-01 5.565881805823968964e-01
3.560999999999999943e+00 1.126094851326940455e-01 2.694402379705442274e-01 5.567097220883479025e-01
3.563000000000000167e+00 1.126822238786899105e-01 2.693765184564279047e-01 5.568414086703802335e-01
3.564999999999999947e+00 1.127552801809245248e-01 2.693017300562010607e-01 5.569960503732976909e-01
3.567000000000000171e+00 1.128286546964267500e-01 2.692128956306875098e-01 5.571798470076763099e-01
3.568999999999999950e+00 1.129023480783485356e-01 2.691108137004578071e-01 5.573912022984039982e-01
3.571000000000000174e+00 1.129763609759217718e-01 2.690020250066004204e-01 5.576166201586010285e-01
3.572999999999999954e+00 1.130506940344147976e-01 2.688953481144649160e-01 5.578378393372098731e-01
3.575000000000000178e+00 1.131253478950891289e-01 2.687983381636493418e-01 5.580391643220549147e-01
3.576999999999999957e+00 1.132003231951557304e-01 2.687162022577807563e-01 5.582097348045439444e-01
3.579000000000000181e+00 1.132756205677315636e-01 2.686490040315863137e-01 5.583493619889385862e-01
3.580999999999999961e+00 1.133512406417957752e-01 2.685928949868187643e-01 5.584660011478013164e-01
3.583000000000000185e+00 1.134271840421459954e-01 2.685352986870176983e-01 5.585857827012434829e-01
3.584999999999999964e+00 1.135034513893543456e-01 2.684641374125578683e-01 5.587338459642747779e-01
3.586999999999999744e+00 1.135800432997236542e-01 2.683721995522695969e-01 5.589252547404233162e-01
3.588999999999999968e+00 1.136569603852432969e-01 2.682599834643532022e-01 5.591590592934343462e-01
3.590999999999999748e+00 1.137342032535451353e-01 2.681392419507464542e-01 5.594108453083229682e-01
3.592999999999999972e+00 1.138117725078593573e-01 2.680201672933299473e-01 5.596593775565968931e-01
3.594999999999999751e+00 1.138896687469701657e-01 2.679085515182617061e-01 5.598925422497214033e-01
3.596999999999999975e+00 1.139678925651715635e-01 2.678124914840212534e-01 5.600933667014915684e-01
3.598999999999999755e+00 1.140464445522228060e-01 2.677380878507433226e-01 5.602490150135863711e-01
3.600999999999999979e+00 1.141253252933040752e-01 2.676841901527493017e-01 5.603618200776262492e-01
3.602999999999999758e+00 1.142045353689718490e-01 2.676430533769703080e-01 5.604479477699267909e-01
3.604999999999999982e+00 1.142840753551144090e-01 2.675943978395685097e-01 5.605498516076179438e-01
3.606999999999999762e+00 1.143639458229070566e-01 2.675224645263851175e-01 5.607005761761209017e-01
3.608999999999999986e+00 1.144441473387675240e-01 2.674194402859783604e-01 5.609165879623037032e-01
3.610999999999999766e+00 1.145246804643110655e-01 2.672951177795261368e-01 5.611774777110779544e-01
3.612999999999999989e+00 1.146055457563057572e-01 2.671626448926348041e-01 5.614557381713330964e-01
3.614999999999999769e+00 1.146867437666274914e-01 2.670330010905009321e-01 5.617283234185839191e-01
3.616999999999999993e+00 1.147682750422150955e-01 2.669110124814246809e-01 5.619850548895544140e-01
3.618999999999999773e+00 1.148501401250253129e-01 2.667997820300229139e-01 5.622193498760824637e-01
3.620999999999999996e+00 1.149323395519877555e-01 2.667076906838554140e-01 5.624134782742503669e-01
3.622999999999999776e+00 1.150148738549597871e-01 2.666382925852176511e-01 5.625598579471099425e-01
3.625000000000000000e+00 1.150977435606814619e-01 2.665885410453004978e-01 5.626648445272484089e-01
3.626999999999999780e+00 1.151809491907302141e-01 2.665474900945132286e-01 5.627515004805054843e-01
3.629000000000000004e+00 1.152644912614757544e-01 2.664949433284180547e-01 5.628624623287722395e-01
3.630999999999999783e+00 1.153483702840346625e-01 2.664163332029242381e-01 5.630285433203821022e-01
3.633000000000000007e+00 1.154325867642252423e-01 2.663052699290924807e-01 5.632633557718914608e-01
3.634999999999999787e+00 1.155171412025220168e-01 2.661736459738070493e-01 5.635418918023191726e-01
3.637000000000000011e+00 1.156020340940104724e-01 2.660339461179164200e-01 5.638378191537791739e-01
3.638999999999999790e+00 1.156872659283415677e-01 2.658974387677393025e-01 5.641272841707384300e-01
3.641000000000000014e+00 1.157728371896863395e-01 2.657684160102097293e-01 5.644011513927885693e-01
3.642999999999999794e+00 1.158587483566903831e-01 2.656492984860032158e-01 5.646542296738018551e-01
3.645000000000000018e+00 1.159449999024284028e-01 2.655482119997956136e-01 5.648691771274869655e-01
3.646999999999999797e+00 1.160315922943586375e-01 2.654691226202391396e-01 5.650374646944500423e-01
3.649000000000000021e+00 1.161185259942773967e-01 2.654096427853299689e-01 5.651640928559773513e-01
3.650999999999999801e+00 1.162058014582733750e-01 2.653624755928026824e-01 5.652645486703032907e-01
3.653000000000000025e+00 1.162934191366822023e-01 2.653095760401941727e-01 5.653772556527515425e-01
3.654999999999999805e+00 1.163813794740407026e-01 2.652358947960412605e-01 5.655343147101022927e-01
3.657000000000000028e+00 1.164696829090414582e-01 2.651326182260913544e-01 5.657546061423788242e-01
3.658999999999999808e+00 1.165583298744869295e-01 2.650016435599374942e-01 5.660342252408457897e-01
3.661000000000000032e+00 1.166473207972441306e-01 2.648593535114923125e-01 5.663383150766901908e-01
3.662999999999999812e+00 1.167366560981986795e-01 2.647147441125596856e-01 5.666476965718929559e-01
3.665000000000000036e+00 1.168263361922093901e-01 2.645777245120055632e-01 5.669411522707140660e-01
3.666999999999999815e+00 1.169163614880624480e-01 2.644493726319920857e-01 5.672163201110712594e-01
3.669000000000000039e+00 1.170067323884258909e-01 2.643380305678525444e-01 5.674552378171582312e-01
3.670999999999999819e+00 1.170974492898038122e-01 2.642482306284296145e-01 5.676480771253344937e-01
3.673000000000000043e+00 1.171885125824908835e-01 2.641782316543129783e-01 5.677984861231131219e-01
3.674999999999999822e+00 1.172799226505265302e-01 2.641221103312088592e-01 5.679191333580522194e-01
3.677000000000000046e+00 1.173716798716494258e-01 2.640644792666302920e-01 5.680430795409726619e-01
3.678999999999999826e+00 1.174637846172517930e-01 2.639910122714630436e-01 5.682011622643969861e-01
3.681000000000000050e+00 1.175562372523338284e-01 2.638921752961138623e-01 5.684139737439533047e-01
3.682999999999999829e+00 1.176490381354580589e-01 2.637656895423877157e-01 5.686865500218696301e-01
3.685000000000000053e+00 1.177421876187038363e-01 2.636212016298498662e-01 5.689982409328926405e-01
3.686999999999999833e+00 1.178356860476216239e-01 2.634719758934646050e-01 5.693205111903544280e-01
3.689000000000000057e+00 1.179295337611876437e-01 2.633276504410386187e-01 5.696325461787625777e-01
3.690999999999999837e+00 1.180237310917581911e-01 2.631920094991820336e-01 5.699261170026751477e-01
3.693000000000000060e+00 1.181182783650242540e-01 2.630726373260026674e-01 5.701847273995214183e-01
3.694999999999999840e+00 1.182131758999659388e-01 2.629728362156732446e-01 5.704011188325920356e-01
3.697000000000000064e+00 1.183084240088071309e-01 2.628898823330664825e-01 5.705811066930241982e-01
3.698999999999999844e+00 1.184040229969700181e-01 2.628176217052419217e-01 5.707379856295542453e-01
3.701000000000000068e+00 1.184999731630298203e-01 2.627442371357898709e-01 5.708973929748948350e-01
3.702999999999999847e+00 1.185962747986692850e-01 2.626600440641692069e-01 5.710803884710924372e-01
3.705000000000000071e+00 1.186929281886336118e-01 2.625598984381560252e-01 5.712982100171376532e-01
3.706999999999999851e+00 1.187899336106850029e-01 2.624437024981448596e-01 5.715511501026027119e-01
3.709000000000000075e+00 1.188872913355576155e-01 2.623152718173371034e-01 5.718309839941468908e-01
3.710999999999999854e+00 1.189850016269122790e-01 2.621810022457387590e-01 5.721238332112522640e-01
3.713000000000000078e+00 1.190830647412915166e-01 2.620472046774871000e-01 5.724159514871052234e-01
3.714999999999999858e+00 1.191814809280743181e-01 2.619181481093597608e-01 5.726980015808980085e-01
3.717000000000000082e+00 1.192802504294313559e-01 2.617962270228439414e-01 5.729647126920252020e-01
3.718999999999999861e+00 1.193793734802798129e-01 2.616811363803054902e-01 5.732167097516823739e-01
3.721000000000000085e+00 1.194788503082386821e-01 2.615706730679831504e-01 5.734587835885349705e-01
3.722999999999999865e+00 1.195786811335838029e-01 2.614622248064102372e-01 5.736966405417142090e-01
3.725000000000000089e+00 1.196788661692032435e-01 2.613536271152281376e-01 5.739350230401299990e-01
3.726999999999999869e+00 1.197794056205524343e-01 2.612430885195139441e-01 5.741778695469508254e-01
3.729000000000000092e+00 1.198802996856097314e-01 2.611299309365832655e-01 5.744266827705333256e-01
3.730999999999999872e+00 1.199815485548316740e-01 2.610144692423702617e-01 5.746807846913438711e-01
3.733000000000000096e+00 1.200831524111087012e-01 2.608983278833750807e-01 5.749366092796575067e-01
3.734999999999999876e+00 1.201851114297205758e-01 2.607834597150617273e-01 5.751898535432178328e-01
3.737000000000000099e+00 1.202874257782922118e-01 2.606722740998196897e-01 5.754351916328478422e-01
3.738999999999999879e+00 1.203900956167492653e-01 2.605657639942048354e-01 5.756704092688711416e-01
3.741000000000000103e+00 1.204931210972741973e-01 2.604633592230754524e-01 5.758967420501229784e-01
3.742999999999999883e+00 1.205965023642619344e-01 2.603593775166989088e-01 5.761267423155492784e-01
3.745000000000000107e+00 1.207002395542761952e-01 2.602466605854860671e-01 5.763762718896746629e-01
3.746999999999999886e+00 1.208043327960053037e-01 2.601188893534588931e-01 5.766593897614817887e-01
3.749000000000000110e+00 1.209087822102186682e-01 2.599734026932897235e-01 5.769821006534515684e-01
3.750999999999999890e+00 1.210135879097228029e-01 2.598128069034175702e-01 5.773387454905591909e-01
3.753000000000000114e+00 1.211187499993180428e-01 2.596497141953836851e-01 5.777013869043836625e-01
3.754999999999999893e+00 1.212242685757547733e-01 2.594958380141365595e-01 5.780439530279805060e-01
3.757000000000000117e+00 1.213301437276902150e-01 2.593629354961534128e-01 5.783401537812430382e-01
3.758999999999999897e+00 1.214363755356450414e-01 2.592579787417629844e-01 5.785742862302004630e-01
3.761000000000000121e+00 1.215429640719603022e-01 2.591795974697113092e-01 5.787492590636095224e-01
3.762999999999999901e+00 1.216499094007542775e-01 2.591203432967946196e-01 5.788816041671843715e-01
3.765000000000000124e+00 1.217572115778796232e-01 2.590588215877903666e-01 5.790190779091755058e-01
3.766999999999999904e+00 1.218648706508804053e-01 2.589747825225984235e-01 5.792069735087462812e-01
3.769000000000000128e+00 1.219728866589495780e-01 2.588551927600422631e-01 5.794745641399954295e-01
3.770999999999999908e+00 1.220812596328862409e-01 2.586984444651331261e-01 5.798256742908892702e-01
3.773000000000000131e+00 1.221899895950533110e-01 2.585232789117039576e-01 5.802185421423151634e-01
3.774999999999999911e+00 1.222990765593350848e-01 2.583429556531834370e-01 5.806235344050559855e-01
3.777000000000000135e+00 1.224085205310951746e-01 2.581712885096612009e-01 5.810096113549308994e-01
3.778999999999999915e+00 1.225183215071342785e-01 2.580096362779291108e-01 5.813736345816918893e-01
3.781000000000000139e+00 1.226284794756484497e-01 2.578674508282633449e-01 5.816941980005774226e-01
3.782999999999999918e+00 1.227389944161871027e-01 2.577493602970803988e-01 5.819607072045139828e-01
3.785000000000000142e+00 1.228498662996115876e-01 2.576525321866775520e-01 5.821794132080183592e-01
3.786999999999999922e+00 1.229610950880535153e-01 2.575694728811743772e-01 5.823671505869801868e-01
3.789000000000000146e+00 1.230726807348735408e-01 2.574856460002227232e-01 5.825567457064004806e-01
3.790999999999999925e+00 1.231846231846200485e-01 2.573889816065871305e-01 5.827755293319873964e-01
3.793000000000000149e+00 1.232969223729881991e-01 2.572733193385425832e-01 5.830375275044240579e-01
3.794999999999999929e+00 1.234095782267789487e-01 2.571389179682637693e-01 5.833422695607402009e-01
3.797000000000000153e+00 1.235225906638584559e-01 2.569907726195629349e-01 5.836785440621751198e-01
3.798999999999999932e+00 1.236359595931173089e-01 2.568364303655426562e-01 5.840292975046895707e-01
3.801000000000000156e+00 1.237496849144303496e-01 2.566825499670188915e-01 5.843794212706453495e-01
3.802999999999999936e+00 1.238637665186161918e-01 2.565332718069696649e-01 5.847194749571065220e-01
3.805000000000000160e+00 1.239782042873974061e-01 2.563906609727124031e-01 5.850447104076246241e-01
3.806999999999999940e+00 1.240929980933603571e-01 2.562542800033100199e-01 5.853560767767954642e-01
3.809000000000000163e+00 1.242081477999157080e-01 2.561221462228608914e-01 5.856580628114825826e-01
3.810999999999999943e+00 1.243236532612587153e-01 2.559919082148003344e-01 5.859560212119534484e-01
3.813000000000000167e+00 1.244395143223299693e-01 2.558618260575824532e-01 5.862539258444987578e-01
3.814999999999999947e+00 1.245557308187760920e-01 2.557312991029109805e-01 5.865531537445373145e-01
3.817000000000000171e+00 1.246723025769108928e-01 2.555998491949047491e-01 5.868548063407471593e-01
3.818999999999999950e+00 1.247892294136763724e-01 2.554672972030909150e-01 5.871593023538871359e-01
3.821000000000000174e+00 1.249065111366043646e-01 2.553337238311021995e-01 5.874664644738498698e-01
3.822999999999999954e+00 1.250241475437777749e-01 2.551993014565462348e-01 5.877759035541132437e-01
3.825000000000000178e+00 1.251421384237926815e-01 2.550641829779466407e-01 5.880872737548152873e-01
3.826999999999999957e+00 1.252604835557200591e-01 2.549284254678075290e-01 5.884004489681440297e-01
3.829000000000000181e+00 1.253791827090681432e-01 2.547920527335855168e-01 5.887153794268548124e-01
3.830999999999999961e+00 1.254982356437446267e-01 2.546550968645996949e-01 5.890319960089198670e-01
3.833000000000000185e+00 1.256176421100194673e-01 2.545175932214468473e-01 5.893502217329638082e-01
3.834999999999999964e+00 1.257374018484874179e-01 2.543795775484206656e-01 5.896699784063749172e-01
3.837000000000000188e+00 1.258575145900313885e-01 2.542410996345089713e-01 5.899911549141207967e-01
3.838999999999999968e+00 1.259779800557852270e-01 2.541022312821044626e-01 5.903135885236281410e-01
3.840999999999999748e+00 1.260987979570976358e-01 2.539630629107966775e-01 5.906370724969827180e-01
3.842999999999999972e+00 1.262199679954955078e-01 2.538237473543421552e-01 5.909612538758932665e-01
3.844999999999999751e+00 1.263414898626478988e-01 2.536833470601730367e-01 5.912883196247815665e-01
3.846999999999999975e+00 1.264633632403303065e-01 2.535396054860575843e-01 5.916235442286694735e-01
3.848999999999999755e+00 1.265855878003888102e-01 2.533898613960225421e-01 5.919731719871983433e-01
3.850999999999999979e+00 1.267081632047047657e-01 2.532323128464871731e-01 5.923414682506651374e-01
3.852999999999999758e+00 1.268310891051596112e-01 2.530672050022376718e-01 5.927279277402761615e-01
3.854999999999999982e+00 1.269543651435999787e-01 2.529010357787530028e-01 5.931173810265666368e-01
3.856999999999999762e+00 1.270779909518028328e-01 2.527414824748092093e-01 5.934918104112589798e-01
3.858999999999999986e+00 1.272019661514412203e-01 2.525975180204511061e-01 5.938300628427216621e-01
3.860999999999999766e+00 1.273262903540498814e-01 2.524753079495672958e-01 5.941175048688838167e-01
3.862999999999999989e+00 1.274509631609914984e-01 2.523745144804300233e-01 5.943547838370640823e-01
3.864999999999999769e+00 1.275759841634227509e-01 2.522864595497326112e-01 5.945622300448147879e-01
3.866999999999999993e+00 1.277013529422610372e-01 2.521876417249298008e-01 5.947952047690363564e-01
3.868999999999999773e+00 1.278270690681512223e-01 2.520579692147951190e-01 5.951012002011932811e-01
3.870999999999999996e+00 1.279531321014327205e-01 2.518861680528052815e-01 5.955070941749928126e-01
3.872999999999999776e+00 1.280795415921067992e-01 2.516826041609038778e-01 5.959887474149905273e-01
3.875000000000000000e+00 1.282062970798042156e-01 2.514675602136030585e-01 5.964984106601507463e-01
3.876999999999999780e+00 1.283333980937530483e-01 2.512579228550863020e-01 5.969960998464232116e-01
3.879000000000000004e+00 1.284608441527468892e-01 2.510614270257382485e-01 5.974633450347685004e-01
3.880999999999999783e+00 1.285886347651131745e-01 2.508898174840473727e-01 5.978720121215665984e-01
3.883000000000000007e+00 1.287167694286820152e-01 2.507579237876699230e-01 5.981864809465122779e-01
3.884999999999999787e+00 1.288452476307549166e-01 2.506688270992796785e-01 5.983990978686437590e-01
3.887000000000000011e+00 1.289740688480743858e-01 2.506142291606145434e-01 5.985294630013504591e-01
3.888999999999999790e+00 1.291032325467931230e-01 2.505599698176464440e-01 5.986590759456412725e-01
3.891000000000000014e+00 1.292327381824441568e-01 2.504693003007077978e-01 5.988757896473275721e-01
3.892999999999999794e+00 1.293625851999106180e-01 2.503186028703372479e-01 5.992363263456637057e-01
3.895000000000000018e+00 1.294927730333965687e-01 2.501132435626498007e-01 5.997283385053023830e-01
3.896999999999999797e+00 1.296233011063973595e-01 2.498861863104631931e-01 6.002732772656638183e-01
3.899000000000000021e+00 1.297541688316707909e-01 2.496504256883677331e-01 6.008401531317282274e-01
3.900999999999999801e+00 1.298853756112083868e-01 2.494333796923844104e-01 6.013629779021100186e-01
3.903000000000000025e+00 1.300169208362071394e-01 2.492307249630038302e-01 6.018519587513385671e-01
3.904999999999999805e+00 1.301488038870411701e-01 2.490560845413263835e-01 6.022739828912317961e-01
3.907000000000000028e+00 1.302810241332342800e-01 2.489243682634482424e-01 6.025926712054482381e-01
3.908999999999999808e+00 1.304135809334321383e-01 2.488369899546027386e-01 6.028042696842043080e-01
3.911000000000000032e+00 1.305464736353755539e-01 2.487828405773547802e-01 6.029354743755329649e-01
3.912999999999999812e+00 1.306797015758732750e-01 2.487227294589869908e-01 6.030811913582436734e-01
3.915000000000000036e+00 1.308132640807757596e-01 2.486199536446105363e-01 6.033304962095572543e-01
3.916999999999999815e+00 1.309471604649488086e-01 2.484527254652944828e-01 6.037365849744038560e-01
3.919000000000000039e+00 1.310813900322478909e-01 2.482342455213117360e-01 6.042679553942608139e-01
3.920999999999999819e+00 1.312159520754924702e-01 2.479956973027407363e-01 6.048492035605258499e-01
3.923000000000000043e+00 1.313508458764409692e-01 2.477539254295483828e-01 6.054394485977748763e-01
3.924999999999999822e+00 1.314860707057657063e-01 2.475324446864155536e-01 6.059811682061567728e-01
3.927000000000000046e+00 1.316216258230286651e-01 2.473276166385244557e-01 6.064830205323523682e-01
3.928999999999999826e+00 1.317575104766569860e-01 2.471576794803251598e-01 6.069000174924390478e-01
3.931000000000000050e+00 1.318937239039194576e-01 2.470358465039293183e-01 6.071993280441351226e-01
3.932999999999999829e+00 1.320302653309027574e-01 2.469601514614624960e-01 6.073854389557543643e-01
3.935000000000000053e+00 1.321671339724884708e-01 2.469122959568808284e-01 6.075031598515249209e-01
3.936999999999999833e+00 1.323043290323301924e-01 2.468464273979348589e-01 6.076652661380786968e-01
3.939000000000000057e+00 1.324418497028312658e-01 2.467267566870127993e-01 6.079600040715636977e-01
3.940999999999999837e+00 1.325796951651224131e-01 2.465359992673791523e-01 6.084304135937501634e-01
3.943000000000000060e+00 1.327178645890402797e-01 2.463021947508537424e-01 6.090079714950654699e-01
3.944999999999999840e+00 1.328563571331058957e-01 2.460482674390735702e-01 6.096364813344722355e-01
3.947000000000000064e+00 1.329951719445037761e-01 2.457981929960593448e-01 6.102567239068548144e-01
3.948999999999999844e+00 1.331343081590611599e-01 2.455689677097619150e-01 6.108263653951792049e-01
3.951000000000000068e+00 1.332737649012279424e-01 2.453567153221335728e-01 6.113547770765601630e-01
3.952999999999999847e+00 1.334135412840564971e-01 2.451802090173097748e-01 6.117948940544787328e-01
3.955000000000000071e+00 1.335536364091824413e-01 2.450535890573579123e-01 6.121110103998133045e-01
3.956999999999999851e+00 1.336940493668051788e-01 2.449760609219383267e-01 6.123047265740693135e-01
3.959000000000000075e+00 1.338347792356694155e-01 2.449326545084861140e-01 6.124132378388239539e-01
3.960999999999999854e+00 1.339758250830465902e-01 2.448777604153981879e-01 6.125505221280512780e-01
3.963000000000000078e+00 1.341171859647169451e-01 2.447715799361994682e-01 6.128162429604695483e-01
3.964999999999999858e+00 1.342588609249517895e-01 2.445907565703723530e-01 6.132692915434961867e-01
3.967000000000000082e+00 1.344008489964964304e-01 2.443541353053170218e-01 6.138631532164460225e-01
3.968999999999999861e+00 1.345431492005531582e-01 2.440944341585140898e-01 6.145162650558042561e-01
3.971000000000000085e+00 1.346857605467648988e-01 2.438246166332542486e-01 6.151962917904250094e-01
3.972999999999999865e+00 1.348286820331991431e-01 2.435772754335232826e-01 6.158209945202287594e-01
3.975000000000000089e+00 1.349719126463322649e-01 2.433448577672481516e-01 6.164091626027715654e-01
3.976999999999999869e+00 1.351154513610342278e-01 2.431345698690772494e-01 6.169422969377483801e-01
3.979000000000000092e+00 1.352592971405537914e-01 2.429654445449571099e-01 6.173717430514886750e-01
3.980999999999999872e+00 1.354034489365039673e-01 2.428483606691471119e-01 6.176693949536588013e-01
3.983000000000000096e+00 1.355479056888481693e-01 2.427797921657459113e-01 6.178438438467518390e-01
3.984999999999999876e+00 1.356926663258862797e-01 2.427418405644862220e-01 6.179404409688132871e-01
3.987000000000000099e+00 1.358377297642416881e-01 2.426880426264749757e-01 6.180774230845290651e-01
3.988999999999999879e+00 1.359830949088483010e-01 2.425792518285393440e-01 6.183546155300350122e-01
3.991000000000000103e+00 1.361287606529382743e-01 2.423923981399835892e-01 6.188312882377349222e-01
3.992999999999999883e+00 1.362747258780299120e-01 2.421471498058154481e-01 6.194580449131413813e-01
3.995000000000000107e+00 1.364209894539162859e-01 2.418777633135035798e-01 6.201479538471728059e-01
3.996999999999999886e+00 1.365675502386538842e-01 2.415957183558936072e-01 6.208719302675540508e-01
3.999000000000000110e+00 1.367144070785520915e-01 2.413359970656734077e-01 6.215401010367356260e-01
4.001000000000000334e+00 1.368615588081628087e-01 2.410925445855564009e-01 6.221677250860387920e-01
4.003000000000000114e+00 1.370090042502706273e-01 2.408683678398612082e-01 6.227467780232808225e-01
4.005000000000000782e+00 1.371567422158834204e-01 2.406832528312056463e-01 6.232257468499354802e-01
4.007000000000000561e+00 1.373047715042233219e-01 2.405509087492972153e-01 6.235686274473001278e-01
4.009000000000000341e+00 1.374530909027182335e-01 2.404711452126387095e-01 6.237754632363944340e-01
4.011000000000000121e+00 1.376016991869937478e-01 2.404311322842013487e-01 6.238792729333099141e-01
4.013000000000000789e+00 1.377505951208654045e-01 2.403872420982308133e-01 6.239931815462346210e-01
4.015000000000000568e+00 1.378997774563313627e-01 2.402953253238339082e-01 6.242318688382828551e-01
4.017000000000000348e+00 1.380492449335659066e-01 2.401258398888456436e-01 6.246724636941823894e-01
4.019000000000000128e+00 1.381989962809128947e-01 2.398832767495929497e-01 6.253041147031710434e-01
4.021000000000000796e+00 1.383490302148800422e-01 2.396107316409843424e-01 6.260153665602478101e-01
4.023000000000000576e+00 1.384993454401331481e-01 2.393209040813254196e-01 6.267734971827926271e-01
4.025000000000000355e+00 1.386499406494915432e-01 2.390499674482821080e-01 6.274838754473043290e-01
4.027000000000000135e+00 1.388008145239233160e-01 2.387974101405293259e-01 6.281475159706583211e-01
4.029000000000000803e+00 1.389519657325414270e-01 2.385643411520525781e-01 6.287611940478364803e-01
4.031000000000000583e+00 1.391033929325997121e-01 2.383693322791758940e-01 6.292755807375481902e-01
4.033000000000000362e+00 1.392550947694902452e-01 2.382231164219203723e-01 6.296618155827197194e-01
4.035000000000000142e+00 1.394070698767403416e-01 2.381225902170308051e-01 6.299276345989949233e-01
4.037000000000000810e+00 1.395593168760104752e-01 2.380539446845749973e-01 6.301092813175275253e-01
4.039000000000000590e+00 1.397118343770923088e-01 2.379818326786895533e-01 6.303002137248099324e-01
4.041000000000000369e+00 1.398646209779076943e-01 2.378735941061906889e-01 6.305870164514246756e-01
4.043000000000000149e+00 1.400176752645077849e-01 2.377077982366087583e-01 6.310268367834256376e-01
4.045000000000000817e+00 1.401709958110726462e-01 2.374802729146450464e-01 6.316314115653424155e-01
4.047000000000000597e+00 1.403245811799111731e-01 2.372159791730283629e-01 6.323351425267522696e-01
4.049000000000000377e+00 1.404784299214622278e-01 2.369463991125815017e-01 6.330545666099350877e-01
4.051000000000000156e+00 1.406325405742952506e-01 2.366913898969575381e-01 6.337366140158362526e-01
4.053000000000000824e+00 1.407869116651122021e-01 2.364630200933486859e-01 6.343486602716330580e-01
4.055000000000000604e+00 1.409415417087491185e-01 2.362707189674493335e-01 6.348649576872251732e-01
4.057000000000000384e+00 1.410964292081791638e-01 2.361083583519383022e-01 6.353015244653603677e-01
4.059000000000000163e+00 1.412515726545154893e-01 2.359522872207477640e-01 6.357217459802194659e-01
4.061000000000000831e+00 1.414069705270146193e-01 2.357758662132564409e-01 6.361974294024087540e-01
4.063000000000000611e+00 1.415626212930803651e-01 2.355660609274351780e-01 6.367640542506106671e-01
4.065000000000000391e+00 1.417185234082686818e-01 2.353341485164529012e-01 6.373915598122941173e-01
4.067000000000000171e+00 1.418746753162923868e-01 2.351083113465353147e-01 6.380038167979061869e-01
4.069000000000000838e+00 1.420310754490266558e-01 2.349150006467691509e-01 6.385288278186546096e-01
4.071000000000000618e+00 1.421877222265149066e-01 2.347716355822015988e-01 6.389187502486000092e-01
4.073000000000000398e+00 1.423446140569754603e-01 2.346766291544832295e-01 6.391774099552870458e-01
4.075000000000000178e+00 1.425017493368084254e-01 2.345990847710271998e-01 6.393886836617568292e-01
4.077000000000000846e+00 1.426591264506030798e-01 2.344869346765690588e-01 6.396944896179268536e-01
4.079000000000000625e+00 1.428167437711458654e-01 2.343038144022865088e-01 6.401944431961248405e-01
4.081000000000000405e+00 1.429745996594288804e-01 2.340458010143508516e-01 6.409001970977574736e-01
4.083000000000000185e+00 1.431326924646588727e-01 2.337546749603049978e-01 6.416983960875743964e-01
4.085000000000000853e+00 1.432910205242667601e-01 2.334479481861712613e-01 6.425415222770655133e-01
4.087000000000000632e+00 1.434495821639172330e-01 2.331637895463473387e-01 6.433245929474979974e-01
4.089000000000000412e+00 1.436083756975198300e-01 2.329006994049643842e-01 6.440513076312499585e-01
4.091000000000000192e+00 1.437673994272394840e-01 2.326759917241610631e-01 6.446733025117004079e-01
4.093000000000000860e+00 1.439266516435083187e-01 2.325133835505771851e-01 6.451241546161209373e-01
4.095000000000000639e+00 1.440861306250373064e-01 2.324184902602383918e-01 6.453875499838476193e-01
4.097000000000000419e+00 1.442458346388292290e-01 2.323782877039913541e-01 6.454992051196855041e-01
4.099000000000000199e+00 1.444057619401915016e-01 2.323410059688636731e-01 6.456027827481374270e-01
4.100999999999999979e+00 1.445659107727496617e-01 2.322491126350390012e-01 6.458582265315823134e-01
4.103000000000000647e+00 1.447262793684616911e-01 2.320640916922106223e-01 6.463731588381488313e-01
4.105000000000000426e+00 1.448868659476322818e-01 2.317927363394329809e-01 6.471298556152457193e-01
4.107000000000000206e+00 1.450476687189282965e-01 2.314859633185127052e-01 6.479874539675987144e-01
4.108999999999999986e+00 1.452086858793942281e-01 2.311591712486735783e-01 6.489035204172575177e-01
4.111000000000000654e+00 1.453699156144684923e-01 2.308578899079702929e-01 6.497503726634438204e-01
4.113000000000000433e+00 1.455313560979997201e-01 2.305789334446328165e-01 6.505364464963940829e-01
4.115000000000000213e+00 1.456930054922645490e-01 2.303267904122660581e-01 6.512486008749234223e-01
4.116999999999999993e+00 1.458548619479849429e-01 2.301248000885743605e-01 6.518202294679471542e-01
4.119000000000000661e+00 1.460169236043466767e-01 2.299847128112209316e-01 6.522172633409984988e-01
4.121000000000000441e+00 1.461791885890177944e-01 2.299001593522438103e-01 6.524571380143151522e-01
4.123000000000000220e+00 1.463416550181683984e-01 2.298473430213021362e-01 6.526070653168180025e-01
4.125000000000000000e+00 1.465043209964901061e-01 2.297752891755278082e-01 6.528117124266281657e-01
4.127000000000000668e+00 1.466671846172166727e-01 2.296432028124558988e-01 6.531871971952133427e-01
4.129000000000000448e+00 1.468302439621446132e-01 2.294285363723075066e-01 6.537983564371694367e-01
4.131000000000000227e+00 1.469934971016549907e-01 2.291454123207856686e-01 6.546061668038621884e-01
4.133000000000000007e+00 1.471569420947350659e-01 2.288371166666653966e-01 6.554880702263734538e-01
4.135000000000000675e+00 1.473205769890011396e-01 2.285320443532155299e-01 6.563630952697484533e-01
4.137000000000000455e+00 1.474843998207210627e-01 2.282479768862050173e-01 6.571799761221269742e-01
4.139000000000000234e+00 1.476484086148383834e-01 2.279931996886954693e-01 6.579143597476228011e-01
4.141000000000000014e+00 1.478126013849961617e-01 2.277844594213740970e-01 6.585172683906318492e-01
4.143000000000000682e+00 1.479769761335616440e-01 2.276217636267943156e-01 6.589879526895242590e-01
4.145000000000000462e+00 1.481415308516512985e-01 2.274912286810560902e-01 6.593660813635183748e-01
4.147000000000000242e+00 1.483062635191568501e-01 2.273632391280761278e-01 6.597372582095534232e-01
4.149000000000000021e+00 1.484711721047713151e-01 2.272113126949174000e-01 6.601783961409040113e-01
4.151000000000000689e+00 1.486362545660159240e-01 2.270225433025672701e-01 6.607273349064965995e-01
4.153000000000000469e+00 1.488015088492670723e-01 2.267987592293499166e-01 6.613792796296240617e-01
4.155000000000000249e+00 1.489669328897848533e-01 2.265535109622114074e-01 6.620952346442322556e-01
4.157000000000000028e+00 1.491325246117408687e-01 2.263069259133068667e-01 6.628166566031727935e-01
4.159000000000000696e+00 1.492982819282476226e-01 2.260718799628187170e-01 6.635057841986804483e-01
4.161000000000000476e+00 1.494642027413875252e-01 2.258557397046711823e-01 6.641407484093160285e-01
4.163000000000000256e+00 1.496302849422434522e-01 2.256577192469415849e-01 6.647235490129725921e-01
4.165000000000000036e+00 1.497965264109290262e-01 2.254718543461035896e-01 6.652715055500769692e-01
4.167000000000000703e+00 1.499629250166198413e-01 2.252896813185800151e-01 6.658094552847558800e-01
4.169000000000000483e+00 1.501294786175848550e-01 2.251017403237395575e-01 6.663653501046734595e-01
4.171000000000000263e+00 1.502961850612190842e-01 2.249018658921285996e-01 6.669575612678360077e-01
4.173000000000000043e+00 1.504630421840759402e-01 2.246868972766240258e-01 6.675956712123136683e-01
4.175000000000000711e+00 1.506300478119007857e-01 2.244567704214326109e-01 6.682801312625364920e-01
4.177000000000000490e+00 1.507971997596644353e-01 2.242138523943606743e-01 6.690041600827190127e-01
4.179000000000000270e+00 1.509644958315979335e-01 2.239667832892857646e-01 6.697421724642672602e-01
4.181000000000000050e+00 1.511319338212272489e-01 2.237255884526820893e-01 6.704642103633351446e-01
4.183000000000000718e+00 1.512995115114088573e-01 2.235013941651260438e-01 6.711367531299506917e-01
4.185000000000000497e+00 1.514672266743654627e-01 2.233035205824619174e-01 6.717314604299207126e-01
4.187000000000000277e+00 1.516350770717229401e-01 2.231355291288883991e-01 6.722371851116386576e-01
4.189000000000000057e+00 1.518030604545472784e-01 2.229936447236890162e-01 6.726649101855108892e-01
4.191000000000000725e+00 1.519711745633821887e-01 2.228585698230200474e-01 6.730726133579711945e-01
4.193000000000000504e+00 1.521394171282872132e-01 2.227002165882452922e-01 6.735512084271469968e-01
4.195000000000000284e+00 1.523077858688766384e-01 2.224927821138297512e-01 6.741791737012770014e-01
4.197000000000000064e+00 1.524762784943587413e-01 2.222230878753279348e-01 6.749973705889340536e-01
4.199000000000000732e+00 1.526448927035755632e-01 2.219106511996389863e-01 6.759477257585733145e-01
4.201000000000000512e+00 1.528136261850430722e-01 2.215830478856489205e-01 6.769470924391726152e-01
4.203000000000000291e+00 1.529824766169925188e-01 2.212683957344337704e-01 6.779097371864616361e-01
4.205000000000000071e+00 1.531514416674114865e-01 2.209781407044318635e-01 6.788001723692286271e-01
4.207000000000000739e+00 1.533205189940861635e-01 2.207392426438146704e-01 6.795348131280867232e-01
4.209000000000000519e+00 1.534897062446435312e-01 2.205751669947801086e-01 6.800402875975142258e-01
4.211000000000000298e+00 1.536590010565948849e-01 2.204873853087536972e-01 6.803110290865459486e-01
4.213000000000000078e+00 1.538284010573791050e-01 2.204536084520636874e-01 6.804152631169863019e-01
4.215000000000000746e+00 1.539979038644071208e-01 2.204058459318877505e-01 6.805627108745321285e-01
4.217000000000000526e+00 1.541675070851060980e-01 2.202813634089543782e-01 6.809473015723241929e-01
4.219000000000000306e+00 1.543372083169653464e-01 2.200428048831132299e-01 6.816855478627443787e-01
4.221000000000000085e+00 1.545070051475816997e-01 2.197215726160127169e-01 6.826821700486427336e-01
4.223000000000000753e+00 1.546768951547059512e-01 2.193639031585013499e-01 6.837952727875084014e-01
4.225000000000000533e+00 1.548468759062895383e-01 2.189963087561250243e-01 6.849430515609304937e-01
4.227000000000000313e+00 1.550169449605322547e-01 2.186680945904400653e-01 6.859711302691244850e-01
4.229000000000000092e+00 1.551870998659300449e-01 2.183671697239435716e-01 6.869164453137699411e-01
4.231000000000000760e+00 1.553573381613234661e-01 2.181193689305975514e-01 6.876968365323293808e-01
4.233000000000000540e+00 1.555276573759466208e-01 2.179547349490743580e-01 6.882162942459031374e-01
4.235000000000000320e+00 1.556980550294768673e-01 2.178778320551010561e-01 6.884592093887971220e-01
4.237000000000000099e+00 1.558685286320849461e-01 2.178661840531557203e-01 6.884960171854962452e-01
4.239000000000000767e+00 1.560390756844854399e-01 2.178443469482315431e-01 6.885650332512228688e-01
4.241000000000000547e+00 1.562096936779878431e-01 2.177393385863578279e-01 6.888971050148953168e-01
4.243000000000000327e+00 1.563803800945486044e-01 2.175062983649299619e-01 6.896352019578368964e-01
4.245000000000000107e+00 1.565511324068231125e-01 2.171782415799898280e-01 6.906769246713551080e-01
4.247000000000000774e+00 1.567219480782185148e-01 2.168076335999061244e-01 6.918575582850923222e-01
4.249000000000000554e+00 1.568928245629467866e-01 2.164137909244993330e-01 6.931166417778373834e-01
4.251000000000000334e+00 1.570637593060789095e-01 2.160611144274816320e-01 6.942480158795335532e-01
4.253000000000000114e+00 1.572347497435990227e-01 2.157393960498214247e-01 6.952833035898552394e-01
4.255000000000000782e+00 1.574057933024593514e-01 2.154530535764287713e-01 6.962073524141987324e-01
4.257000000000000561e+00 1.575768874006353015e-01 2.152370048843877393e-01 6.969061852564381043e-01
4.259000000000000341e+00 1.577480294471819422e-01 2.151118618622682166e-01 6.973116159258663238e-01
4.261000000000000121e+00 1.579192168422899889e-01 2.150716184027772759e-01 6.974420944705319592e-01
4.263000000000000789e+00 1.580904469773430632e-01 2.150759193591058049e-01 6.974281474512704637e-01
4.265000000000000568e+00 1.582617172349748136e-01 2.150450122602908798e-01 6.975283845153298357e-01
4.267000000000000348e+00 1.584330249891273690e-01 2.149139125090362423e-01 6.979538841799881599e-01
4.269000000000000128e+00 1.586043676051096252e-01 2.146497316522199272e-01 6.988128931977105607e-01
4.271000000000000796e+00 1.587757424396563921e-01 2.143047988840914297e-01 6.999376625305006039e-01
4.273000000000000576e+00 1.589471468409876520e-01 2.139194681011061250e-01 7.011984525368422094e-01
4.275000000000000355e+00 1.591185781488692053e-01 2.135292635084333202e-01 7.024798265839368172e-01
4.277000000000000135e+00 1.592900336946727613e-01 2.131822493771547700e-01 7.036233102814536400e-01
4.279000000000000803e+00 1.594615108014373894e-01 2.128608559869903660e-01 7.046856938749118671e-01
4.281000000000000583e+00 1.596330067839307754e-01 2.125823654126271778e-01 7.056088575778456384e-01
4.283000000000000362e+00 1.598045189487116990e-01 2.123751828726674062e-01 7.062972140673077215e-01
4.285000000000000142e+00 1.599760445941925679e-01 2.122479388364873487e-01 7.067206438954291015e-01
4.287000000000000810e+00 1.601475810107025888e-01 2.121865434149755592e-01 7.069251309996757993e-01
4.289000000000000590e+00 1.603191254805510224e-01 2.121444700595820076e-01 7.070653312710514227e-01
4.291000000000000369e+00 1.604906752780920209e-01 2.120574421407663002e-01 7.073555093644304792e-01
4.293000000000000149e+00 1.606622276697888263e-01 2.118789119921063169e-01 7.079515303797120351e-01
4.295000000000000817e+00 1.608337799142790792e-01 2.115934136754255845e-01 7.089067537333321178e-01
4.297000000000000597e+00 1.610053292624402665e-01 2.112465427809219476e-01 7.100707922853957133e-01
4.299000000000000377e+00 1.611768729574561965e-01 2.108811275783916694e-01 7.113012042494883946e-01
4.301000000000000156e+00 1.613484082348834447e-01 2.105410011212237031e-01 7.124503027970030544e-01
4.303000000000000824e+00 1.615199323227185513e-01 2.102341581508608281e-01 7.134901450808116552e-01
4.305000000000000604e+00 1.616914424414654661e-01 2.099885432141872232e-01 7.143246850710363027e-01
4.307000000000000384e+00 1.618629358042040500e-01 2.098134815560754873e-01 7.149206947405354340e-01
4.309000000000000163e+00 1.620344096166583814e-01 2.096937936082118870e-01 7.153287535073989956e-01
4.311000000000000831e+00 1.622058610772659504e-01 2.095848231163810194e-01 7.157006779861441181e-01
4.313000000000000611e+00 1.623772873772470760e-01 2.094366529701338908e-01 7.162070147358128303e-01
4.315000000000000391e+00 1.625486857006752661e-01 2.092189094619393008e-01 7.169524035172724075e-01
4.317000000000000171e+00 1.627200532245475784e-01 2.089262690884647611e-01 7.179566296495063504e-01
4.319000000000000838e+00 1.628913871188556739e-01 2.085858114506591865e-01 7.191284918029162698e-01
4.321000000000000618e+00 1.630626845466570662e-01 2.082450773042618664e-01 7.203051421034967206e-01
4.323000000000000398e+00 1.632339426641475910e-01 2.079381500787540193e-01 7.213683489210100941e-01
4.325000000000000178e+00 1.634051586207333484e-01 2.076912365476490663e-01 7.222259470037225570e-01
4.327000000000000846e+00 1.635763295591040056e-01 2.075092581427627481e-01 7.228593140495090941e-01
4.329000000000000625e+00 1.637474526153057386e-01 2.073774575484716443e-01 7.233187337391265848e-01
4.331000000000000405e+00 1.639185249188154780e-01 2.072685934818061237e-01 7.236986437753141210e-01
4.333000000000000185e+00 1.640895435926149615e-01 2.071444701069715955e-01 7.241322924166809782e-01
4.335000000000000853e+00 1.642605057532656732e-01 2.069780119531833551e-01 7.247146621252150700e-01
4.337000000000000632e+00 1.644314085109837287e-01 2.067525530902311337e-01 7.255049466525178570e-01
4.339000000000000412e+00 1.646022489697159252e-01 2.064640785542159740e-01 7.265186324439051324e-01
4.341000000000000192e+00 1.647730242272156809e-01 2.061248667055552430e-01 7.277142365082599484e-01
4.343000000000000860e+00 1.649437313751196954e-01 2.057676343339992220e-01 7.289776182998830567e-01
4.345000000000000639e+00 1.651143674990246946e-01 2.054195270792579797e-01 7.302129555683612994e-01
4.347000000000000419e+00 1.652849296785652844e-01 2.050993561039667346e-01 7.313528567294166338e-01
4.349000000000000199e+00 1.654554149874916114e-01 2.048343462881540844e-01 7.322990636979651580e-01
4.351000000000000867e+00 1.656258204937478828e-01 2.046407950959640010e-01 7.329916790523569592e-01
4.353000000000000647e+00 1.657961432595508322e-01 2.045165377199244516e-01 7.334370201661528643e-01
4.355000000000000426e+00 1.659663803414693217e-01 2.044431281706928227e-01 7.337003759537596981e-01
4.357000000000000206e+00 1.661365287905038346e-01 2.043708364299859082e-01 7.339599065123341148e-01
4.358999999999999986e+00 1.663065856521664942e-01 2.042452974824894296e-01 7.344110334430585807e-01
4.361000000000000654e+00 1.664765479665617498e-01 2.040253993125841769e-01 7.352025801953574469e-01
4.363000000000000433e+00 1.666464127684669227e-01 2.037037267406489882e-01 7.363635530879443225e-01
4.365000000000000213e+00 1.668161770874141137e-01 2.033316787053905395e-01 7.377109211660846100e-01
4.366999999999999993e+00 1.669858379477714982e-01 2.029344033401294378e-01 7.391551039701809156e-01
4.369000000000000661e+00 1.671553923688259280e-01 2.025598133575260418e-01 7.405220093446871488e-01
4.371000000000000441e+00 1.673248373648649756e-01 2.022158607071129488e-01 7.417815767540519856e-01
4.373000000000000220e+00 1.674941699452605903e-01 2.019219960996974650e-01 7.428611191320564355e-01
4.375000000000000000e+00 1.676633871145520316e-01 2.017160889520544509e-01 7.436194146895899193e-01
4.377000000000000668e+00 1.678324858725299684e-01 2.016127580756210125e-01 7.440005356394059355e-01
4.379000000000000448e+00 1.680014632143204123e-01 2.015949443741548719e-01 7.440662783765250587e-01
4.381000000000000227e+00 1.681703161304697047e-01 2.015950744709442966e-01 7.440657982029186268e-01
4.383000000000000007e+00 1.683390416070292828e-01 2.015267475462111102e-01 7.443180710570651559e-01
4.385000000000000675e+00 1.685076366256411662e-01 2.013255621954509467e-01 7.450618707542807639e-01
4.387000000000000455e+00 1.686760981636235279e-01 2.009900547032296425e-01 7.463055832363515441e-01
4.389000000000000234e+00 1.688444231940573470e-01 2.005948113510301611e-01 7.477760715231464017e-01
4.391000000000000014e+00 1.690126086858725341e-01 2.001643799444181304e-01 7.493840814317320742e-01
4.393000000000000682e+00 1.691806516039351393e-01 1.997724849499204480e-01 7.508541531012262737e-01
4.395000000000000462e+00 1.693485489091343665e-01 1.994212450192422159e-01 7.521766298546900265e-01
4.397000000000000242e+00 1.695162975584705856e-01 1.991248035807299810e-01 7.532964116104521324e-01
4.399000000000000021e+00 1.696838945051432068e-01 1.989263309922763012e-01 7.540479897848416657e-01
4.401000000000000689e+00 1.698513366986392770e-01 1.988388216943483000e-01 7.543798475660727920e-01
4.403000000000000469e+00 1.700186210848218527e-01 1.988346609988908831e-01 7.543956332685713972e-01
4.405000000000000249e+00 1.701857446060196233e-01 1.988300446886449024e-01 7.544131483493371482e-01
4.407000000000000028e+00 1.703527042011161452e-01 1.987393374212870489e-01 7.547574725079738700e-01
4.409000000000000696e+00 1.705194968056398808e-01 1.985008410947095014e-01 7.556643043564303941e-01
4.411000000000000476e+00 1.706861193518539599e-01 1.981390004243107350e-01 7.570442955641139005e-01
4.413000000000000256e+00 1.708525687688473016e-01 1.977235776467072825e-01 7.586348668443586574e-01
4.415000000000000036e+00 1.710188419826251249e-01 1.972805879275219276e-01 7.603383666674181640e-01
4.417000000000000703e+00 1.711849359162003203e-01 1.968908102853746678e-01 7.618435811330611651e-01
4.419000000000000483e+00 1.713508474896847933e-01 1.965414420035619669e-01 7.631978196093702760e-01
4.421000000000000263e+00 1.715165736203816960e-01 1.962580972054400186e-01 7.642996754573762042e-01
4.423000000000000043e+00 1.716821112228773816e-01 1.960835218554573545e-01 7.649801399965278081e-01
4.425000000000000711e+00 1.718474572091341357e-01 1.960227199744886128e-01 7.652174197946123302e-01
4.427000000000000490e+00 1.720126084885826023e-01 1.960317690500506527e-01 7.651820963861328817e-01
4.429000000000000270e+00 1.721775619682155978e-01 1.960281658186415199e-01 7.651961613453793776e-01
4.431000000000000050e+00 1.723423145526811195e-01 1.959380598623739200e-01 7.655480517943240582e-01
4.433000000000000718e+00 1.725068631443764100e-01 1.956987419556326380e-01 7.664842323514112765e-01
4.435000000000000497e+00 1.726712046435416315e-01 1.953330569784260673e-01 7.679191751786643705e-01
4.437000000000000277e+00 1.728353359483549012e-01 1.949115724673269601e-01 7.695797540453607199e-01
4.439000000000000057e+00 1.729992539550264663e-01 1.944549883197604634e-01 7.713867424853149135e-01
4.441000000000000725e+00 1.731629555578940716e-01 1.940498133880051990e-01 7.729973937159784203e-01
4.443000000000000504e+00 1.733264376495176617e-01 1.936881533953876133e-01 7.744407562903226072e-01
4.445000000000000284e+00 1.734896971207756933e-01 1.933835491997907274e-01 7.756606010216008373e-01
4.447000000000000064e+00 1.736527308609604470e-01 1.931830829830314677e-01 7.764655045554660351e-01
4.449000000000000732e+00 1.738155357578744509e-01 1.931009826487143088e-01 7.767956327435018293e-01
4.451000000000000512e+00 1.739781086979265146e-01 1.931026393152966980e-01 7.767889684567231834e-01
4.453000000000000291e+00 1.741404465662287071e-01 1.931121012653796987e-01 7.767509079809870043e-01
4.455000000000000071e+00 1.743025462466933073e-01 1.930560980254125147e-01 7.769762340283862256e-01
4.457000000000000739e+00 1.744644046221298650e-01 1.928654582786906435e-01 7.777442437787379648e-01
4.459000000000000519e+00 1.746260185743424564e-01 1.925270748394871667e-01 7.791111983862910595e-01
4.461000000000000298e+00 1.747873849842277727e-01 1.921177866477128404e-01 7.807710187451597506e-01
4.463000000000000078e+00 1.749485007318729024e-01 1.916629050736841644e-01 7.826240551990641947e-01
4.465000000000000746e+00 1.751093626966535588e-01 1.912383883661764039e-01 7.843613475385777800e-01
4.467000000000000526e+00 1.752699677573321679e-01 1.908647425244276996e-01 7.858968503876631040e-01
4.469000000000000306e+00 1.754303127921572059e-01 1.905397459277442529e-01 7.872373255755384935e-01
4.471000000000000085e+00 1.755903946789615089e-01 1.903119284435238756e-01 7.881797070040900133e-01
4.473000000000000753e+00 1.757502102952618328e-01 1.902037905635368398e-01 7.886278162784199353e-01
4.475000000000000533e+00 1.759097565183577183e-01 1.901919647431147553e-01 7.886768518459728039e-01
4.477000000000000313e+00 1.760690302254316331e-01 1.902015157018293046e-01 7.886372484809663908e-01
4.479000000000000092e+00 1.762280282936482534e-01 1.901471493061785978e-01 7.888627336635328779e-01
4.481000000000000760e+00 1.763867476002549117e-01 1.899565320748851371e-01 7.896543401880311563e-01
4.483000000000000540e+00 1.765451850226813502e-01 1.896158244024627182e-01 7.910732159232792826e-01
4.485000000000000320e+00 1.767033374386404176e-01 1.892030625482551687e-01 7.927990064206458243e-01
4.487000000000000099e+00 1.768612017262287672e-01 1.887488816497161492e-01 7.947066954196471134e-01
4.489000000000000767e+00 1.770187747640273035e-01 1.883348003678648186e-01 7.964539729620473407e-01
4.491000000000000547e+00 1.771760534312023516e-01 1.879686292596261521e-01 7.980055001242621904e-01
4.493000000000000327e+00 1.773330346076069097e-01 1.876693808743791769e-01 7.992779605342543725e-01
4.495000000000000107e+00 1.774897151738819567e-01 1.874844561989917058e-01 8.000663257160552932e-01
4.497000000000000774e+00 1.776460920115578990e-01 1.874206014618500782e-01 8.003389106108106388e-01
4.499000000000000554e+00 1.778021620031561556e-01 1.874301242448366545e-01 8.002982477035422981e-01
4.501000000000000334e+00 1.779579220322913546e-01 1.874255800975547226e-01 8.003176509947320660e-01
4.503000000000000114e+00 1.781133689837730572e-01 1.873283998418425467e-01 8.007328313626863592e-01
4.505000000000000782e+00 1.782684997437081753e-01 1.870748223760105577e-01 8.018182142036617277e-01
4.507000000000000561e+00 1.784233111996029464e-01 1.866945731047313928e-01 8.034513135839970177e-01
4.509000000000000341e+00 1.785778002404657672e-01 1.862574532342364253e-01 8.053369000560786084e-01
4.511000000000000121e+00 1.787319637569096675e-01 1.857975491259646894e-01 8.073303480354570016e-01
4.513000000000000789e+00 1.788857986412551448e-01 1.853979533620068176e-01 8.090704200337691665e-01
4.515000000000000568e+00 1.790393017876327764e-01 1.850441997632829572e-01 8.106171400772728131e-01
4.517000000000000348e+00 1.791924700920866920e-01 1.847772608193669619e-01 8.117882002084432225e-01
4.519000000000000128e+00 1.793453004526773253e-01 1.846361454533834989e-01 8.124086409606706694e-01
4.521000000000000796e+00 1.794977897695850255e-01 1.846086412488620598e-01 8.125296789211085002e-01
4.523000000000000576e+00 1.796499349452129191e-01 1.846289224021847308e-01 8.124404240049067916e-01
4.525000000000000355e+00 1.798017328842910767e-01 1.846172132310412717e-01 8.124919522660155602e-01
4.527000000000000135e+00 1.799531804939795143e-01 1.845041612577316137e-01 8.129897937123857776e-01
4.529000000000000803e+00 1.801042746839724151e-01 1.842311861074564794e-01 8.141943998151840445e-01
4.531000000000000583e+00 1.802550123666012416e-01 1.838403282852144049e-01 8.159254359429031211e-01
4.533000000000000362e+00 1.804053904569393740e-01 1.833926059887064641e-01 8.179173810815315582e-01
4.535000000000000142e+00 1.805554058729055278e-01 1.829233473475167238e-01 8.200156085873000489e-01
4.537000000000000810e+00 1.807050555353681420e-01 1.825166952901940975e-01 8.218426251993338205e-01
4.539000000000000590e+00 1.808543363682492133e-01 1.821552733784868316e-01 8.234732775939250793e-01
4.541000000000000369e+00 1.810032452986287677e-01 1.818763252596307112e-01 8.247362584760448145e-01
4.543000000000000149e+00 1.811517792568488883e-01 1.817231108925576599e-01 8.254316100096167341e-01
4.545000000000000817e+00 1.812999351766183542e-01 1.816886288501463054e-01 8.255882657561219862e-01
4.547000000000000597e+00 1.814477099951165573e-01 1.817109545221488598e-01 8.254868309643731417e-01
4.549000000000000377e+00 1.815951006530984180e-01 1.817157318586149206e-01 8.254651287798705495e-01
4.551000000000000156e+00 1.817421040949985245e-01 1.816426276112990401e-01 8.257973470907292723e-01
4.553000000000000824e+00 1.818887172690359932e-01 1.814234282824459532e-01 8.267950915714979976e-01
4.555000000000000604e+00 1.820349371273185524e-01 1.810599553937124462e-01 8.284548600148884390e-01
4.557000000000000384e+00 1.821807606259475687e-01 1.806308453255099922e-01 8.304229531212624638e-01
4.559000000000000163e+00 1.823261847251225198e-01 1.801611214122777471e-01 8.325880679702390985e-01
4.561000000000000831e+00 1.824712063892456881e-01 1.797355967781162911e-01 8.345592230412492984e-01
4.563000000000000611e+00 1.826158225870265495e-01 1.793568131996781945e-01 8.363217283137428515e-01
4.565000000000000391e+00 1.827600302915868280e-01 1.790398885167429899e-01 8.378021302553072536e-01
4.567000000000000171e+00 1.829038264805650515e-01 1.788324845991291212e-01 8.387737850661750594e-01
4.569000000000000838e+00 1.830472081362211345e-01 1.787469043658718448e-01 8.391753721953659761e-01
4.571000000000000618e+00 1.831901722455410164e-01 1.787460182653046736e-01 8.391795322531981904e-01
4.573000000000000398e+00 1.833327158003416057e-01 1.787415758217818507e-01 8.392003892231583162e-01
4.575000000000000178e+00 1.834748357973751964e-01 1.786467032700818081e-01 8.396460570180624972e-01
4.577000000000000846e+00 1.836165292384342729e-01 1.783998805865067983e-01 8.408077376894005361e-01
4.579000000000000625e+00 1.837577931304558154e-01 1.780226029922842290e-01 8.425896345673656862e-01
4.581000000000000405e+00 1.838986244856263830e-01 1.775933108100204993e-01 8.446264069059543633e-01
4.583000000000000185e+00 1.840390203214862797e-01 1.771764165849475103e-01 8.466138038641404240e-01
4.585000000000000853e+00 1.841789776610343043e-01 1.768110136256433040e-01 8.483634414176852712e-01
4.587000000000000632e+00 1.843184935328318896e-01 1.765317220397666365e-01 8.497056408151395512e-01
4.589000000000000412e+00 1.844575649711080456e-01 1.763730757963737350e-01 8.504699445916451550e-01
4.591000000000000192e+00 1.845961890158632768e-01 1.763186788626373847e-01 8.507323272133794356e-01
4.593000000000000860e+00 1.847343627129742483e-01 1.762884266062604288e-01 8.508783184900984287e-01
4.595000000000000639e+00 1.848720831142976473e-01 1.761794974628743682e-01 8.514044038047555718e-01
4.597000000000000419e+00 1.850093472777747938e-01 1.759263365017480485e-01 8.526295890809364453e-01
4.599000000000000199e+00 1.851461522675354465e-01 1.755472262406813644e-01 8.544709205165381682e-01
4.601000000000000867e+00 1.852824951540020804e-01 1.751182878503557694e-01 8.565638794286284385e-01
4.603000000000000647e+00 1.854183730139933872e-01 1.747071350902708042e-01 8.585797020968566340e-01
4.605000000000000426e+00 1.855537829308287479e-01 1.743527968052296651e-01 8.603245990230125040e-01
4.607000000000000206e+00 1.856887219944315381e-01 1.741036862216872594e-01 8.615555664284103576e-01
4.609000000000000874e+00 1.858231873014330737e-01 1.739916238698443751e-01 8.621104663762925169e-01
4.611000000000000654e+00 1.859571759552758052e-01 1.739843843458362405e-01 8.621463389601594640e-01
4.613000000000000433e+00 1.860906850663172352e-01 1.739946290367861692e-01 8.620955763426858542e-01
4.615000000000000213e+00 1.862237117519329188e-01 1.739307173374837201e-01 8.624123576110472866e-01
4.616999999999999993e+00 1.863562531366197983e-01 1.737163489433794783e-01 8.634765864719531336e-01
4.619000000000000661e+00 1.864883063520993423e-01 1.733502002660247121e-01 8.653004136701815119e-01
4.621000000000000441e+00 1.866198685374202970e-01 1.729144758636224910e-01 8.674808702442291519e-01
4.623000000000000220e+00 1.867509368390617430e-01 1.724492180098570748e-01 8.698212826423260546e-01
4.625000000000000000e+00 1.868815084110357627e-01 1.720418892331028737e-01 8.718806836442146713e-01
4.627000000000000668e+00 1.870115804149898309e-01 1.716903664893791037e-01 8.736657918968279146e-01
4.629000000000000448e+00 1.871411500203092604e-01 1.714465850138118808e-01 8.749080653190955958e-01
4.631000000000000227e+00 1.872702144042194816e-01 1.713406707160709530e-01 8.754488900569635801e-01
4.633000000000000007e+00 1.873987707518880996e-01 1.713370966382746219e-01 8.754671518490749760e-01
4.635000000000000675e+00 1.875268162565268126e-01 1.713574157159198641e-01 8.753633414305997951e-01
4.637000000000000455e+00 1.876543481194929974e-01 1.713202208395717130e-01 8.755533892316396116e-01
4.639000000000000234e+00 1.877813635503914613e-01 1.711528388536090184e-01 8.764096523593071231e-01
4.641000000000000014e+00 1.879078597671757778e-01 1.708221195688834348e-01 8.781064207525712817e-01
4.643000000000000682e+00 1.880338339962494554e-01 1.704010508444849803e-01 8.802762615407587754e-01
4.645000000000000462e+00 1.881592834725666630e-01 1.699327841899424263e-01 8.827019501565833703e-01
4.647000000000000242e+00 1.882842054397336207e-01 1.695014028930340033e-01 8.849484277994995596e-01
4.649000000000000021e+00 1.884085971501086032e-01 1.691255691345475431e-01 8.869149754681254771e-01
4.651000000000000689e+00 1.885324558649027205e-01 1.688368530567806447e-01 8.884316266517611194e-01
4.653000000000000469e+00 1.886557788542798098e-01 1.686834947699166198e-01 8.892393426197340300e-01
4.655000000000000249e+00 1.887785633974566335e-01 1.686541232424506875e-01 8.893942058230367431e-01
4.657000000000000028e+00 1.889008067828025217e-01 1.686784919279745165e-01 8.892657166039271699e-01
4.659000000000000696e+00 1.890225063079388756e-01 1.686760384346152608e-01 8.892786515029830197e-01
4.661000000000000476e+00 1.891436592798382832e-01 1.685780418488353471e-01 8.897956006305117738e-01
4.663000000000000256e+00 1.892642630149238836e-01 1.683187171656545800e-01 8.911664877553349129e-01
4.665000000000000036e+00 1.893843148391679554e-01 1.679266465959030064e-01 8.932471590465239641e-01
4.667000000000000703e+00 1.895038120881904764e-01 1.674739412848763043e-01 8.956617301126698072e-01
4.669000000000000483e+00 1.896227521073573508e-01 1.670019070774071690e-01 8.981933357831261011e-01
4.671000000000000263e+00 1.897411322518787191e-01 1.665947430372561044e-01 9.003885552766512923e-01
4.673000000000000043e+00 1.898589498869063252e-01 1.662448159549015092e-01 9.022837743144521694e-01
4.675000000000000711e+00 1.899762023876314099e-01 1.660085331089055094e-01 9.035680105768807424e-01
4.677000000000000490e+00 1.900928871393815778e-01 1.659145692290992513e-01 9.040797363182494495e-01
4.679000000000000270e+00 1.902090015377180809e-01 1.659192448302667933e-01 9.040542593684537387e-01
4.681000000000000050e+00 1.903245429885322415e-01 1.659562457674868541e-01 9.038526950661298631e-01
4.683000000000000718e+00 1.904395089081420689e-01 1.659514864760757713e-01 9.038786164872623097e-01
4.685000000000000497e+00 1.905538967233879333e-01 1.658521804790812071e-01 9.044198247301268312e-01
4.687000000000000277e+00 1.906677038717288220e-01 1.655933808489006842e-01 9.058333082580806161e-01
4.689000000000000057e+00 1.907809278013375687e-01 1.652014425751779092e-01 9.079823859996850599e-01
4.691000000000000725e+00 1.908935659711961386e-01 1.647478423539944781e-01 9.104823338304744995e-01
4.693000000000000504e+00 1.910056158511902469e-01 1.642612152206266718e-01 9.131796559432986404e-01
4.695000000000000284e+00 1.911170749222041998e-01 1.638369707080551685e-01 9.155442715508236295e-01
4.697000000000000064e+00 1.912279406762150136e-01 1.634646403396290693e-01 9.176296457040880039e-01
4.699000000000000732e+00 1.913382106163863117e-01 1.631849241827003083e-01 9.192025596191802927e-01
4.701000000000000512e+00 1.914478822571616945e-01 1.630437586263051852e-01 9.199984179940222662e-01
4.703000000000000291e+00 1.915569531243582757e-01 1.630235527373911086e-01 9.201124468292609659e-01
4.705000000000000071e+00 1.916654207552593581e-01 1.630559178597876524e-01 9.199298128448518685e-01
4.707000000000000739e+00 1.917732826987070816e-01 1.630703429207282507e-01 9.198484366523836941e-01
4.709000000000000519e+00 1.918805365151943221e-01 1.630130936001718267e-01 9.201714824694418038e-01
4.711000000000000298e+00 1.919871797769569788e-01 1.628140120862968665e-01 9.212966259961395954e-01
4.713000000000000078e+00 1.920932100680649846e-01 1.624598175272313205e-01 9.233052349997695751e-01
4.715000000000000746e+00 1.921986249845137051e-01 1.620277760313386106e-01 9.257671966748943770e-01
4.717000000000000526e+00 1.923034221343143946e-01 1.615520236704372226e-01 9.284934759220155875e-01
4.719000000000000306e+00 1.924075991375847894e-01 1.611211943298017091e-01 9.309762171509382567e-01
4.721000000000000085e+00 1.925111536266388979e-01 1.607453108837023914e-01 9.331531923100604420e-01
4.723000000000000753e+00 1.926140832460767616e-01 1.604602833254131222e-01 9.348107637065572462e-01
4.725000000000000533e+00 1.927163856528732455e-01 1.603133025776540266e-01 9.356678303557599552e-01
4.727000000000000313e+00 1.928180585164672722e-01 1.602885639228335268e-01 9.358122396817611932e-01
4.729000000000000092e+00 1.929190995188500013e-01 1.603144885082056215e-01 9.356609087289220472e-01
4.731000000000000760e+00 1.930195063546528422e-01 1.603126243356403080e-01 9.356717889288046486e-01
4.733000000000000540e+00 1.931192767312349123e-01 1.602162268667192691e-01 9.362347555767996932e-01
4.735000000000000320e+00 1.932184083687704113e-01 1.599609877150434678e-01 9.377286433565407142e-01
4.737000000000000099e+00 1.933168990003351906e-01 1.595726291621888671e-01 9.400108326067667663e-01
4.739000000000000767e+00 1.934147463719931848e-01 1.591256233924174812e-01 9.426514523690950886e-01
4.741000000000000547e+00 1.935119482428820370e-01 1.586819381949142738e-01 9.452871681952235150e-01
4.743000000000000327e+00 1.936085023852990306e-01 1.582983172616780898e-01 9.475779818432282786e-01
4.745000000000000107e+00 1.937044065847855490e-01 1.580033440564407865e-01 9.493469957599005582e-01
4.747000000000000774e+00 1.937996586402122023e-01 1.578502035165291473e-01 9.502680177684590390e-01
4.749000000000000554e+00 1.938942563638624550e-01 1.578247397110620898e-01 9.504213361898314893e-01
4.751000000000000334e+00 1.939881975815165860e-01 1.578546293627444419e-01 9.502413746467024414e-01
4.753000000000000114e+00 1.940814801325349004e-01 1.578618869756424070e-01 9.501976878253363124e-01
4.755000000000000782e+00 1.941741018699403853e-01 1.577843718217134261e-01 9.506644940063564420e-01
4.757000000000000561e+00 1.942660606605010609e-01 1.575513402777039551e-01 9.520706059091990081e-01
4.759000000000000341e+00 1.943573543848118590e-01 1.571736721562067562e-01 9.543583091379501671e-01
4.761000000000000121e+00 1.944479809373758639e-01 1.567293792246695905e-01 9.570637026831892991e-01
4.763000000000000789e+00 1.945379382266853585e-01 1.562577636659597258e-01 9.599523024063157939e-01
4.765000000000000568e+00 1.946272241753019272e-01 1.558485689224156923e-01 9.624727454165638019e-01
4.767000000000000348e+00 1.947158367199366968e-01 1.555019137901287041e-01 9.646183532020429219e-01
4.769000000000000128e+00 1.948037738115296347e-01 1.552772269782367875e-01 9.660141600868720202e-01
4.771000000000000796e+00 1.948910334153284019e-01 1.551985219811903571e-01 9.665040496853416485e-01
4.773000000000000576e+00 1.949776135109667630e-01 1.552112992885018306e-01 9.664244851219546684e-01
4.775000000000000355e+00 1.950635120925426624e-01 1.552541775402968005e-01 9.661575770550002717e-01
4.777000000000000135e+00 1.951487271686955238e-01 1.552516781675970514e-01 9.661731310760597324e-01
4.779000000000000803e+00 1.952332567626832716e-01 1.551566315964799936e-01 9.667649939069894449e-01
4.781000000000000583e+00 1.953170989124584089e-01 1.549036446143884915e-01 9.683439041954406967e-01
4.783000000000000362e+00 1.954002516707442627e-01 1.545160821045455934e-01 9.707727374197203662e-01
4.785000000000000142e+00 1.954827131051102285e-01 1.540660107184835537e-01 9.736086454142494073e-01
4.787000000000000810e+00 1.955644812980463776e-01 1.535899578733746218e-01 9.766263502960634835e-01
4.789000000000000590e+00 1.956455543470379532e-01 1.531782978745687973e-01 9.792509910433175868e-01
4.791000000000000369e+00 1.957259303646390336e-01 1.528258414362468898e-01 9.815094004411176742e-01
4.793000000000000149e+00 1.958056074785458067e-01 1.525899584840974821e-01 9.830266780997426457e-01
4.795000000000000817e+00 1.958845838316692067e-01 1.525002174693932400e-01 9.836051547277626650e-01
4.797000000000000597e+00 1.959628575822068841e-01 1.525076574591410772e-01 9.835571701715180026e-01
4.799000000000000377e+00 1.960404269037149816e-01 1.525506281067817160e-01 9.832801205839917236e-01
4.801000000000000156e+00 1.961172899851790774e-01 1.525538865925083754e-01 9.832591181414462866e-01
4.803000000000000824e+00 1.961934450310846012e-01 1.524716478688239452e-01 9.837894591986676707e-01
4.805000000000000604e+00 1.962688902614865838e-01 1.522363905172436360e-01 9.853097507787382803e-01
4.807000000000000384e+00 1.963436239120793791e-01 1.518601457899789176e-01 9.877509284591924343e-01
4.809000000000000163e+00 1.964176442342648876e-01 1.514187330604944426e-01 9.906303993447914680e-01
4.811000000000000831e+00 1.964909494952212232e-01 1.509524942864903518e-01 9.936901056786605624e-01
4.813000000000000611e+00 1.965635379779698266e-01 1.505480358994344681e-01 9.963597273377876595e-01
4.815000000000000391e+00 1.966354079814428280e-01 1.502093553987896846e-01 9.986062426122935820e-01
4.817000000000000171e+00 1.967065578205494381e-01 1.499980962741261914e-01 1.000012691666901654e+00
4.819000000000000838e+00 1.967769858262415905e-01 1.499317295023311070e-01 1.000455343894821381e+00
4.821000000000000618e+00 1.968466903455793338e-01 1.499496494422999093e-01 1.000335783097108688e+00
4.823000000000000398e+00 1.969156697417954183e-01 1.499929653855564815e-01 1.000046899629095432e+00
4.825000000000000178e+00 1.969839223943593565e-01 1.499868202895464631e-01 1.000087872457247062e+00
4.827000000000000846e+00 1.970514466990409552e-01 1.498843095331540143e-01 1.000771865095194668e+00
4.829000000000000625e+00 1.971182410679728769e-01 1.496236332599231444e-01 1.002515423077736889e+00
4.831000000000000405e+00 1.971843039297131728e-01 1.492347973913690784e-01 1.005127507940551945e+00
4.833000000000000185e+00 1.972496337293067614e-01 1.487860290656746187e-01 1.008159172887056032e+00
4.835000000000000853e+00 1.973142289283463802e-01 1.483289047519404658e-01 1.011266147018709649e+00
4.837000000000000632e+00 1.973780880050329256e-01 1.479351434256300224e-01 1.013957850221087087e+00
4.839000000000000412e+00 1.974412094542353779e-01 1.476160841824213366e-01 1.016149431349450127e+00
4.841000000000000192e+00 1.975035917875497260e-01 1.474333680008154401e-01 1.017408759183812128e+00
4.843000000000000860e+00 1.975652335333576426e-01 1.473890216585825308e-01 1.017714876671517832e+00
4.845000000000000639e+00 1.976261332368840495e-01 1.474156182379397495e-01 1.017531261564760703e+00
4.847000000000000419e+00 1.976862894602546272e-01 1.474507331887202066e-01 1.017288939540348158e+00
4.849000000000000199e+00 1.977457007825522695e-01 1.474270696824918070e-01 1.017452224500218438e+00
4.851000000000000867e+00 1.978043657998729832e-01 1.472881738465019741e-01 1.018411703279885838e+00
4.853000000000000647e+00 1.978622831253812053e-01 1.469886741262708130e-01 1.020486788466044015e+00
4.855000000000000426e+00 1.979194513893644813e-01 1.465842035752258909e-01 1.023302622939320727e+00
4.857000000000000206e+00 1.979758692392873942e-01 1.461293927256920033e-01 1.026487534110086530e+00
4.859000000000000874e+00 1.980315353398449107e-01 1.457039765018672550e-01 1.029484600223506519e+00
4.861000000000000654e+00 1.980864483730149783e-01 1.453411355341259759e-01 1.032054686023697210e+00
4.863000000000000433e+00 1.981406070381106777e-01 1.450883567860173917e-01 1.033852773046609830e+00
4.865000000000000213e+00 1.981940100518315151e-01 1.449852514572817219e-01 1.034587990794331391e+00
4.866999999999999993e+00 1.982466561483140488e-01 1.449875120458119504e-01 1.034571859903384183e+00
4.869000000000000661e+00 1.982985440791818765e-01 1.450317423762661762e-01 1.034256346523399817e+00
4.871000000000000441e+00 1.983496726135950405e-01 1.450412640237827289e-01 1.034188449815248267e+00
4.873000000000000220e+00 1.984000405382986831e-01 1.449698857478010361e-01 1.034697649282483978e+00
4.875000000000000000e+00 1.984496466576709806e-01 1.447490045235940159e-01 1.036276556745162836e+00
4.877000000000000668e+00 1.984984897937704940e-01 1.443845354352556731e-01 1.038892423955350752e+00
4.879000000000000448e+00 1.985465687863827156e-01 1.439514845602545279e-01 1.042017735754671603e+00
4.881000000000000227e+00 1.985938824930661151e-01 1.434932453910158501e-01 1.045345372120153771e+00
4.883000000000000007e+00 1.986404297891972148e-01 1.430966568478547751e-01 1.048242518757688924e+00
4.885000000000000675e+00 1.986862095680153595e-01 1.427739184880934264e-01 1.050612055678146639e+00
4.887000000000000455e+00 1.987312207406662923e-01 1.425890375866394610e-01 1.051974278940325247e+00
4.889000000000000234e+00 1.987754622362455925e-01 1.425460685557146945e-01 1.052291385653837841e+00
4.891000000000000014e+00 1.988189330018409473e-01 1.425763241000362891e-01 1.052068083160532463e+00
4.893000000000000682e+00 1.988616320025741457e-01 1.426359888861787051e-01 1.051628001960274172e+00
4.895000000000000462e+00 1.989035582216417408e-01 1.426450013403895711e-01 1.051561559048672212e+00
4.897000000000000242e+00 1.989447106603558502e-01 1.425769870445764143e-01 1.052063191327663461e+00
4.899000000000000021e+00 1.989850883381834579e-01 1.423621430671781762e-01 1.053650898815267523e+00
4.901000000000000689e+00 1.990246902927855777e-01 1.420021632640607601e-01 1.056321935892390762e+00
4.903000000000000469e+00 1.990635155800553613e-01 1.415702172316004315e-01 1.059544888276952701e+00
4.905000000000000249e+00 1.991015632741556241e-01 1.410916805206551272e-01 1.063138517072526712e+00
4.907000000000000028e+00 1.991388324675557042e-01 1.406643419843531528e-01 1.066368333892929954e+00
4.909000000000000696e+00 1.991753222710674898e-01 1.402978427540419182e-01 1.069154001626148043e+00
4.911000000000000476e+00 1.992110318138806402e-01 1.400336138431343969e-01 1.071171384379395741e+00
4.913000000000000256e+00 1.992459602435975863e-01 1.399191976124430081e-01 1.072047314161130638e+00
4.915000000000000036e+00 1.992801067262670589e-01 1.399176404790652695e-01 1.072059244898739383e+00
4.917000000000000703e+00 1.993134704464175344e-01 1.399713229877934118e-01 1.071648083322618517e+00
4.919000000000000483e+00 1.993460506070894589e-01 1.400394472846307747e-01 1.071126763983325070e+00
4.921000000000000263e+00 1.993778464298671949e-01 1.400486995266735923e-01 1.071056000569509559e+00
4.923000000000000043e+00 1.994088571549099687e-01 1.399882245618142007e-01 1.071518697158452271e+00
4.925000000000000711e+00 1.994390820409819853e-01 1.397883420914727282e-01 1.073050854997944725e+00
4.927000000000000490e+00 1.994685203654820993e-01 1.394415684487496088e-01 1.075719397513310582e+00
4.929000000000000270e+00 1.994971714244726524e-01 1.390188152850120595e-01 1.078990636573003759e+00
4.931000000000000050e+00 1.995250345327073960e-01 1.385434615783377454e-01 1.082692739817131544e+00
4.933000000000000718e+00 1.995521090236588302e-01 1.381036869718485494e-01 1.086140444828069151e+00
4.935000000000000497e+00 1.995783942495448215e-01 1.377251712601007261e-01 1.089125528961714995e+00
4.937000000000000277e+00 1.996038895813544989e-01 1.374301383600646798e-01 1.091463646838530366e+00
4.939000000000000057e+00 1.996285944088730946e-01 1.372759846694033836e-01 1.092689302948650409e+00
4.941000000000000725e+00 1.996525081407066471e-01 1.372505632501071493e-01 1.092891689826146484e+00
4.943000000000000504e+00 1.996756302043052322e-01 1.372861883899389734e-01 1.092608089416464257e+00
4.945000000000000284e+00 1.996979600459861115e-01 1.373397928184911521e-01 1.092181638851317027e+00
4.947000000000000064e+00 1.997194971309556311e-01 1.373400555434043935e-01 1.092179549560431173e+00
4.949000000000000732e+00 1.997402409433306492e-01 1.372585394620558508e-01 1.092828180948744787e+00
4.951000000000000512e+00 1.997601909861590475e-01 1.370326791535527444e-01 1.094629404654028804e+00
4.953000000000000291e+00 1.997793467814397705e-01 1.366741508624285395e-01 1.097500873819108547e+00
4.955000000000000071e+00 1.997977078701417553e-01 1.362537889878969455e-01 1.100886816537073321e+00
4.957000000000000739e+00 1.998152738122221939e-01 1.358309922516378054e-01 1.104313511323785191e+00
4.959000000000000519e+00 1.998320441866442976e-01 1.354683594782492562e-01 1.107269627961235736e+00
4.961000000000000298e+00 1.998480185913940610e-01 1.352086454737303489e-01 1.109396514360788011e+00
4.963000000000000078e+00 1.998631966434961937e-01 1.350955411336606238e-01 1.110325320445574304e+00
4.965000000000000746e+00 1.998775779790295803e-01 1.350904773011100679e-01 1.110366940710834305e+00
4.967000000000000526e+00 1.998911622531417964e-01 1.351209796838377941e-01 1.110116285057855645e+00
4.969000000000000306e+00 1.999039491400627644e-01 1.351089942496971064e-01 1.110214762777247621e+00
4.971000000000000085e+00 1.999159383331179374e-01 1.349895344183262291e-01 1.111197254263853074e+00
4.973000000000000753e+00 1.999271295447405117e-01 1.347142238030107353e-01 1.113468168137473624e+00
4.975000000000000533e+00 1.999375225064828343e-01 1.343301638174716484e-01 1.116651656911701318e+00
4.977000000000000313e+00 1.999471169690272276e-01 1.339040988070196170e-01 1.120204693779968119e+00
4.979000000000000092e+00 1.999559127021959537e-01 1.335196692433917864e-01 1.123429984885345734e+00
4.981000000000000760e+00 1.999639094949604012e-01 1.332245372869213795e-01 1.125918716286849142e+00
4.983000000000000540e+00 1.999711071554494124e-01 1.330792938473594478e-01 1.127147549881414523e+00
4.985000000000000320e+00 1.999775055109571653e-01 1.330631777849293762e-01 1.127284065336585206e+00
4.987000000000000099e+00 1.999831044079499742e-01 1.331081757723145131e-01 1.126902980449371094e+00
4.989000000000000767e+00 1.999879037120724234e-01 1.331766674024815467e-01 1.126323423807231938e+00
4.991000000000000547e+00 1.999919033081526965e-01 1.331858557097257700e-01 1.126245720318230337e+00
4.993000000000000327e+00 1.999951031002072666e-01 1.331198418246998805e-01 1.126804223502074986e+00
4.995000000000000107e+00 1.999975030114447272e-01 1.329099316942673192e-01 1.128583831831657003e+00
4.997000000000000774e+00 1.999991029842688173e-01 1.325520724473646661e-01 1.131630741266333340e+00
4.999000000000000554e+00 1.999999029802807526e-01 1.320852522333230139e-01 1.135630189319178029e+00
5.001000000000000334e+00 1.999999029802807526e-01 1.317452875989368610e-01 1.138560647851289298e+00
5.003000000000000114e+00 1.999991029842688173e-01 1.313256590010144498e-01 1.142198722938380984e+00
5.005000000000000782e+00 1.999975030114447272e-01 1.309504350573572062e-01 1.145471566660308804e+00
5.007000000000000561e+00 1.999951031002072666e-01 1.306906992514714483e-01 1.147748086582459193e+00
5.009000000000000341e+00 1.999919033081526965e-01 1.305720702515023313e-01 1.148790853289500813e+00
5.011000000000000121e+00 1.999879037120724234e-01 1.305627829809666851e-01 1.148872569772557917e+00
5.013000000000000789e+00 1.999831044079499742e-01 1.306054465261035358e-01 1.148497279323034581e+00
5.015000000000000568e+00 1.999775055109571653e-01 1.306831573855849193e-01 1.147814324361785099e+00
5.017000000000000348e+00 1.999711071554494124e-01 1.307146406252416848e-01 1.147537867851003313e+00
5.019000000000000128e+00 1.999639094949604012e-01 1.306922174906213485e-01 1.147734753301314248e+00
5.021000000000000796e+00 1.999559127021959537e-01 1.305655601236030972e-01 1.148848133137090777e+00
5.023000000000000576e+00 1.999471169690272276e-01 1.302909723161534694e-01 1.151269326903342272e+00
5.025000000000000355e+00 1.999375225064828343e-01 1.299122134605918411e-01 1.154625850828888245e+00
5.027000000000000135e+00 1.999271295447405117e-01 1.294786846965093885e-01 1.158491842511309100e+00
5.029000000000000803e+00 1.999159383331179374e-01 1.290304111537292353e-01 1.162516639750044600e+00
5.031000000000000583e+00 1.999039491400627644e-01 1.286459408505945812e-01 1.165990928343439537e+00
5.033000000000000362e+00 1.998911622531417964e-01 1.283252216646909860e-01 1.168905052756849194e+00
5.035000000000000142e+00 1.998775779790295803e-01 1.281292032087011923e-01 1.170693302101277533e+00
5.037000000000000810e+00 1.998631966434961660e-01 1.280724346571349981e-01 1.171212215974246629e+00
5.039000000000000590e+00 1.998480185913940610e-01 1.280933387731650330e-01 1.171021080695136884e+00
5.041000000000000369e+00 1.998320441866442976e-01 1.281620314507675162e-01 1.170393433234720337e+00
5.043000000000000149e+00 1.998152738122221939e-01 1.282188340280374372e-01 1.169874934030360247e+00
5.045000000000000817e+00 1.997977078701417275e-01 1.282215520103638928e-01 1.169850135551906201e+00
5.047000000000000597e+00 1.997793467814397705e-01 1.281548709459406354e-01 1.170458827610807440e+00
5.049000000000000377e+00 1.997601909861590475e-01 1.279565419925194902e-01 1.172273005070496366e+00
5.051000000000000156e+00 1.997402409433306214e-01 1.276248372940082532e-01 1.175319813763572308e+00
5.053000000000000824e+00 1.997194971309556033e-01 1.272252676868446675e-01 1.179011077966160004e+00
5.055000000000000604e+00 1.996979600459861115e-01 1.267876643759277278e-01 1.183080394597752605e+00
5.057000000000000384e+00 1.996756302043052322e-01 1.263909862224898428e-01 1.186793492820370055e+00
5.059000000000000163e+00 1.996525081407066193e-01 1.260463695399516582e-01 1.190038241858731194e+00
5.061000000000000831e+00 1.996285944088730946e-01 1.257926370813295947e-01 1.192438631388412995e+00
5.063000000000000611e+00 1.996038895813544711e-01 1.256689444327231397e-01 1.193612317483119245e+00
5.065000000000000391e+00 1.995783942495448215e-01 1.256506511884469546e-01 1.193786093277261484e+00
5.067000000000000171e+00 1.995521090236588302e-01 1.256765656523200769e-01 1.193539935002440044e+00
5.069000000000000838e+00 1.995250345327073682e-01 1.256956153025514111e-01 1.193359049470003708e+00
5.071000000000000618e+00 1.994971714244726524e-01 1.256745173691895812e-01 1.193559387694725027e+00
5.073000000000000398e+00 1.994685203654820993e-01 1.255856485057596783e-01 1.194403992691255745e+00
5.075000000000000178e+00 1.994390820409819298e-01 1.254150503517409976e-01 1.196028702929255116e+00
5.077000000000000846e+00 1.994088571549099131e-01 1.251831656595220332e-01 1.198244182512333555e+00
5.079000000000000625e+00 1.993778464298671671e-01 1.249252290618790701e-01 1.200718230628183836e+00
5.081000000000000405e+00 1.993460506070894311e-01 1.246653050794546969e-01 1.203221697523608302e+00
5.083000000000000185e+00 1.993134704464175067e-01 1.244023581419117092e-01 1.205764924720219788e+00
5.085000000000000853e+00 1.992801067262670589e-01 1.241207977396755896e-01 1.208500128355620706e+00
5.087000000000000632e+00 1.992459602435975863e-01 1.238154909160606026e-01 1.211480073213867081e+00
5.089000000000000412e+00 1.992110318138806124e-01 1.235139548487125677e-01 1.214437673732730483e+00
5.091000000000000192e+00 1.991753222710674343e-01 1.232693920234700924e-01 1.216847082132444413e+00
5.093000000000000860e+00 1.991388324675557042e-01 1.231308343209034512e-01 1.218216386068416979e+00
5.095000000000000639e+00 1.991015632741556241e-01 1.230997517948511644e-01 1.218523984109884939e+00
5.097000000000000419e+00 1.990635155800553613e-01 1.231250293990706068e-01 1.218273820782797223e+00
5.099000000000000199e+00 1.990246902927855777e-01 1.231817755106257850e-01 1.217712598947405578e+00
5.101000000000000867e+00 1.989850883381834579e-01 1.231990382286672070e-01 1.217541972377966797e+00
5.103000000000000647e+00 1.989447106603558224e-01 1.231579920814939305e-01 1.217947755276366006e+00
5.105000000000000426e+00 1.989035582216417408e-01 1.229985056255886167e-01 1.219527011625692436e+00
5.107000000000000206e+00 1.988616320025741180e-01 1.226988140708521607e-01 1.222505703383431452e+00
5.109000000000000874e+00 1.988189330018409473e-01 1.223181718491227893e-01 1.226310021907637937e+00
5.111000000000000654e+00 1.987754622362455370e-01 1.219049840374373667e-01 1.230466507865950465e+00
5.113000000000000433e+00 1.987312207406662368e-01 1.215422170894532999e-01 1.234139080165060465e+00
5.115000000000000213e+00 1.986862095680153040e-01 1.212574812730359969e-01 1.237037075363988103e+00
5.117000000000000881e+00 1.986404297891972148e-01 1.211084381177352370e-01 1.238559445826375116e+00
5.119000000000000661e+00 1.985938824930660873e-01 1.210854967526805021e-01 1.238794108483346479e+00
5.121000000000000441e+00 1.985465687863827156e-01 1.211257955806156333e-01 1.238381958863312926e+00
5.123000000000000220e+00 1.984984897937704940e-01 1.212056698392149773e-01 1.237565867991011093e+00
5.125000000000000000e+00 1.984496466576709806e-01 1.212355832048893217e-01 1.237260514072824114e+00
5.127000000000000668e+00 1.984000405382986276e-01 1.212082113464473115e-01 1.237539918572493569e+00
5.129000000000000448e+00 1.983496726135950128e-01 1.210711081166070263e-01 1.238941332357598624e+00
5.131000000000000227e+00 1.982985440791818488e-01 1.207894874543132269e-01 1.241829923789809831e+00
5.133000000000000007e+00 1.982466561483140488e-01 1.204165802818120828e-01 1.245675634110797292e+00
5.135000000000000675e+00 1.981940100518315151e-01 1.199938519937143178e-01 1.250064045013385305e+00
5.137000000000000455e+00 1.981406070381106499e-01 1.196009699319980635e-01 1.254170430936187408e+00
5.139000000000000234e+00 1.980864483730149228e-01 1.192724161140820416e-01 1.257625232111736047e+00
5.141000000000000014e+00 1.980315353398448552e-01 1.190470168756345148e-01 1.260006373420522463e+00
5.143000000000000682e+00 1.979758692392873387e-01 1.189631472271509699e-01 1.260894684583172110e+00
5.145000000000000462e+00 1.979194513893644536e-01 1.189738716502516808e-01 1.260781026282443262e+00
5.147000000000000242e+00 1.978622831253811776e-01 1.190419268064795699e-01 1.260060249561042456e+00
5.149000000000000021e+00 1.978043657998729832e-01 1.191421749987788409e-01 1.259000014071737672e+00
5.151000000000000689e+00 1.977457007825522139e-01 1.191804378778364426e-01 1.258595812122745627e+00
5.153000000000000469e+00 1.976862894602546272e-01 1.191673177240532011e-01 1.258734381748389364e+00
5.155000000000000249e+00 1.976261332368840218e-01 1.190632008419598015e-01 1.259835103871469020e+00
5.157000000000000028e+00 1.975652335333576426e-01 1.188174805026733782e-01 1.262440504254128015e+00
5.159000000000000696e+00 1.975035917875497260e-01 1.184639726896108275e-01 1.266207747337810163e+00
5.161000000000000476e+00 1.974412094542353224e-01 1.180524201961642705e-01 1.270621980902630899e+00
5.163000000000000256e+00 1.973780880050328701e-01 1.176192576138938017e-01 1.275301366825505323e+00
5.165000000000000036e+00 1.973142289283463247e-01 1.172542756808747505e-01 1.279271046867814787e+00
5.167000000000000703e+00 1.972496337293067337e-01 1.169507840757568473e-01 1.282590802493764892e+00
5.169000000000000483e+00 1.971843039297131450e-01 1.167608471053550867e-01 1.284677216024757929e+00
5.171000000000000263e+00 1.971182410679728214e-01 1.167043531684143903e-01 1.285299099199300077e+00
5.173000000000000043e+00 1.970514466990408997e-01 1.167256241596532351e-01 1.285064878255311127e+00
5.175000000000000711e+00 1.969839223943593565e-01 1.168005678658047275e-01 1.284240331539646007e+00
5.177000000000000490e+00 1.969156697417953905e-01 1.168809066512367795e-01 1.283357601319674357e+00
5.179000000000000270e+00 1.968466903455793060e-01 1.169006336948821279e-01 1.283141034046994644e+00
5.181000000000000050e+00 1.967769858262415905e-01 1.168721558588043802e-01 1.283453692607656071e+00
5.183000000000000718e+00 1.967065578205494103e-01 1.167434961083048117e-01 1.284868151120321045e+00
5.185000000000000497e+00 1.966354079814428002e-01 1.164818797715001242e-01 1.287753943310767424e+00
5.187000000000000277e+00 1.965635379779697711e-01 1.161311615158778787e-01 1.291642984036557973e+00
5.189000000000000057e+00 1.964909494952211955e-01 1.157510605993030822e-01 1.295884454305407107e+00
5.191000000000000725e+00 1.964176442342648876e-01 1.154151834449308328e-01 1.299655691069199426e+00
5.193000000000000504e+00 1.963436239120793236e-01 1.151595995908439030e-01 1.302540131547367475e+00
5.195000000000000284e+00 1.962688902614865838e-01 1.150303025938362173e-01 1.304004219910985363e+00
5.197000000000000064e+00 1.961934450310845457e-01 1.150097637582446763e-01 1.304237093428921801e+00
5.199000000000000732e+00 1.961172899851790219e-01 1.150295827914076391e-01 1.304012379771967156e+00
5.201000000000000512e+00 1.960404269037149261e-01 1.150153388665422494e-01 1.304173873487014745e+00
5.203000000000000291e+00 1.959628575822068286e-01 1.149035256272761957e-01 1.305442972103133314e+00
5.205000000000000071e+00 1.958845838316691790e-01 1.146572089650781251e-01 1.308247439074558649e+00
5.207000000000000739e+00 1.958056074785457512e-01 1.143198259015495710e-01 1.312108366305400287e+00
5.209000000000000519e+00 1.957259303646390058e-01 1.139967435718879513e-01 1.315827060493248934e+00
5.211000000000000298e+00 1.956455543470378977e-01 1.137794353357245436e-01 1.318340168918933797e+00
5.213000000000000078e+00 1.955644812980463498e-01 1.137051671330029240e-01 1.319201262195431879e+00
5.215000000000000746e+00 1.954827131051101730e-01 1.137228165141691560e-01 1.318996526799095959e+00
5.217000000000000526e+00 1.954002516707442627e-01 1.138007616774472652e-01 1.318093111056273248e+00
5.219000000000000306e+00 1.953170989124583534e-01 1.138691992408882442e-01 1.317300911923317219e+00
5.221000000000000085e+00 1.952332567626832160e-01 1.138734676056447903e-01 1.317251535006073615e+00
5.223000000000000753e+00 1.951487271686954961e-01 1.138046704290331113e-01 1.318047839640621222e+00
5.225000000000000533e+00 1.950635120925426347e-01 1.136023266948628929e-01 1.320395491572119440e+00
5.227000000000000313e+00 1.949776135109667075e-01 1.132785365810224515e-01 1.324169648790550324e+00
5.229000000000000092e+00 1.948910334153283741e-01 1.128931789468204522e-01 1.328689663975704871e+00
5.231000000000000760e+00 1.948037738115295792e-01 1.124819494467255848e-01 1.333547300147424508e+00
5.233000000000000540e+00 1.947158367199366691e-01 1.121365325776665506e-01 1.337655058097225735e+00
5.235000000000000320e+00 1.946272241753018717e-01 1.118576247975022475e-01 1.340990390879008398e+00
5.237000000000000099e+00 1.945379382266853030e-01 1.116969003863988313e-01 1.342919986867113336e+00
5.239000000000000767e+00 1.944479809373758361e-01 1.116617317394641984e-01 1.343342948952188198e+00
5.241000000000000547e+00 1.943573543848118312e-01 1.116954468112701382e-01 1.342937463274151089e+00
5.243000000000000327e+00 1.942660606605010332e-01 1.117886370656468731e-01 1.341817951603738068e+00
5.245000000000000107e+00 1.941741018699403576e-01 1.118896031589776130e-01 1.340607132075296359e+00
5.247000000000000774e+00 1.940814801325348449e-01 1.119211661334623964e-01 1.340229066422787385e+00
5.249000000000000554e+00 1.939881975815165305e-01 1.119060667579276219e-01 1.340409902212685189e+00
5.251000000000000334e+00 1.938942563638624272e-01 1.118030142991823517e-01 1.341645401425433537e+00
5.253000000000000114e+00 1.937996586402122023e-01 1.115664790429368863e-01 1.344489861890073579e+00
5.255000000000000782e+00 1.937044065847855212e-01 1.112305204248734969e-01 1.348550734340148161e+00
5.257000000000000561e+00 1.936085023852989750e-01 1.108412428278242740e-01 1.353286882870874619e+00
5.259000000000000341e+00 1.935119482428820092e-01 1.104573066094224620e-01 1.357990744156026608e+00
5.261000000000000121e+00 1.934147463719931292e-01 1.101375003592348772e-01 1.361933941761396705e+00
5.263000000000000789e+00 1.933168990003351628e-01 1.098954876925959251e-01 1.364933202895336484e+00
5.265000000000000568e+00 1.932184083687703835e-01 1.097800818769358588e-01 1.366368082765240688e+00
5.267000000000000348e+00 1.931192767312348568e-01 1.097715663925076385e-01 1.366474078211187049e+00
5.269000000000000128e+00 1.930195063546528145e-01 1.098214148787030608e-01 1.365853828833601291e+00
5.271000000000000796e+00 1.929190995188499458e-01 1.099208581855273675e-01 1.364618166888999173e+00
5.273000000000000576e+00 1.928180585164672167e-01 1.099769145989966251e-01 1.363922606366413826e+00
5.275000000000000355e+00 1.927163856528731900e-01 1.099785486556615344e-01 1.363902341261512996e+00
5.277000000000000135e+00 1.926140832460767061e-01 1.099143099095690607e-01 1.364699465642017495e+00
5.279000000000000803e+00 1.925111536266388701e-01 1.097271890275968165e-01 1.367026726277243975e+00
5.281000000000000583e+00 1.924075991375847616e-01 1.094225740147334314e-01 1.370832310888637329e+00
5.283000000000000362e+00 1.923034221343143391e-01 1.090590446437379596e-01 1.375401742148057771e+00
5.285000000000000142e+00 1.921986249845136774e-01 1.086863061016277582e-01 1.380118667937261900e+00
5.287000000000000810e+00 1.920932100680649568e-01 1.083751160258222129e-01 1.384081563190759923e+00
5.289000000000000590e+00 1.919871797769569233e-01 1.081439808046078255e-01 1.387039749082445095e+00
5.291000000000000369e+00 1.918805365151942943e-01 1.080390987299739702e-01 1.388386257968519555e+00
5.293000000000000149e+00 1.917732826987070260e-01 1.080354468416317298e-01 1.388433189153961189e+00
5.295000000000000817e+00 1.916654207552593303e-01 1.080898251133286386e-01 1.387734690501440937e+00
5.297000000000000597e+00 1.915569531243582202e-01 1.081816982368137003e-01 1.386556159172547931e+00
5.299000000000000377e+00 1.914478822571616390e-01 1.082164912334340062e-01 1.386110363497506937e+00
5.301000000000000156e+00 1.913382106163862562e-01 1.082004545666745560e-01 1.386315802467983138e+00
5.303000000000000824e+00 1.912279406762149581e-01 1.080942913415574719e-01 1.387677352229716110e+00
5.305000000000000604e+00 1.911170749222041443e-01 1.078565286341472418e-01 1.390736396762821236e+00
5.307000000000000384e+00 1.910056158511901914e-01 1.075263614145431784e-01 1.395006750221087222e+00
5.309000000000000163e+00 1.908935659711961108e-01 1.071469574671704283e-01 1.399946424479291851e+00
5.311000000000000831e+00 1.907809278013375409e-01 1.067912309645505098e-01 1.404609710415199553e+00
5.313000000000000611e+00 1.906677038717287664e-01 1.064988849950406352e-01 1.408465450196826785e+00
5.315000000000000391e+00 1.905538967233878778e-01 1.062970724334562078e-01 1.411139522152903725e+00
5.317000000000000171e+00 1.904395089081420134e-01 1.062218186224745259e-01 1.412139256748357274e+00
5.319000000000000838e+00 1.903245429885321860e-01 1.062334293262722079e-01 1.411984918036568004e+00
5.321000000000000618e+00 1.902090015377180254e-01 1.063050595306742202e-01 1.411033497956112326e+00
5.323000000000000398e+00 1.900928871393815223e-01 1.064333009619098241e-01 1.409333344398307819e+00
5.325000000000000178e+00 1.899762023876313544e-01 1.065232864450382788e-01 1.408142810890405050e+00
5.327000000000000846e+00 1.898589498869062697e-01 1.065471817420493850e-01 1.407827007223427351e+00
5.329000000000000625e+00 1.897411322518786636e-01 1.065277536246341250e-01 1.408083761237907794e+00
5.331000000000000405e+00 1.896227521073573230e-01 1.064197851147982571e-01 1.409512336810212929e+00
5.333000000000000185e+00 1.895038120881904486e-01 1.061847263593163615e-01 1.412632542767196187e+00
5.335000000000000853e+00 1.893843148391678999e-01 1.058605209628441929e-01 1.416958830692399918e+00
5.337000000000000632e+00 1.892642630149238281e-01 1.054859835047994021e-01 1.421989870276701762e+00
5.339000000000000412e+00 1.891436592798382277e-01 1.051249323402257962e-01 1.426873688865175849e+00
5.341000000000000192e+00 1.890225063079388201e-01 1.048273222944306332e-01 1.430924655107491450e+00
5.343000000000000860e+00 1.889008067828024662e-01 1.046061489584804161e-01 1.433950121417212342e+00
5.345000000000000639e+00 1.887785633974565780e-01 1.045057900275761509e-01 1.435327171445899719e+00
5.347000000000000419e+00 1.886557788542797542e-01 1.045030251991251186e-01 1.435365145785806096e+00
5.349000000000000199e+00 1.885324558649026649e-01 1.045593548028537489e-01 1.434591866818845540e+00
5.351000000000000867e+00 1.884085971501085477e-01 1.046759953317714514e-01 1.432993300179030705e+00
5.353000000000000647e+00 1.882842054397335652e-01 1.047719934759321486e-01 1.431680309055658684e+00
5.355000000000000426e+00 1.881592834725666075e-01 1.047992890311494618e-01 1.431307419990373475e+00
5.357000000000000206e+00 1.880338339962493999e-01 1.047826144391229702e-01 1.431535191242509164e+00
5.359000000000000874e+00 1.879078597671757223e-01 1.046804110718454195e-01 1.432932852136493240e+00
5.361000000000000654e+00 1.877813635503914058e-01 1.044524666877268831e-01 1.436059910853449750e+00
5.363000000000000433e+00 1.876543481194929142e-01 1.041348320674061606e-01 1.440440216035547616e+00
5.365000000000000213e+00 1.875268162565267571e-01 1.037651997280299443e-01 1.445571351408295957e+00
5.367000000000000881e+00 1.873987707518880441e-01 1.034001848783926425e-01 1.450674388797396075e+00
5.369000000000000661e+00 1.872702144042194261e-01 1.031013196647402597e-01 1.454879534886289738e+00
5.371000000000000441e+00 1.871411500203092049e-01 1.028699557885001115e-01 1.458151691135154415e+00
5.373000000000000220e+00 1.870115804149897754e-01 1.027525551393901754e-01 1.459817712528080236e+00
5.375000000000000888e+00 1.868815084110357072e-01 1.027392710714344626e-01 1.460006465256165065e+00
5.377000000000000668e+00 1.867509368390616875e-01 1.027855917055871121e-01 1.459348508978291381e+00
5.379000000000000448e+00 1.866198685374202137e-01 1.028948534325595521e-01 1.457798859671000091e+00
5.381000000000000227e+00 1.864883063520992867e-01 1.030166744173158372e-01 1.456074959208611741e+00
5.383000000000000007e+00 1.863562531366197983e-01 1.030639531373628293e-01 1.455407011218375901e+00
5.385000000000000675e+00 1.862237117519328633e-01 1.030654539742182768e-01 1.455385817613750188e+00
5.387000000000000455e+00 1.860906850663171519e-01 1.030083085050471359e-01 1.456193215643866168e+00
5.389000000000000234e+00 1.859571759552757497e-01 1.028381195928837338e-01 1.458603099646522461e+00
5.391000000000000014e+00 1.858231873014330182e-01 1.025572447840028129e-01 1.462597794196958123e+00
5.393000000000000682e+00 1.856887219944314826e-01 1.022181256767838026e-01 1.467450112265838547e+00
5.395000000000000462e+00 1.855537829308286923e-01 1.018492433061863739e-01 1.472764991970135995e+00
5.397000000000000242e+00 1.854183730139933317e-01 1.015384237159437653e-01 1.477273277548888153e+00
5.399000000000000021e+00 1.852824951540020249e-01 1.012868061413516180e-01 1.480943132816985974e+00
5.401000000000000689e+00 1.851461522675353910e-01 1.011328774676884812e-01 1.483197193196884367e+00
5.403000000000000469e+00 1.850093472777747383e-01 1.010924980858707578e-01 1.483789626729629774e+00
5.405000000000000249e+00 1.848720831142975918e-01 1.011196347329254702e-01 1.483391434276597920e+00
5.407000000000000028e+00 1.847343627129741650e-01 1.012066085604596127e-01 1.482116653581883492e+00
5.409000000000000696e+00 1.845961890158632213e-01 1.013284771095004921e-01 1.480334100332946656e+00
5.411000000000000476e+00 1.844575649711079623e-01 1.013839129605451916e-01 1.479524666387401766e+00
5.413000000000000256e+00 1.843184935328318064e-01 1.013892490128557033e-01 1.479446799936161572e+00
5.415000000000000036e+00 1.841789776610342488e-01 1.013423444433261961e-01 1.480131536565000960e+00
5.417000000000000703e+00 1.840390203214862241e-01 1.011887701834768977e-01 1.482377933124573888e+00
5.419000000000000483e+00 1.838986244856263275e-01 1.009233752255605659e-01 1.486276094757579269e+00
5.421000000000000263e+00 1.837577931304557599e-01 1.005979257896700563e-01 1.491084421696921458e+00
5.423000000000000043e+00 1.836165292384341896e-01 1.002473480398813344e-01 1.496298933916192953e+00
5.425000000000000711e+00 1.834748357973751409e-01 9.995299819772485161e-02 1.500705358565365355e+00
5.427000000000000490e+00 1.833327158003415502e-01 9.971986537673273310e-02 1.504213823728235200e+00
5.429000000000000270e+00 1.831901722455409609e-01 9.958922464139385866e-02 1.506187045236348832e+00
5.431000000000000050e+00 1.830472081362210790e-01 9.956439164885880211e-02 1.506562712992976838e+00
5.433000000000000718e+00 1.829038264805649683e-01 9.960015575287793632e-02 1.506021741292967508e+00
5.435000000000000497e+00 1.827600302915867725e-01 9.969615111233554039e-02 1.504571624144076747e+00
5.437000000000000277e+00 1.826158225870264662e-01 9.979558002156775631e-02 1.503072580645175682e+00
5.439000000000000057e+00 1.824712063892456326e-01 9.982706434485669189e-02 1.502598528609624617e+00
5.441000000000000725e+00 1.823261847251224643e-01 9.981708795395631550e-02 1.502748708409446632e+00
5.443000000000000504e+00 1.821807606259475132e-01 9.973492918972604038e-02 1.503986629545347897e+00
5.445000000000000284e+00 1.820349371273184969e-01 9.953828238512014981e-02 1.506957890027076585e+00
5.447000000000000064e+00 1.818887172690359377e-01 9.925197817094857933e-02 1.511304890484344465e+00
5.449000000000000732e+00 1.817421040949984690e-01 9.892281387026981287e-02 1.516333736692066392e+00
5.451000000000000512e+00 1.815951006530983347e-01 9.862064332067908834e-02 1.520979735573753988e+00
5.453000000000000291e+00 1.814477099951165018e-01 9.837753828287847113e-02 1.524738295124689502e+00
5.455000000000000071e+00 1.812999351766182987e-01 9.822557191571315571e-02 1.527097242342495109e+00
5.457000000000000739e+00 1.811517792568488328e-01 9.818302364003865523e-02 1.527759020234844112e+00
5.459000000000000519e+00 1.810032452986286844e-01 9.820694350951557350e-02 1.527386910126838693e+00
5.461000000000000298e+00 1.808543363682491578e-01 9.828886151363286361e-02 1.526113922676728629e+00
5.463000000000000078e+00 1.807050555353680865e-01 9.838393637193103280e-02 1.524639138577860820e+00
5.465000000000000746e+00 1.805554058729054445e-01 9.841342347236192722e-02 1.524182318910239475e+00
5.467000000000000526e+00 1.804053904569392908e-01 9.840125749289282964e-02 1.524370763359746306e+00
5.469000000000000306e+00 1.802550123666011861e-01 9.831485878879499263e-02 1.525710374280633053e+00
5.471000000000000085e+00 1.801042746839723319e-01 9.811557903492867938e-02 1.528809201101495985e+00
5.473000000000000753e+00 1.799531804939794588e-01 9.783218423109193984e-02 1.533237770156302693e+00
5.475000000000000533e+00 1.798017328842910212e-01 9.751082577454373013e-02 1.538290736526191305e+00
5.477000000000000313e+00 1.796499349452128635e-01 9.722336144851424777e-02 1.542839064245214553e+00
5.479000000000000092e+00 1.794977897695849700e-01 9.699433540422114364e-02 1.546482063873928725e+00
5.481000000000000760e+00 1.793453004526772698e-01 9.685819982593599220e-02 1.548655666423340627e+00
5.483000000000000540e+00 1.791924700920866087e-01 9.682531403997245156e-02 1.549181652414526766e+00
5.485000000000000320e+00 1.790393017876327209e-01 9.685260112664782761e-02 1.548745188617647761e+00
5.487000000000000099e+00 1.788857986412550893e-01 9.693464720098721177e-02 1.547434321280248604e+00
5.489000000000000767e+00 1.787319637569095843e-01 9.701249296523235810e-02 1.546192613087032708e+00
5.491000000000000547e+00 1.785778002404657117e-01 9.703245151265110779e-02 1.545874577645221848e+00
5.493000000000000327e+00 1.784233111996028631e-01 9.701454090815032905e-02 1.546159973503500762e+00
5.495000000000000107e+00 1.782684997437081198e-01 9.692140634239593266e-02 1.547645723072696544e+00
5.497000000000000774e+00 1.781133689837730016e-01 9.672225777023274462e-02 1.550832284708763442e+00
5.499000000000000554e+00 1.779579220322912714e-01 9.644778418062989467e-02 1.555245683188284822e+00
5.501000000000000334e+00 1.778021620031560723e-01 9.615951155520224836e-02 1.559908089943755183e+00
5.503000000000000114e+00 1.776460920115578435e-01 9.592065838183969073e-02 1.563792435649075552e+00
5.505000000000000782e+00 1.774897151738819012e-01 9.576148725792324456e-02 1.566391712317407592e+00
5.507000000000000561e+00 1.773330346076068542e-01 9.570599340376229058e-02 1.567299963829677623e+00
5.509000000000000341e+00 1.771760534312022684e-01 9.571757090443490379e-02 1.567110391359189947e+00
5.511000000000000121e+00 1.770187747640272202e-01 9.577771350403521677e-02 1.566126341006045530e+00
5.513000000000000789e+00 1.768612017262286562e-01 9.585470043428957754e-02 1.564868486578059548e+00
5.515000000000000568e+00 1.767033374386403621e-01 9.588051302661630693e-02 1.564447198549721918e+00
5.517000000000000348e+00 1.765451850226812391e-01 9.587363604551307761e-02 1.564559415779245954e+00
5.519000000000000128e+00 1.763867476002548562e-01 9.580893386592626015e-02 1.565616002051624767e+00
5.521000000000000796e+00 1.762280282936481979e-01 9.564503332870996632e-02 1.568298894146280542e+00
5.523000000000000576e+00 1.760690302254315220e-01 9.539134092215700855e-02 1.572469770840162040e+00
5.525000000000000355e+00 1.759097565183576628e-01 9.509232753878901767e-02 1.577414328604099358e+00
5.527000000000000135e+00 1.757502102952617773e-01 9.477966224183115296e-02 1.582618005298158437e+00
5.529000000000000803e+00 1.755903946789614256e-01 9.451897872407322154e-02 1.586982868677528469e+00
5.531000000000000583e+00 1.754303127921570948e-01 9.431072803996357057e-02 1.590487138816683244e+00
5.533000000000000362e+00 1.752699677573321124e-01 9.419236040272503663e-02 1.592485838115385022e+00
5.535000000000000142e+00 1.751093626966534478e-01 9.416830307221171759e-02 1.592892673078907251e+00
5.537000000000000810e+00 1.749485007318728469e-01 9.420004348744905054e-02 1.592355952786641549e+00
5.539000000000000590e+00 1.747873849842276894e-01 9.429000157924873060e-02 1.590836753501676526e+00
5.541000000000000369e+00 1.746260185743423732e-01 9.443219580070556785e-02 1.588441301487550916e+00
5.543000000000000149e+00 1.744644046221298095e-01 9.452763986334247748e-02 1.586837460629010321e+00
5.545000000000000817e+00 1.743025462466932518e-01 9.455868197138651843e-02 1.586316527184569170e+00
5.547000000000000597e+00 1.741404465662286238e-01 9.455350312801763524e-02 1.586403412223790221e+00
5.549000000000000377e+00 1.739781086979264035e-01 9.448862976452639117e-02 1.587492594334499296e+00
5.551000000000000156e+00 1.738155357578743954e-01 9.432016838324158714e-02 1.590327949697038168e+00
5.553000000000000824e+00 1.736527308609603915e-01 9.406324832383233803e-02 1.594671698808377558e+00
5.555000000000000604e+00 1.734896971207756100e-01 9.375673421409889963e-02 1.599885077667769107e+00
5.557000000000000384e+00 1.733264376495176062e-01 9.342840019383696903e-02 1.605507529710380243e+00
5.559000000000000163e+00 1.731629555578939883e-01 9.316204595929823695e-02 1.610097743726386366e+00
5.561000000000000831e+00 1.729992539550264108e-01 9.294907275975003436e-02 1.613786943175993249e+00
5.563000000000000611e+00 1.728353359483548179e-01 9.281925112525599153e-02 1.616044066091211873e+00
5.565000000000000391e+00 1.726712046435415759e-01 9.278661999272114214e-02 1.616612395319142914e+00
5.567000000000000171e+00 1.725068631443763267e-01 9.281414126126832920e-02 1.616133037074120260e+00
5.569000000000000838e+00 1.723423145526810640e-01 9.290262625463896473e-02 1.614593753128803044e+00
5.571000000000000618e+00 1.721775619682155423e-01 9.305322489105317951e-02 1.611980672089765365e+00
5.573000000000000398e+00 1.720126084885825191e-01 9.317201692880248964e-02 1.609925436245763342e+00
5.575000000000000178e+00 1.718474572091340524e-01 9.321592538200383637e-02 1.609167096558790755e+00
5.577000000000000846e+00 1.716821112228772983e-01 9.321850737495693262e-02 1.609122525387028046e+00
5.579000000000000625e+00 1.715165736203816127e-01 9.317258747216518311e-02 1.609915577849672763e+00
5.581000000000000405e+00 1.713508474896847100e-01 9.303014977229051574e-02 1.612380506396628776e+00
5.583000000000000185e+00 1.711849359162002371e-01 9.279210412153414411e-02 1.616516851515060083e+00
5.585000000000000853e+00 1.710188419826250139e-01 9.250045879791592152e-02 1.621613578454808247e+00
5.587000000000000632e+00 1.708525687688472461e-01 9.216341724643263567e-02 1.627543818160736011e+00
5.589000000000000412e+00 1.706861193518539044e-01 9.186743991152837574e-02 1.632787417875749547e+00
5.591000000000000192e+00 1.705194968056398253e-01 9.163280298142295610e-02 1.636968368526389161e+00
5.593000000000000860e+00 1.703527042011160897e-01 9.145688507024229974e-02 1.640117087792727579e+00
5.595000000000000639e+00 1.701857446060195400e-01 9.137460529017402133e-02 1.641593958448871904e+00
5.597000000000000419e+00 1.700186210848217694e-01 9.137168378526659696e-02 1.641646446534971604e+00
5.599000000000000199e+00 1.698513366986392215e-01 9.142355223663627128e-02 1.640715071010884651e+00
5.601000000000000867e+00 1.696838945051431513e-01 9.153971735599271409e-02 1.638632981754341689e+00
5.603000000000000647e+00 1.695162975584704745e-01 9.171586126125781668e-02 1.635485922906142919e+00
5.605000000000000426e+00 1.693485489091343110e-01 9.184194206799796423e-02 1.633240724471428873e+00
5.607000000000000206e+00 1.691806516039350838e-01 9.189202346415313583e-02 1.632350603951110646e+00
5.609000000000000874e+00 1.690126086858724508e-01 9.189959772312170094e-02 1.632216067494932865e+00
5.611000000000000654e+00 1.688444231940572915e-01 9.186739287718546920e-02 1.632788253831586545e+00
5.613000000000000433e+00 1.686760981636234447e-01 9.174857950177944810e-02 1.634902696200225769e+00
5.615000000000000213e+00 1.685076366256410829e-01 9.153129184825108122e-02 1.638783818857092900e+00
5.617000000000000881e+00 1.683390416070291717e-01 9.125559758446655234e-02 1.643734784172109276e+00
5.619000000000000661e+00 1.681703161304696215e-01 9.092703242225474991e-02 1.649674425790309984e+00
5.621000000000000441e+00 1.680014632143203568e-01 9.059327610912294715e-02 1.655752020926138712e+00
5.623000000000000220e+00 1.678324858725298852e-01 9.033476500330138437e-02 1.660490288478838394e+00
5.625000000000000888e+00 1.676633871145519206e-01 9.012630661363864315e-02 1.664330933287138325e+00
5.627000000000000668e+00 1.674941699452605071e-01 8.998663172852965075e-02 1.666914264026658987e+00
5.629000000000000448e+00 1.673248373648649201e-01 8.993903763336165424e-02 1.667796364593960856e+00
5.631000000000000227e+00 1.671553923688258725e-01 8.995423429650947766e-02 1.667514610880529657e+00
5.633000000000000007e+00 1.669858379477714982e-01 9.002619695217613238e-02 1.666181679091512047e+00
5.635000000000000675e+00 1.668161770874140304e-01 9.016252451067678642e-02 1.663662378732944980e+00
5.637000000000000455e+00 1.666464127684668672e-01 9.033965182679361272e-02 1.660400466094245742e+00
5.639000000000000234e+00 1.664765479665616943e-01 9.043933305053820926e-02 1.658570391227662144e+00
5.641000000000000014e+00 1.663065856521664942e-01 9.047537533671760890e-02 1.657909673673666706e+00
5.643000000000000682e+00 1.661365287905037513e-01 9.047602611628148550e-02 1.657897748594939102e+00
5.645000000000000462e+00 1.659663803414692385e-01 9.043014892008199856e-02 1.658738836453350185e+00
5.647000000000000242e+00 1.657961432595507212e-01 9.029338534502674707e-02 1.661251258071938297e+00
5.649000000000000021e+00 1.656258204937477996e-01 9.006885023147026548e-02 1.665392637016139599e+00
5.651000000000000689e+00 1.654554149874915281e-01 8.979366967070472050e-02 1.670496378531878268e+00
5.653000000000000469e+00 1.652849296785652011e-01 8.947093804114364390e-02 1.676522044856864735e+00
5.655000000000000249e+00 1.651143674990246391e-01 8.918087107823137460e-02 1.681975048981263932e+00
5.657000000000000028e+00 1.649437313751196399e-01 8.895476948927658056e-02 1.686250224256748309e+00
5.659000000000000696e+00 1.647730242272156254e-01 8.877919123860530948e-02 1.689585114566498181e+00
5.661000000000000476e+00 1.646022489697158697e-01 8.868507140899832553e-02 1.691378240067362926e+00
5.663000000000000256e+00 1.644314085109836454e-01 8.867172748077432887e-02 1.691632770236970673e+00
5.665000000000000036e+00 1.642605057532656176e-01 8.871007408542895545e-02 1.690901530028574351e+00
5.667000000000000703e+00 1.640895435926148782e-01 8.881025004193121575e-02 1.688994231287249015e+00
5.669000000000000483e+00 1.639185249188153670e-01 8.897611657786945460e-02 1.685845660264618351e+00
5.671000000000000263e+00 1.637474526153056553e-01 8.912662478892788287e-02 1.682998771189126774e+00
5.673000000000000043e+00 1.635763295591039501e-01 8.919411927908743598e-02 1.681725221487434752e+00
5.675000000000000711e+00 1.634051586207332651e-01 8.921220928589367050e-02 1.681384209635509608e+00
5.677000000000000490e+00 1.632339426641475078e-01 8.919874991768435291e-02 1.681637916881403738e+00
5.679000000000000270e+00 1.630626845466570107e-01 8.912042807314297932e-02 1.683115793349779343e+00
5.681000000000000050e+00 1.628913871188555906e-01 8.894735156865439529e-02 1.686390852056138590e+00
5.683000000000000718e+00 1.627200532245475229e-01 8.870697822893526541e-02 1.690960542167037728e+00
5.685000000000000497e+00 1.625486857006752106e-01 8.842019690239839858e-02 1.696444989435793138e+00
5.687000000000000277e+00 1.623772873772469927e-01 8.810633479902381382e-02 1.702488252883967990e+00
5.689000000000000057e+00 1.622058610772658671e-01 8.785793069193587046e-02 1.707301763411187334e+00
5.691000000000000725e+00 1.620344096166582981e-01 8.766027260855069336e-02 1.711151420550892421e+00
5.693000000000000504e+00 1.618629358042039668e-01 8.752235828408536089e-02 1.713847786335017664e+00
5.695000000000000284e+00 1.616914424414653828e-01 8.746977260660709907e-02 1.714878129095188886e+00
5.697000000000000064e+00 1.615199323227184680e-01 8.747928691720330274e-02 1.714691617707981619e+00
5.699000000000000732e+00 1.613484082348833337e-01 8.754281640947138288e-02 1.713447272456855464e+00
5.701000000000000512e+00 1.611768729574561132e-01 8.766926213147671620e-02 1.710975960708400745e+00
5.703000000000000291e+00 1.610053292624402110e-01 8.784661514632022272e-02 1.707521681400643976e+00
5.705000000000000071e+00 1.608337799142789959e-01 8.795771152293317685e-02 1.705364969174880896e+00
5.707000000000000739e+00 1.606622276697887430e-01 8.800058578411554255e-02 1.704534108079489574e+00
5.709000000000000519e+00 1.604906752780919377e-01 8.800590008175618317e-02 1.704431178598846186e+00
5.711000000000000298e+00 1.603191254805509391e-01 8.797425714173820466e-02 1.705044235364557625e+00
5.713000000000000078e+00 1.601475810107024778e-01 8.786347495496610316e-02 1.707194031158926872e+00
5.715000000000000746e+00 1.599760445941925124e-01 8.766630820301209159e-02 1.711033612281692928e+00
5.717000000000000526e+00 1.598045189487116158e-01 8.741832111172219422e-02 1.715887448905559332e+00
5.719000000000000306e+00 1.596330067839306921e-01 8.712481990639452112e-02 1.721667834276817244e+00
5.721000000000000085e+00 1.594615108014373339e-01 8.685010211932528423e-02 1.727113685990969483e+00
5.723000000000000753e+00 1.592900336946726780e-01 8.663761534612604565e-02 1.731349592215053468e+00
5.725000000000000533e+00 1.591185781488691220e-01 8.647140340308231976e-02 1.734677524554356420e+00
5.727000000000000313e+00 1.589471468409875965e-01 8.637699134263580880e-02 1.736573567432879273e+00
5.729000000000000092e+00 1.587757424396563088e-01 8.635917218549171714e-02 1.736931888112747568e+00
5.731000000000000760e+00 1.586043676051095419e-01 8.638969895546554090e-02 1.736318123730538510e+00
5.733000000000000540e+00 1.584330249891272857e-01 8.647677266377437610e-02 1.734569820074192803e+00
5.735000000000000320e+00 1.582617172349747303e-01 8.661604544732171007e-02 1.731780748305199902e+00
5.737000000000000099e+00 1.580904469773429799e-01 8.671244411599784985e-02 1.729855518768914857e+00
5.739000000000000767e+00 1.579192168422899056e-01 8.674659967792804072e-02 1.729174406338906511e+00
5.741000000000000547e+00 1.577480294471818589e-01 8.674791893184673197e-02 1.729148109222621077e+00
5.743000000000000327e+00 1.575768874006352460e-01 8.671008838988024381e-02 1.729902515213053160e+00
5.745000000000000107e+00 1.574057933024592681e-01 8.659507989580092491e-02 1.732200030076693098e+00
5.747000000000000774e+00 1.572347497435989672e-01 8.640264515824026825e-02 1.736057961249747761e+00
5.749000000000000554e+00 1.570637593060788539e-01 8.616883154556957691e-02 1.740768643481882538e+00
5.751000000000000334e+00 1.568928245629467033e-01 8.594084412994387745e-02 1.745386626330987401e+00
5.753000000000000114e+00 1.567219480782184315e-01 8.575983487332593247e-02 1.749070531928633931e+00
5.755000000000000782e+00 1.565511324068230292e-01 8.563662223591365918e-02 1.751587067350422577e+00
5.757000000000000561e+00 1.563803800945485212e-01 8.559230607382967149e-02 1.752493966813021053e+00
5.759000000000000341e+00 1.562096936779877598e-01 8.560346982286304307e-02 1.752265419969435412e+00
5.761000000000000121e+00 1.560390756844853566e-01 8.566471556295579548e-02 1.751012642886365489e+00
5.763000000000000789e+00 1.558685286320848629e-01 8.576303660182332811e-02 1.749005235162242267e+00
5.765000000000000568e+00 1.556980550294768118e-01 8.580966442138079908e-02 1.748054849199773608e+00
5.767000000000000348e+00 1.555276573759465375e-01 8.581391142955790974e-02 1.747968336382505372e+00
5.769000000000000128e+00 1.553573381613234106e-01 8.577940820858100113e-02 1.748671425142737768e+00
5.771000000000000796e+00 1.551870998659299616e-01 8.566798570107732325e-02 1.750945802827644338e+00
5.773000000000000576e+00 1.550169449605321992e-01 8.548012901873655589e-02 1.754793795024820469e+00
5.775000000000000355e+00 1.548468759062894551e-01 8.525183536734895484e-02 1.759492911251143266e+00
5.777000000000000135e+00 1.546768951547058679e-01 8.503412593349789217e-02 1.763997669798000434e+00
5.779000000000000803e+00 1.545070051475816164e-01 8.486397086953721691e-02 1.767534543376451994e+00
5.781000000000000583e+00 1.543372083169652631e-01 8.475414059998850891e-02 1.769825036725348300e+00
5.783000000000000362e+00 1.541675070851060148e-01 8.472115420232957661e-02 1.770514122621283271e+00
5.785000000000000142e+00 1.539979038644070375e-01 8.474002144305307904e-02 1.770119920264628055e+00
5.787000000000000810e+00 1.538284010573790495e-01 8.481367105816157992e-02 1.768582801906268376e+00
5.789000000000000590e+00 1.536590010565948017e-01 8.494434500015393685e-02 1.765862106532555709e+00
5.791000000000000369e+00 1.534897062446434757e-01 8.504265795062561362e-02 1.763820694398892774e+00
5.793000000000000149e+00 1.533205189940861080e-01 8.507522816876848804e-02 1.763145432915402822e+00
5.795000000000000817e+00 1.531514416674114032e-01 8.507369485881613458e-02 1.763177210639930159e+00
5.797000000000000597e+00 1.529824766169924355e-01 8.502687753364220058e-02 1.764148047664694907e+00
5.799000000000000377e+00 1.528136261850430166e-01 8.489991099406819786e-02 1.766786304528402018e+00
5.801000000000000156e+00 1.526448927035755077e-01 8.470463154052963739e-02 1.770859482792599193e+00
5.803000000000000824e+00 1.524762784943586857e-01 8.446846222176081220e-02 1.775810711531539132e+00
5.805000000000000604e+00 1.523077858688765551e-01 8.421840108830264127e-02 1.781083445679829680e+00
5.807000000000000384e+00 1.521394171282871299e-01 8.402353546230052761e-02 1.785214097153786428e+00
5.809000000000000163e+00 1.519711745633821054e-01 8.387258682134024479e-02 1.788427013936269017e+00
5.811000000000000831e+00 1.518030604545471951e-01 8.378522567494295359e-02 1.790291770316964293e+00
5.813000000000000611e+00 1.516350770717228569e-01 8.376794049248077745e-02 1.790661189927002850e+00
5.815000000000000391e+00 1.514672266743653795e-01 8.379657111712543460e-02 1.790049377919529450e+00
5.817000000000000171e+00 1.512995115114088018e-01 8.388119801784858776e-02 1.788243415027076511e+00
5.819000000000000838e+00 1.511319338212271934e-01 8.402004057956058425e-02 1.785288354603464134e+00
5.821000000000000618e+00 1.509644958315978502e-01 8.411881297880534347e-02 1.783192067127648883e+00
5.823000000000000398e+00 1.507971997596643521e-01 8.415316051084292814e-02 1.782464248394721507e+00
5.825000000000000178e+00 1.506300478119007025e-01 8.415398292675964342e-02 1.782446828815541950e+00
5.827000000000000846e+00 1.504630421840758570e-01 8.411535963359569046e-02 1.783265275847313536e+00
5.829000000000000625e+00 1.502961850612190009e-01 8.400209257826206366e-02 1.785669801740352947e+00
5.831000000000000405e+00 1.501294786175847995e-01 8.382000105626340181e-02 1.789549011092398834e+00
5.833000000000000185e+00 1.499629250166197858e-01 8.359751272184501314e-02 1.794311757804287311e+00
5.835000000000000853e+00 1.497965264109289707e-01 8.335592272655850676e-02 1.799512201335246475e+00
5.837000000000000632e+00 1.496302849422433967e-01 8.316497444658119131e-02 1.803643913777049246e+00
5.839000000000000412e+00 1.494642027413874419e-01 8.301702356352885781e-02 1.806858323283685896e+00
5.841000000000000192e+00 1.492982819282475671e-01 8.292814591079192277e-02 1.808794810887959681e+00
5.843000000000000860e+00 1.491325246117408132e-01 8.290756564882580115e-02 1.809243810575258404e+00
5.845000000000000639e+00 1.489669328897847700e-01 8.293215738729400877e-02 1.808707318434976674e+00
5.847000000000000419e+00 1.488015088492670168e-01 8.301069528533447373e-02 1.806996068210267703e+00
5.849000000000000199e+00 1.486362545660158407e-01 8.314252053742073045e-02 1.804131015398890758e+00
5.851000000000000867e+00 1.484711721047712318e-01 8.323582841904503260e-02 1.802108573303738304e+00
5.853000000000000647e+00 1.483062635191567669e-01 8.326653444971962581e-02 1.801444013387842880e+00
5.855000000000000426e+00 1.481415308516512153e-01 8.326507562590196310e-02 1.801475575113009819e+00
5.857000000000000206e+00 1.479769761335615608e-01 8.322124980906034364e-02 1.802424264765961404e+00
5.859000000000000874e+00 1.478126013849960785e-01 8.310269890699645279e-02 1.804995529301292478e+00
5.861000000000000654e+00 1.476484086148383001e-01 8.292098206892194179e-02 1.808951079177084198e+00
5.863000000000000433e+00 1.474843998207209794e-01 8.269981246012626797e-02 1.813788877360786422e+00
5.865000000000000213e+00 1.473205769890010564e-01 8.245883016890653838e-02 1.819089595289478112e+00
5.867000000000000881e+00 1.471569420947350104e-01 8.227127506313011707e-02 1.823236602142106699e+00
5.869000000000000661e+00 1.469934971016549075e-01 8.212638898074536842e-02 1.826453127449298552e+00
5.871000000000000441e+00 1.468302439621445576e-01 8.203631246747337957e-02 1.828458587280767489e+00
5.873000000000000220e+00 1.466671846172166171e-01 8.201301994488212344e-02 1.828977887911082512e+00
5.875000000000000888e+00 1.465043209964900228e-01 8.203468828359070097e-02 1.828494788466263010e+00
5.877000000000000668e+00 1.463416550181683151e-01 8.211011515301930297e-02 1.826815121626148120e+00
5.879000000000000448e+00 1.461791885890177389e-01 8.224792505803370235e-02 1.823754215004947277e+00
5.881000000000000227e+00 1.460169236043465935e-01 8.242513138696275221e-02 1.819833313892971427e+00
5.883000000000000895e+00 1.458548619479848596e-01 8.252413041607578603e-02 1.817650173879079567e+00
5.885000000000000675e+00 1.456930054922644935e-01 8.256134762753883360e-02 1.816830808972485833e+00
5.887000000000000455e+00 1.455313560979996645e-01 8.256518294739580155e-02 1.816746413504206625e+00
5.889000000000000234e+00 1.453699156144684368e-01 8.253672059421757190e-02 1.817372908931746744e+00
5.891000000000000014e+00 1.452086858793942281e-01 8.244146469044243142e-02 1.819472768505891569e+00
5.893000000000000682e+00 1.450476687189282132e-01 8.227863199357220159e-02 1.823073577739094508e+00
5.895000000000000462e+00 1.448868659476321985e-01 8.207411092161322197e-02 1.827616508002882556e+00
5.897000000000000242e+00 1.447262793684616078e-01 8.182626978364862524e-02 1.833152120909397054e+00
5.899000000000000021e+00 1.445659107727496617e-01 8.159382672129970870e-02 1.838374372516630162e+00
5.901000000000000689e+00 1.444057619401914183e-01 8.142138920013669567e-02 1.842267756342189422e+00
5.903000000000000469e+00 1.442458346388291734e-01 8.128847242735556811e-02 1.845280093484956474e+00
5.905000000000000249e+00 1.440861306250372231e-01 8.120977493836535610e-02 1.847068288439949413e+00
5.907000000000000028e+00 1.439266516435082632e-01 8.119289748479974200e-02 1.847452235930879816e+00
5.909000000000000696e+00 1.437673994272394007e-01 8.121786673512225441e-02 1.846884263646058733e+00
5.911000000000000476e+00 1.436083756975197467e-01 8.129576117818630709e-02 1.845114650826945590e+00
5.913000000000000256e+00 1.434495821639171775e-01 8.143431077168433729e-02 1.841975434906692355e+00
5.915000000000000036e+00 1.432910205242666768e-01 8.159252836410312015e-02 1.838403626011336556e+00
5.917000000000000703e+00 1.431326924646588172e-01 8.167036452698453464e-02 1.836651530439034730e+00
5.919000000000000483e+00 1.429745996594287971e-01 8.169616410910357507e-02 1.836071517380889917e+00
5.921000000000000263e+00 1.428167437711457821e-01 8.169419748958973992e-02 1.836115717020348148e+00
5.923000000000000043e+00 1.426591264506030243e-01 8.165326716341832214e-02 1.837036106587071949e+00
5.925000000000000711e+00 1.425017493368083421e-01 8.154393978720962666e-02 1.839499052798131640e+00
5.927000000000000490e+00 1.423446140569754048e-01 8.137710607973952515e-02 1.843270266369739119e+00
5.929000000000000270e+00 1.421877222265148233e-01 8.117259543704154201e-02 1.847914301524851810e+00
5.931000000000000050e+00 1.420310754490266003e-01 8.093419221275939546e-02 1.853357597067019080e+00
5.933000000000000718e+00 1.418746753162923313e-01 8.073906849888233539e-02 1.857836643261204346e+00
5.935000000000000497e+00 1.417185234082686263e-01 8.059177501035551250e-02 1.861232116810009218e+00
5.937000000000000277e+00 1.415626212930802819e-01 8.048454940506917510e-02 1.863711744785546465e+00
5.939000000000000057e+00 1.414069705270145361e-01 8.043668631978628802e-02 1.864820728736336752e+00
5.941000000000000725e+00 1.412515726545154060e-01 8.043827544582324296e-02 1.864783887628569836e+00
5.943000000000000504e+00 1.410964292081791083e-01 8.048258330461575960e-02 1.863757273201211317e+00
5.945000000000000284e+00 1.409415417087490352e-01 8.058168261107122310e-02 1.861465225589510109e+00
5.947000000000000064e+00 1.407869116651121189e-01 8.073103053679692165e-02 1.858021618237989836e+00
5.949000000000000732e+00 1.406325405742951951e-01 8.083173835925359929e-02 1.855706719226186685e+00
5.951000000000000512e+00 1.404784299214621446e-01 8.086965372998915214e-02 1.854836679538977906e+00
5.953000000000000291e+00 1.403245811799111176e-01 8.087459111430772563e-02 1.854723441976859899e+00
5.955000000000000071e+00 1.401709958110725629e-01 8.085109271381918372e-02 1.855262495102453668e+00
5.957000000000000739e+00 1.400176752645077294e-01 8.076858826760317800e-02 1.857157630427050510e+00
5.959000000000000519e+00 1.398646209779076388e-01 8.062417841385306760e-02 1.860484075013241645e+00
5.961000000000000298e+00 1.397118343770922255e-01 8.044226820971925318e-02 1.864691328804134685e+00
5.963000000000000078e+00 1.395593168760104197e-01 8.022981573972942648e-02 1.869629122502405316e+00
5.965000000000000746e+00 1.394070698767402583e-01 8.005043659006366719e-02 1.873818637219261340e+00
5.967000000000000526e+00 1.392550947694901620e-01 7.991476437834287017e-02 1.876999840603301939e+00
5.969000000000000306e+00 1.391033929325996288e-01 7.981948197574045833e-02 1.879240459686139175e+00
5.971000000000000085e+00 1.389519657325413715e-01 7.978194969378732404e-02 1.880124521595648579e+00
5.973000000000000753e+00 1.388008145239232327e-01 7.978854662811987741e-02 1.879969072492611248e+00
5.975000000000000533e+00 1.386499406494914599e-01 7.983832299925884557e-02 1.878796978255573791e+00
5.977000000000000313e+00 1.384993454401330926e-01 7.994190036480817996e-02 1.876362699854363436e+00
5.979000000000000092e+00 1.383490302148799866e-01 8.006946261068979831e-02 1.873373382425749023e+00
5.981000000000000760e+00 1.381989962809128392e-01 8.013032063287793549e-02 1.871950577699973861e+00
5.983000000000000540e+00 1.380492449335658511e-01 8.014643468922369451e-02 1.871574207656783617e+00
5.985000000000000320e+00 1.378997774563313072e-01 8.013775058376169935e-02 1.871777020284800308e+00
5.987000000000000099e+00 1.377505951208653490e-01 8.008393497676591366e-02 1.873034835807184662e+00
5.989000000000000767e+00 1.376016991869936645e-01 7.996612925569812624e-02 1.875794181813689399e+00
5.991000000000000547e+00 1.374530909027181780e-01 7.980415307912470946e-02 1.879601426899137451e+00
5.993000000000000327e+00 1.373047715042232664e-01 7.960821916606107551e-02 1.884227553025688673e+00
5.995000000000000107e+00 1.371567422158833649e-01 7.941607088804700232e-02 1.888786467558377424e+00
5.997000000000000774e+00 1.370090042502705441e-01 7.927290899581934669e-02 1.892197497229609837e+00
5.999000000000000554e+00 1.368615588081627532e-01 7.916536077927023574e-02 1.894768097100343107e+00
6.001000000000000334e+00 1.367144070785520638e-01 7.910782872213430184e-02 1.896146088484794046e+00
6.003000000000000114e+00 1.365675502386538842e-01 7.910085250360252007e-02 1.896313317143686783e+00
6.005000000000000782e+00 1.364209894539162304e-01 7.913088989628162817e-02 1.895593493218740155e+00
6.007000000000000561e+00 1.362747258780298842e-01 7.921154604607130723e-02 1.893663329241881632e+00
6.009000000000000341e+00 1.361287606529382188e-01 7.934770457502834939e-02 1.890413853852134674e+00
6.011000000000000121e+00 1.359830949088483010e-01 7.946995955726768313e-02 1.887505679324108954e+00
6.013000000000000789e+00 1.358377297642416326e-01 7.952322285847708561e-02 1.886241460144873372e+00
6.015000000000000568e+00 1.356926663258862520e-01 7.953723982487892474e-02 1.885909044999077411e+00
6.017000000000000348e+00 1.355479056888481693e-01 7.952910492707453149e-02 1.886101951449659309e+00
6.019000000000000128e+00 1.354034489365039673e-01 7.947941764553523303e-02 1.887281065256097401e+00
6.021000000000000796e+00 1.352592971405537359e-01 7.936991240826565819e-02 1.889884912917944026e+00
6.023000000000000576e+00 1.351154513610342001e-01 7.921841425730244413e-02 1.893499149235656764e+00
6.025000000000000355e+00 1.349719126463322372e-01 7.903591053965580704e-02 1.897871473559330502e+00
6.027000000000000135e+00 1.348286820331991431e-01 7.884734415183902723e-02 1.902410304539108754e+00
6.029000000000000803e+00 1.346857605467648433e-01 7.870433595519116254e-02 1.905867042514654885e+00
6.031000000000000583e+00 1.345431492005531027e-01 7.859215432490875008e-02 1.908587457469141713e+00
6.033000000000000362e+00 1.344008489964964026e-01 7.851854979602161666e-02 1.910376597500533569e+00
6.035000000000000142e+00 1.342588609249517895e-01 7.849414511126265315e-02 1.910970554394602727e+00
6.037000000000000810e+00 1.341171859647168896e-01 7.850275670598567956e-02 1.910760924763331259e+00
6.039000000000000590e+00 1.339758250830465625e-01 7.854329121512466927e-02 1.909774822004343120e+00
6.041000000000000369e+00 1.338347792356693877e-01 7.858904466399872779e-02 1.908662977662003435e+00
6.043000000000000149e+00 1.336940493668051788e-01 7.860253061871234903e-02 1.908335505476595362e+00
6.045000000000000817e+00 1.335536364091823580e-01 7.860074846757074407e-02 1.908378774050571547e+00
6.047000000000000597e+00 1.334135412840564694e-01 7.858160648464106168e-02 1.908843643064459528e+00
6.049000000000000377e+00 1.332737649012279146e-01 7.853916914158658169e-02 1.909875055204458771e+00
6.051000000000000156e+00 1.331343081590611599e-01 7.849040869079695892e-02 1.911061523337278523e+00
6.053000000000000824e+00 1.329951719445037206e-01 7.846130439396721556e-02 1.911770409102876211e+00
6.055000000000000604e+00 1.328563571331058402e-01 7.845499742399510146e-02 1.911924095661536205e+00
6.057000000000000384e+00 1.327178645890402520e-01 7.846709487107746128e-02 1.911629330058059351e+00
6.059000000000000163e+00 1.325796951651224131e-01 7.850672461318938811e-02 1.910664350589904803e+00
6.061000000000000831e+00 1.324418497028312103e-01 7.855056269799397251e-02 1.909598032756431252e+00
6.063000000000000611e+00 1.323043290323301646e-01 7.856063062516897844e-02 1.909353308474378785e+00
6.065000000000000391e+00 1.321671339724884431e-01 7.854708314890192222e-02 1.909682625841682579e+00
6.067000000000000171e+00 1.320302653309027574e-01 7.848603963181471910e-02 1.911167905829672220e+00
6.069000000000000838e+00 1.318937239039194020e-01 7.836851549114580429e-02 1.914033959427842158e+00
6.071000000000000618e+00 1.317575104766569583e-01 7.821374289151537817e-02 1.917821529242682344e+00
6.073000000000000398e+00 1.316216258230286373e-01 7.801922611968539756e-02 1.922603023130381894e+00
6.075000000000000178e+00 1.314860707057657063e-01 7.780285295644095989e-02 1.927949866876728091e+00
6.077000000000000846e+00 1.313508458764409137e-01 7.764618169151399352e-02 1.931840004650139830e+00
6.079000000000000625e+00 1.312159520754924424e-01 7.753140929959724537e-02 1.934699773357263064e+00
6.081000000000000405e+00 1.310813900322478631e-01 7.745077459391026820e-02 1.936714006883464512e+00
6.083000000000000185e+00 1.309471604649488086e-01 7.741816253577740725e-02 1.937529839082401395e+00
6.085000000000000853e+00 1.308132640807757041e-01 7.742382507630976574e-02 1.937388134106760473e+00
6.087000000000000632e+00 1.306797015758732472e-01 7.746949605332741073e-02 1.936245976051593320e+00
6.089000000000000412e+00 1.305464736353755262e-01 7.756803041809158528e-02 1.933786370383522524e+00
6.091000000000000192e+00 1.304135809334321383e-01 7.772956659200987162e-02 1.929767610661283328e+00
6.093000000000000860e+00 1.302810241332342245e-01 7.792154438262889615e-02 1.925013180737721541e+00
6.095000000000000639e+00 1.301488038870411423e-01 7.802633184496914065e-02 1.922427934944265449e+00
6.097000000000000419e+00 1.300169208362071116e-01 7.806962395465089077e-02 1.921361887014237935e+00
6.099000000000000199e+00 1.298853756112083868e-01 7.807907031844324441e-02 1.921129431846835489e+00
6.101000000000000867e+00 1.297541688316707353e-01 7.806708181831542581e-02 1.921424453255383247e+00
6.103000000000000647e+00 1.296233011063973317e-01 7.801161475936162215e-02 1.922790605766810490e+00
6.105000000000000426e+00 1.294927730333965687e-01 7.790292683729660439e-02 1.925473227896572270e+00
6.107000000000000206e+00 1.293625851999106180e-01 7.775873214495084007e-02 1.929043798198554427e+00
6.109000000000000874e+00 1.292327381824441013e-01 7.757696545285144851e-02 1.933563643852049374e+00
6.111000000000000654e+00 1.291032325467930952e-01 7.735507985343957615e-02 1.939109885015913193e+00
6.113000000000000433e+00 1.289740688480743580e-01 7.717866738042476749e-02 1.943542238953523071e+00
6.115000000000000213e+00 1.288452476307549166e-01 7.705485322934477188e-02 1.946665183483544004e+00
6.117000000000000881e+00 1.287167694286819319e-01 7.696233837639920861e-02 1.949005229887844193e+00
6.119000000000000661e+00 1.285886347651131467e-01 7.690824463711896930e-02 1.950376070962930974e+00
6.121000000000000441e+00 1.284608441527468614e-01 7.689776834653683224e-02 1.950641783569462939e+00
6.123000000000000220e+00 1.283333980937530483e-01 7.691904514322278619e-02 1.950102210976500272e+00
6.125000000000000888e+00 1.282062970798041601e-01 7.698543704749660765e-02 1.948420451357009586e+00
6.127000000000000668e+00 1.280795415921067715e-01 7.710584856559035694e-02 1.945377721540824112e+00
6.129000000000000448e+00 1.279531321014326928e-01 7.727603584476712417e-02 1.941093359153690301e+00
6.131000000000000227e+00 1.278270690681512223e-01 7.738746233451986034e-02 1.938298472065160372e+00
6.133000000000000895e+00 1.277013529422609817e-01 7.743334301607135428e-02 1.937149994529712815e+00
6.135000000000000675e+00 1.275759841634227232e-01 7.744405185135305736e-02 1.936882128635412759e+00
6.137000000000000455e+00 1.274509631609914984e-01 7.743404699471212460e-02 1.937132383255692591e+00
6.139000000000000234e+00 1.273262903540498814e-01 7.738401682654517943e-02 1.938384774419531276e+00
6.141000000000000902e+00 1.272019661514411648e-01 7.728356002868087826e-02 1.940904377908227119e+00
6.143000000000000682e+00 1.270779909518028050e-01 7.714904865242244725e-02 1.944288395256706270e+00
6.145000000000000462e+00 1.269543651435999509e-01 7.697921316761095756e-02 1.948577983947393344e+00
6.147000000000000242e+00 1.268310891051596112e-01 7.677337814980246533e-02 1.953802263426725805e+00
6.149000000000000021e+00 1.267081632047047657e-01 7.661282054877525949e-02 1.957896849712027931e+00
6.151000000000000689e+00 1.265855878003887547e-01 7.649993688775406919e-02 1.960785931367371449e+00
6.153000000000000469e+00 1.264633632403302788e-01 7.641611447193825957e-02 1.962936757993412717e+00
6.155000000000000249e+00 1.263414898626478988e-01 7.636940574194715781e-02 1.964137320995415603e+00
6.157000000000000028e+00 1.262199679954955078e-01 7.636243112216305196e-02 1.964316716947278385e+00
6.159000000000000696e+00 1.260987979570976081e-01 7.638567397707050899e-02 1.963719008946979594e+00
6.161000000000000476e+00 1.259779800557851992e-01 7.645252750194971025e-02 1.962001844820299157e+00
6.163000000000000256e+00 1.258575145900313608e-01 7.657085922840452252e-02 1.958969789702404096e+00
6.165000000000000036e+00 1.257374018484874179e-01 7.672923368735751204e-02 1.954926340215947356e+00
6.167000000000000703e+00 1.256176421100194118e-01 7.682505555030508249e-02 1.952488012218617008e+00
6.169000000000000483e+00 1.254982356437445989e-01 7.686426788844515079e-02 1.951491949649457158e+00
6.171000000000000263e+00 1.253791827090681155e-01 7.687315239802124112e-02 1.951266408633205440e+00
6.173000000000000043e+00 1.252604835557200591e-01 7.686381550326097656e-02 1.951503435236521478e+00
6.175000000000000711e+00 1.251421384237926260e-01 7.681825107924045160e-02 1.952660961328971823e+00
6.177000000000000490e+00 1.250241475437777472e-01 7.672666229621420697e-02 1.954991856949330531e+00
6.179000000000000270e+00 1.249065111366043368e-01 7.660461983165137156e-02 1.958106447491607227e+00
6.181000000000000050e+00 1.247892294136763724e-01 7.645391772229243044e-02 1.961966168232906593e+00
6.183000000000000718e+00 1.246723025769108373e-01 7.629182987017556206e-02 1.966134516045195069e+00
6.185000000000000497e+00 1.245557308187760642e-01 7.617360430272868133e-02 1.969186063506603857e+00
6.187000000000000277e+00 1.244395143223299416e-01 7.608416401026812936e-02 1.971500928626308768e+00
6.189000000000000057e+00 1.243236532612587153e-01 7.602203117673199395e-02 1.973112237047283557e+00
6.191000000000000725e+00 1.242081477999156663e-01 7.599782374264293927e-02 1.973740728523439181e+00
6.193000000000000504e+00 1.240929980933603294e-01 7.600223922565556289e-02 1.973626060603823618e+00
6.195000000000000284e+00 1.239782042873973783e-01 7.603504600736395169e-02 1.972774501714282813e+00
6.197000000000000064e+00 1.238637665186161918e-01 7.609727735572260898e-02 1.971161192782409088e+00
6.199000000000000732e+00 1.237496849144303079e-01 7.613730566000578848e-02 1.970124877676011410e+00
6.201000000000000512e+00 1.236359595931172950e-01 7.614730231038802089e-02 1.969866238840308537e+00
6.203000000000000291e+00 1.235225906638584281e-01 7.614207717644887186e-02 1.970001417907150998e+00
6.205000000000000071e+00 1.234095782267789487e-01 7.611019659291780315e-02 1.970826600308082543e+00
6.207000000000000739e+00 1.232969223729881436e-01 7.603957269641782590e-02 1.972657061065604900e+00
6.209000000000000519e+00 1.231846231846200207e-01 7.594429995878826389e-02 1.975131775280022373e+00
6.211000000000000298e+00 1.230726807348735269e-01 7.586738587123997846e-02 1.977134156890232530e+00
6.213000000000000078e+00 1.229610950880535153e-01 7.582659749081233080e-02 1.978197690041083812e+00
6.215000000000000746e+00 1.228498662996115320e-01 7.582172373443653302e-02 1.978324846918157576e+00
6.217000000000000526e+00 1.227389944161870750e-01 7.584534811408323585e-02 1.977708636452911950e+00
6.219000000000000306e+00 1.226284794756484220e-01 7.591057911779360012e-02 1.976009164246247618e+00
6.221000000000000085e+00 1.225183215071342785e-01 7.600018149865619965e-02 1.973679497102940772e+00
6.223000000000000753e+00 1.224085205310951330e-01 7.604052080359088861e-02 1.972632465096379129e+00
6.225000000000000533e+00 1.222990765593350709e-01 7.604693891470028222e-02 1.972465981415120195e+00
6.227000000000000313e+00 1.221899895950532833e-01 7.603125312214575882e-02 1.972872915286848272e+00
6.229000000000000092e+00 1.220812596328862409e-01 7.597357752420863530e-02 1.974370628422798424e+00
6.231000000000000760e+00 1.219728866589495364e-01 7.587507933711810926e-02 1.976933682448486884e+00
6.233000000000000540e+00 1.218648706508803775e-01 7.574576440490654594e-02 1.980308749650475653e+00
6.235000000000000320e+00 1.217572115778796094e-01 7.557582119695210876e-02 1.984761761424953308e+00
6.237000000000000099e+00 1.216499094007542775e-01 7.537760783836139344e-02 1.989980901511994471e+00
6.239000000000000767e+00 1.215429640719602605e-01 7.523859474808994308e-02 1.993657650069388110e+00
6.241000000000000547e+00 1.214363755356450136e-01 7.514391411900075979e-02 1.996169640064986428e+00
6.243000000000000327e+00 1.213301437276901873e-01 7.507614922789915268e-02 1.997971413593203849e+00
6.245000000000000107e+00 1.212242685757547733e-01 7.504150538239355572e-02 1.998893801978463669e+00
6.247000000000000774e+00 1.211187499993180011e-01 7.503942790614308300e-02 1.998949141611463309e+00
6.249000000000000554e+00 1.210135879097227890e-01 7.506643985087031734e-02 1.998229838766769406e+00
6.251000000000000334e+00 1.209087822102186405e-01 7.513673368180755208e-02 1.996360403890150348e+00
6.253000000000000114e+00 1.208043327960053037e-01 7.525983025685899219e-02 1.993095114459541017e+00
6.255000000000000782e+00 1.207002395542761536e-01 7.544837767734394185e-02 1.988114318925148005e+00
6.257000000000000561e+00 1.205965023642619205e-01 7.561827936081004509e-02 1.983647357066670391e+00
6.259000000000000341e+00 1.204931210972741695e-01 7.570166646591652837e-02 1.981462324446121803e+00
6.261000000000000121e+00 1.203900956167492653e-01 7.573420316419428311e-02 1.980611054622110290e+00
6.263000000000000789e+00 1.202874257782921702e-01 7.573987295465257896e-02 1.980462788600251267e+00
6.265000000000000568e+00 1.201851114297205619e-01 7.572737625391670613e-02 1.980789608992188366e+00
6.267000000000000348e+00 1.200831524111086873e-01 7.567857704237095084e-02 1.982066865713105752e+00
6.269000000000000128e+00 1.199815485548316740e-01 7.559161879768871994e-02 1.984346973722785012e+00
6.271000000000000796e+00 1.198802996856096759e-01 7.547705059402808059e-02 1.987359055758709525e+00
6.273000000000000576e+00 1.197794056205524066e-01 7.532763096991454410e-02 1.991301174198737201e+00
6.275000000000000355e+00 1.196788661692032157e-01 7.513534097412412349e-02 1.996397408400109930e+00
6.277000000000000135e+00 1.195786811335838029e-01 7.497702117832229229e-02 2.000612956378276408e+00
6.279000000000000803e+00 1.194788503082386405e-01 7.487305679279473991e-02 2.003390891534094997e+00
6.281000000000000583e+00 1.193793734802797851e-01 7.479885549033073178e-02 2.005378277738361081e+00
6.283000000000000362e+00 1.192802504294313282e-01 7.474996277447927551e-02 2.006689962542859806e+00
6.285000000000000142e+00 1.191814809280743181e-01 7.473419792642314874e-02 2.007113264902863570e+00
6.287000000000000810e+00 1.190830647412914750e-01 7.474367995909848850e-02 2.006858641186566317e+00
6.289000000000000590e+00 1.189850016269122512e-01 7.478648583223634905e-02 2.005709966590557780e+00
6.291000000000000369e+00 1.188872913355575878e-01 7.487305482079736896e-02 2.003390944299159759e+00
6.293000000000000149e+00 1.187899336106850029e-01 7.501247636303695621e-02 1.999667352322123559e+00
6.295000000000000817e+00 1.186929281886335702e-01 7.514176764035823686e-02 1.996226662086610260e+00
6.297000000000000597e+00 1.185962747986692573e-01 7.520160972499168039e-02 1.994638154004177322e+00
6.299000000000000377e+00 1.184999731630297926e-01 7.522113837011856763e-02 1.994120313121812149e+00
6.301000000000000156e+00 1.184040229969700181e-01 7.522084474211028493e-02 1.994128097261671506e+00
6.303000000000000824e+00 1.183084240088070893e-01 7.519811958077828040e-02 1.994730730452229928e+00
6.305000000000000604e+00 1.182131758999659110e-01 7.513766946609148900e-02 1.996335540692977695e+00
6.307000000000000384e+00 1.181182783650242402e-01 7.504691961383554155e-02 1.998749592546183784e+00
6.309000000000000163e+00 1.180237310917581911e-01 7.493035754103696822e-02 2.001858858311863276e+00
6.311000000000000831e+00 1.179295337611876160e-01 7.477822012866497392e-02 2.005931670236424935e+00
6.313000000000000611e+00 1.178356860476215962e-01 7.463402726042944746e-02 2.009807128276583921e+00
6.315000000000000391e+00 1.177421876187038086e-01 7.453800359731185821e-02 2.012396264466219442e+00
6.317000000000000171e+00 1.176490381354580589e-01 7.446978125096466450e-02 2.014239836350491863e+00
6.319000000000000838e+00 1.175562372523337867e-01 7.442543489791565714e-02 2.015440020011234790e+00
6.321000000000000618e+00 1.174637846172517652e-01 7.441179455760366102e-02 2.015809467998812998e+00
6.323000000000000398e+00 1.173716798716494120e-01 7.442148913583629399e-02 2.015546876873365978e+00
6.325000000000000178e+00 1.172799226505265302e-01 7.446283899192043809e-02 2.014427626326142029e+00
6.327000000000000846e+00 1.171885125824908558e-01 7.454532372935540607e-02 2.012198653058248077e+00
6.329000000000000625e+00 1.170974492898037983e-01 7.467136723171406698e-02 2.008802109308274630e+00
6.331000000000000405e+00 1.170067323884258770e-01 7.476329169534660923e-02 2.006332206602618573e+00
6.333000000000000185e+00 1.169163614880624480e-01 7.480054562601268220e-02 2.005332965750933116e+00
6.335000000000000853e+00 1.168263361922093485e-01 7.480908995370935677e-02 2.005103926445536811e+00
6.337000000000000632e+00 1.167366560981986517e-01 7.480193022975455130e-02 2.005295846501208512e+00
6.339000000000000412e+00 1.166473207972441029e-01 7.476635072741279198e-02 2.006250118410595196e+00
6.341000000000000192e+00 1.165583298744869295e-01 7.469666517479946199e-02 2.008121776909067790e+00
6.343000000000000860e+00 1.164696829090414165e-01 7.460328967570876990e-02 2.010635196544701575e+00
6.345000000000000639e+00 1.163813794740406887e-01 7.448336317811909968e-02 2.013872542802489285e+00
6.347000000000000419e+00 1.162934191366821884e-01 7.434629956623581282e-02 2.017585285012922558e+00
6.349000000000000199e+00 1.162058014582733750e-01 7.424919355912651397e-02 2.020223962170729859e+00
6.351000000000000867e+00 1.161185259942773551e-01 7.418117201769103275e-02 2.022076436918890607e+00
6.353000000000000647e+00 1.160315922943586237e-01 7.413395957858538721e-02 2.023364202487972108e+00
6.355000000000000426e+00 1.159449999024283889e-01 7.411445383676651399e-02 2.023896719665069899e+00
6.357000000000000206e+00 1.158587483566903831e-01 7.411777680886030839e-02 2.023805980943406357e+00
6.359000000000000874e+00 1.157728371896863118e-01 7.414642957869749251e-02 2.023023911634114214e+00
6.361000000000000654e+00 1.156872659283415539e-01 7.420966144023753708e-02 2.021300152686963614e+00
6.363000000000000433e+00 1.156020340940104585e-01 7.430164357168404787e-02 2.018797872960702122e+00
6.365000000000000213e+00 1.155171412025220168e-01 7.435600785954654679e-02 2.017321858959128189e+00
6.367000000000000881e+00 1.154325867642252007e-01 7.437374680547566286e-02 2.016840705798036648e+00
6.369000000000000661e+00 1.153483702840346348e-01 7.437403805927882139e-02 2.016832807712343634e+00
6.371000000000000441e+00 1.152644912614757267e-01 7.435618154976871008e-02 2.017317146653109461e+00
6.373000000000000220e+00 1.151809491907302141e-01 7.430696789489531218e-02 2.018653219872595272e+00
6.375000000000000888e+00 1.150977435606814342e-01 7.423209945107182850e-02 2.020689177717095664e+00
6.377000000000000668e+00 1.150148738549597732e-01 7.413808356390330645e-02 2.023251651368996207e+00
6.379000000000000448e+00 1.149323395519877278e-01 7.403691236172466050e-02 2.026016418231218363e+00
6.381000000000000227e+00 1.148501401250253129e-01 7.396455246959401930e-02 2.027998480240427170e+00
6.383000000000000895e+00 1.147682750422150677e-01 7.391254811129419067e-02 2.029425365962715055e+00
6.385000000000000675e+00 1.146867437666274636e-01 7.388373192417214963e-02 2.030216883927127292e+00
6.387000000000000455e+00 1.146055457563057434e-01 7.387968922435277086e-02 2.030327977483639579e+00
6.389000000000000234e+00 1.145246804643110655e-01 7.389564541344503801e-02 2.029889571445681717e+00
6.391000000000000902e+00 1.144441473387674824e-01 7.394177601196137706e-02 2.028623169339817789e+00
6.393000000000000682e+00 1.143639458229070427e-01 7.401860161509007940e-02 2.026517614856151006e+00
6.395000000000000462e+00 1.142840753551143951e-01 7.407139624464868788e-02 2.025073207808429920e+00
6.397000000000000242e+00 1.142045353689718490e-01 7.408819364276716946e-02 2.024614079852703696e+00
6.399000000000000909e+00 1.141253252933040474e-01 7.408795880306347226e-02 2.024620497356685700e+00
6.401000000000000689e+00 1.140464445522227921e-01 7.406932818256765916e-02 2.025129749122022371e+00
6.403000000000000469e+00 1.139678925651715496e-01 7.402047992995072767e-02 2.026466190734678818e+00
6.405000000000000249e+00 1.138896687469701657e-01 7.394793209862229877e-02 2.028454288619581103e+00
6.407000000000000028e+00 1.138117725078593573e-01 7.385577850230029551e-02 2.030985293795638746e+00
6.409000000000000696e+00 1.137342032535451075e-01 7.375480501748538087e-02 2.033765799590125933e+00
6.411000000000000476e+00 1.136569603852432830e-01 7.368400846129337378e-02 2.035719868291311130e+00
6.413000000000000256e+00 1.135800432997236542e-01 7.363412616476104622e-02 2.037098935137295452e+00
6.415000000000000036e+00 1.135034513893543456e-01 7.360602863800895512e-02 2.037876554075387592e+00
6.417000000000000703e+00 1.134271840421459537e-01 7.360182510529705846e-02 2.037992940873481373e+00
6.419000000000000483e+00 1.133512406417957613e-01 7.361757507058183658e-02 2.037556926538064861e+00
6.421000000000000263e+00 1.132756205677315497e-01 7.366465866238822158e-02 2.036254599202903304e+00
6.423000000000000043e+00 1.132003231951557304e-01 7.375069692685377876e-02 2.033879085220992256e+00
6.425000000000000711e+00 1.131253478950891012e-01 7.386161416102196564e-02 2.030824829701021628e+00
6.427000000000000490e+00 1.130506940344147837e-01 7.392072885491347833e-02 2.029200771199235476e+00
6.429000000000000270e+00 1.129763609759217441e-01 7.394094055436398194e-02 2.028646090723105200e+00
6.431000000000000050e+00 1.129023480783485356e-01 7.394222974896172418e-02 2.028610720954168389e+00
6.433000000000000718e+00 1.128286546964267084e-01 7.392696081012442577e-02 2.029029711978329154e+00
6.435000000000000497e+00 1.127552801809245109e-01 7.388279093398866793e-02 2.030242741290309905e+00
6.437000000000000277e+00 1.126822238786898966e-01 7.381457329726451300e-02 2.032119042345786220e+00
6.439000000000000057e+00 1.126094851326940455e-01 7.372512347101314867e-02 2.034584588508369318e+00
6.441000000000000725e+00 1.125370632820743705e-01 7.360598433548540265e-02 2.037877780647857850e+00
6.443000000000000504e+00 1.124649576621778169e-01 7.349144421076048150e-02 2.041053916015400205e+00
6.445000000000000284e+00 1.123931676046035361e-01 7.341744995824187048e-02 2.043111005426046400e+00
6.447000000000000064e+00 1.123216924372459902e-01 7.336677893863900735e-02 2.044522087107761621e+00
6.449000000000000732e+00 1.122505314843376401e-01 7.333486808199984885e-02 2.045411738278120950e+00
6.451000000000000512e+00 1.121796840664917444e-01 7.332613374687346752e-02 2.045655380083308827e+00
6.453000000000000291e+00 1.121091495007447147e-01 7.333549010653556133e-02 2.045394389293543558e+00
6.455000000000000071e+00 1.120389271005988174e-01 7.337179729287252039e-02 2.044382249507349592e+00
6.457000000000000739e+00 1.119690161760643898e-01 7.344349626930843367e-02 2.042386427927778580e+00
6.459000000000000519e+00 1.118994160337022648e-01 7.355336001814598290e-02 2.039335795985312672e+00
6.461000000000000298e+00 1.118301259766657507e-01 7.363328546353867243e-02 2.037122193525863878e+00
6.463000000000000078e+00 1.117611453047427650e-01 7.366526431214050208e-02 2.036237857837686960e+00
6.465000000000000746e+00 1.116924733143977860e-01 7.367242200572793331e-02 2.036040025782479113e+00
6.467000000000000526e+00 1.116241092988136951e-01 7.366649690931033334e-02 2.036203787247581776e+00
6.469000000000000306e+00 1.115560525479334097e-01 7.363792542323045753e-02 2.036993833515571950e+00
6.471000000000000085e+00 1.114883023485015445e-01 7.358366622040982130e-02 2.038495874216099679e+00
6.473000000000000753e+00 1.114208579841058366e-01 7.351038388076742980e-02 2.040528046259388439e+00
6.475000000000000533e+00 1.113537187352186680e-01 7.341357785060355357e-02 2.043218766768861272e+00
6.477000000000000313e+00 1.112868838792380882e-01 7.329826820153709233e-02 2.046433069708657015e+00
6.479000000000000092e+00 1.112203526905290729e-01 7.321772632035536410e-02 2.048684212668569149e+00
6.481000000000000760e+00 1.111541244404644913e-01 7.316433153856334581e-02 2.050179327080138947e+00
6.483000000000000540e+00 1.110881983974661008e-01 7.312784509279006417e-02 2.051202244639764860e+00
6.485000000000000320e+00 1.110225738270451123e-01 7.311187367836601003e-02 2.051650333294431583e+00
6.487000000000000099e+00 1.109572499918429628e-01 7.311385062112484012e-02 2.051594858234157659e+00
6.489000000000000767e+00 1.108922261516717689e-01 7.313630304733595433e-02 2.050965030361400654e+00
6.491000000000000547e+00 1.108275015635547950e-01 7.318837575715940458e-02 2.049505791708005731e+00
6.493000000000000327e+00 1.107630754817665597e-01 7.327556827056413979e-02 2.047067031212054911e+00
6.495000000000000107e+00 1.106989471578731232e-01 7.335066281256728826e-02 2.044971296078053502e+00
6.497000000000000774e+00 1.106351158407719026e-01 7.338156985048574499e-02 2.044109989819290707e+00
6.499000000000000554e+00 1.105715807767317788e-01 7.338880770686165289e-02 2.043908392668646545e+00
6.501000000000000334e+00 1.105083412094325784e-01 7.338393898701178752e-02 2.044043997509433996e+00
6.503000000000000114e+00 1.104453963800048066e-01 7.335883557108188735e-02 2.044743469989457108e+00
6.505000000000000782e+00 1.103827455270690316e-01 7.331001854823149255e-02 2.046105061360928179e+00
6.507000000000000561e+00 1.103203878867753951e-01 7.324393262996820031e-02 2.047951203791951613e+00
6.509000000000000341e+00 1.102583226928424975e-01 7.315728485368465372e-02 2.050376805262819513e+00
6.511000000000000121e+00 1.101965491765967142e-01 7.306148283856585268e-02 2.053065365938915310e+00
6.513000000000000789e+00 1.101350665670109280e-01 7.299748044811427139e-02 2.054865443015093884e+00
6.515000000000000568e+00 1.100738740907434843e-01 7.295383292900786687e-02 2.056094847627355726e+00
6.517000000000000348e+00 1.100129709721766047e-01 7.292596215326518916e-02 2.056880644025673721e+00
6.519000000000000128e+00 1.099523564334550368e-01 7.291758864966021991e-02 2.057116846261741738e+00
6.521000000000000796e+00 1.098920296945242875e-01 7.292452478804566096e-02 2.056921185787269124e+00
6.523000000000000576e+00 1.098319899731689531e-01 7.295367671260245823e-02 2.056099250362910080e+00
6.525000000000000355e+00 1.097722364850506199e-01 7.301226660258497425e-02 2.054449299820658936e+00
6.527000000000000135e+00 1.097127684437458894e-01 7.309667472355545204e-02 2.052076931916335223e+00
6.529000000000000803e+00 1.096535850607840701e-01 7.314799470426071315e-02 2.050637213042599161e+00
6.531000000000000583e+00 1.095946855456848418e-01 7.316605326836976564e-02 2.050131082645756386e+00
6.533000000000000362e+00 1.095360691059956704e-01 7.316801686525861714e-02 2.050076063647181979e+00
6.535000000000000142e+00 1.094777349473291528e-01 7.315802384197517272e-02 2.050356093871632535e+00
6.537000000000000810e+00 1.094196822734001262e-01 7.312622506207958062e-02 2.051247686758880473e+00
6.539000000000000590e+00 1.093619102860628467e-01 7.307530381385855811e-02 2.052677062856806955e+00
6.541000000000000369e+00 1.093044181853475849e-01 7.300891447264913625e-02 2.054543627767449365e+00
6.543000000000000149e+00 1.092472051694975688e-01 7.292301951704575902e-02 2.056963644586021100e+00
6.545000000000000817e+00 1.091902704350053710e-01 7.284733429950315808e-02 2.059100740506067506e+00
6.547000000000000597e+00 1.091336131766494633e-01 7.279742816606099565e-02 2.060512352961553439e+00
6.549000000000000377e+00 1.090772325875302984e-01 7.276228670071220594e-02 2.061507503426658783e+00
6.551000000000000156e+00 1.090211278591064759e-01 7.274246225774463892e-02 2.062069324358483779e+00
6.553000000000000824e+00 1.089652981812306715e-01 7.273932173652976341e-02 2.062158354229880697e+00
6.555000000000000604e+00 1.089097427421854419e-01 7.274964905316790020e-02 2.061865616566410431e+00
6.557000000000000384e+00 1.088544607287187244e-01 7.278049713800441300e-02 2.060991692809875264e+00
6.559000000000000163e+00 1.087994513260793911e-01 7.283358788241864334e-02 2.059489369686930083e+00
6.561000000000000831e+00 1.087447137180524853e-01 7.287416487048274660e-02 2.058342627549706982e+00
6.563000000000000611e+00 1.086902470869944293e-01 7.288903034726852692e-02 2.057922835375201931e+00
6.565000000000000391e+00 1.086360506138678850e-01 7.289114251668026012e-02 2.057863202866854646e+00
6.567000000000000171e+00 1.085821234782766570e-01 7.288451033006547453e-02 2.058050459839938284e+00
6.569000000000000838e+00 1.085284648585002204e-01 7.286088688454171736e-02 2.058717734766199126e+00
6.571000000000000618e+00 1.084750739315284151e-01 7.282024009456300462e-02 2.059866869502390951e+00
6.573000000000000398e+00 1.084219498730955161e-01 7.277116367227884353e-02 2.061256030967392405e+00
6.575000000000000178e+00 1.083690918577145390e-01 7.273036330434963503e-02 2.062412356890141574e+00
6.577000000000000846e+00 1.083164990587111576e-01 7.270176751686988070e-02 2.063223565578287566e+00
6.579000000000000625e+00 1.082641706482576627e-01 7.268859348140839505e-02 2.063597502933738781e+00
6.581000000000000405e+00 1.082121057974063799e-01 7.268907709042402021e-02 2.063583773575807800e+00
6.583000000000000185e+00 1.081603036761233511e-01 7.270308584069461177e-02 2.063186153180301741e+00
6.585000000000000853e+00 1.081087634533215852e-01 7.273246995844946661e-02 2.062352620304134465e+00
6.587000000000000632e+00 1.080574842968942684e-01 7.274921008688037261e-02 2.061878057794211738e+00
6.589000000000000412e+00 1.080064653737476399e-01 7.275101308150723478e-02 2.061826958092613626e+00
6.591000000000000192e+00 1.079557058498338828e-01 7.274221934725928762e-02 2.062076210294394141e+00
6.593000000000000860e+00 1.079052048901837507e-01 7.271437596311650098e-02 2.062865809040095311e+00
6.595000000000000639e+00 1.078549616589390969e-01 7.267001844986785419e-02 2.064124974778684063e+00
6.597000000000000419e+00 1.078049753193850713e-01 7.261204756401172522e-02 2.065772899018806896e+00
6.599000000000000199e+00 1.077552450339823720e-01 7.254153865277009061e-02 2.067780788576808693e+00
6.601000000000000867e+00 1.077057699643990674e-01 7.248910843309422369e-02 2.069276381546981458e+00
6.603000000000000647e+00 1.076565492715425704e-01 7.245438218613176051e-02 2.070268153203726591e+00
6.605000000000000426e+00 1.076075821155910994e-01 7.243265414614706577e-02 2.070889183452336635e+00
6.607000000000000206e+00 1.075588676560251811e-01 7.242661700065040897e-02 2.071061803130373580e+00
6.609000000000000874e+00 1.075104050516589166e-01 7.243321680477865510e-02 2.070873096859395801e+00
6.611000000000000654e+00 1.074621934606711376e-01 7.245929417361271496e-02 2.070127810527652823e+00
6.613000000000000433e+00 1.074142320406362289e-01 7.251151557826425453e-02 2.068636944129234934e+00
6.615000000000000213e+00 1.073665199485549365e-01 7.259456508101634620e-02 2.066270385842222890e+00
6.617000000000000881e+00 1.073190563408849552e-01 7.266289298226009941e-02 2.064327386973443978e+00
6.619000000000000661e+00 1.072718403735713061e-01 7.269225472831958301e-02 2.063493566964056836e+00
6.621000000000000441e+00 1.072248712020765771e-01 7.270063851398154975e-02 2.063255606361042993e+00
6.623000000000000220e+00 1.071781479814109400e-01 7.269924116453614638e-02 2.063295264121304040e+00
6.625000000000000888e+00 1.071316698661620437e-01 7.268521822106152608e-02 2.063693329554253886e+00
6.627000000000000668e+00 1.070854360105247677e-01 7.265339492928864218e-02 2.064597258613867670e+00
6.629000000000000448e+00 1.070394455683306573e-01 7.260853572754399909e-02 2.065872813671101316e+00
6.631000000000000227e+00 1.069936976930772887e-01 7.255010009966600393e-02 2.067536775193099086e+00
6.633000000000000895e+00 1.069481915379574405e-01 7.247823703434376486e-02 2.069586763388334028e+00
6.635000000000000675e+00 1.069029262558881949e-01 7.242398068151492674e-02 2.071137192246119252e+00
6.637000000000000455e+00 1.068579009995395401e-01 7.238738210151346442e-02 2.072184345465696964e+00
6.639000000000000234e+00 1.068131149213631531e-01 7.236104814170564448e-02 2.072938464161725669e+00
6.641000000000000902e+00 1.067685671736207931e-01 7.234662591716083113e-02 2.073351702286085008e+00
6.643000000000000682e+00 1.067242569084126957e-01 7.234455933254910209e-02 2.073410929362207611e+00
6.645000000000000462e+00 1.066801832777054815e-01 7.235200022637902628e-02 2.073197693645946416e+00
6.647000000000000242e+00 1.066363454333602301e-01 7.237265914754861806e-02 2.072605895192960457e+00
6.649000000000000909e+00 1.065927425271601531e-01 7.239070887439269519e-02 2.072089116578061496e+00
6.651000000000000689e+00 1.065493737108382244e-01 7.239540436610947260e-02 2.071954723001998122e+00
6.653000000000000469e+00 1.065062381361044641e-01 7.239363847000279684e-02 2.072005264138704117e+00
6.655000000000000249e+00 1.064633349546732222e-01 7.238188004196594028e-02 2.072341861154093134e+00
6.657000000000000917e+00 1.064206633182901846e-01 7.235612893627726971e-02 2.073079395003321501e+00
6.659000000000000696e+00 1.063782223787592685e-01 7.232313562582272370e-02 2.074025119376088355e+00
6.661000000000000476e+00 1.063360112879691705e-01 7.229822062690231810e-02 2.074739858039945872e+00
6.663000000000000256e+00 1.062940291979199564e-01 7.228586788125652973e-02 2.075094404986655316e+00
6.665000000000000036e+00 1.062522752607493598e-01 7.228538959743470438e-02 2.075108135065280912e+00
6.667000000000000703e+00 1.062107486287588443e-01 7.229657072684518571e-02 2.074787206252674210e+00
6.669000000000000483e+00 1.061694484544396799e-01 7.232550171679530404e-02 2.073957268728731762e+00
6.671000000000000263e+00 1.061283738904985896e-01 7.236701545326180984e-02 2.072767531733810564e+00
6.673000000000000043e+00 1.060875240898833810e-01 7.238726096585054726e-02 2.072187813139719115e+00
6.675000000000000711e+00 1.060468982058083570e-01 7.239143028314574957e-02 2.072068467404257763e+00
6.677000000000000490e+00 1.060064953917795733e-01 7.238728517792743233e-02 2.072187120034976626e+00
6.679000000000000270e+00 1.059663148016198736e-01 7.236905073584276593e-02 2.072709237924387438e+00
6.681000000000000050e+00 1.059263555894937175e-01 7.233606056398453332e-02 2.073654534550138706e+00
6.683000000000000718e+00 1.058866169099318827e-01 7.229137538434132759e-02 2.074936314359994149e+00
6.685000000000000497e+00 1.058470979178561117e-01 7.223135601690514052e-02 2.076660445982680514e+00
6.687000000000000277e+00 1.058077977686031901e-01 7.217267235402047287e-02 2.078348980403855517e+00
6.689000000000000057e+00 1.057687156179493437e-01 7.213565476806942101e-02 2.079415519028419812e+00
6.691000000000000725e+00 1.057298506221339973e-01 7.211122687949225729e-02 2.080119927104701283e+00
6.693000000000000504e+00 1.056912019378837969e-01 7.209802594362206551e-02 2.080500790927262589e+00
6.695000000000000284e+00 1.056527687224360079e-01 7.209665508348633844e-02 2.080540349982995529e+00
6.697000000000000064e+00 1.056145501335620518e-01 7.210635340794926962e-02 2.080260516730879861e+00
6.699000000000000732e+00 1.055765453295907236e-01 7.213433499763477474e-02 2.079453564033249435e+00
6.701000000000000512e+00 1.055387534694313678e-01 7.218553536414125393e-02 2.077978631637519058e+00
6.703000000000000291e+00 1.055011737125965965e-01 7.224212370812942152e-02 2.076350919666007488e+00
6.705000000000000071e+00 1.054638052192251457e-01 7.226727359754038515e-02 2.075628324313942841e+00
6.707000000000000739e+00 1.054266471501043301e-01 7.227389468792044802e-02 2.075438173737582659e+00
6.709000000000000519e+00 1.053896986666924968e-01 7.227184740185101097e-02 2.075496965864999321e+00
6.711000000000000298e+00 1.053529589311410775e-01 7.225793602041663544e-02 2.075896548686599452e+00
6.713000000000000078e+00 1.053164271063166679e-01 7.222957461059810458e-02 2.076711662898133692e+00
6.715000000000000746e+00 1.052801023558228438e-01 7.218976152475960195e-02 2.077856981818025250e+00
6.717000000000000526e+00 1.052439838440218239e-01 7.213535509395892220e-02 2.079424157607868473e+00
6.719000000000000306e+00 1.052080707360558420e-01 7.206998069662172435e-02 2.081310395120325563e+00
6.721000000000000085e+00 1.051723621978685463e-01 7.202641386035135707e-02 2.082569323676561002e+00
6.723000000000000753e+00 1.051368573962260522e-01 7.199932802540361110e-02 2.083352777224189101e+00
6.725000000000000533e+00 1.051015554987378836e-01 7.198252258949100479e-02 2.083839168230248173e+00
6.727000000000000313e+00 1.050664556738777344e-01 7.197722594737629431e-02 2.083992513266173852e+00
6.729000000000000092e+00 1.050315570910040214e-01 7.198164022464118017e-02 2.083864712333286295e+00
6.731000000000000760e+00 1.049968589203803260e-01 7.200125036257012945e-02 2.083297154489105019e+00
6.733000000000000540e+00 1.049623603331956007e-01 7.204232164866294919e-02 2.082109467980809647e+00
6.735000000000000320e+00 1.049280605015842222e-01 7.211010215827813596e-02 2.080152371310712400e+00
6.737000000000000099e+00 1.048939585986458367e-01 7.216869341903428547e-02 2.078463567700366887e+00
6.739000000000000767e+00 1.048600537984650943e-01 7.219292245702370325e-02 2.077766003853005028e+00
6.741000000000000547e+00 1.048263452761311609e-01 7.219884419366662254e-02 2.077595585846763182e+00
6.743000000000000327e+00 1.047928322077570501e-01 7.219627183583177121e-02 2.077669610711856851e+00
6.745000000000000107e+00 1.047595137704988161e-01 7.218172794650909441e-02 2.078088240159044364e+00
6.747000000000000774e+00 1.047263891425744831e-01 7.215374575391657330e-02 2.078894150715076883e+00
6.749000000000000554e+00 1.046934575032830300e-01 7.211391056996151183e-02 2.080042516269826613e+00
6.751000000000000334e+00 1.046607180330228343e-01 7.205726246642683852e-02 2.081677749968485092e+00
6.753000000000000114e+00 1.046281699133102955e-01 7.197884430945448997e-02 2.083945657075482405e+00
6.755000000000000782e+00 1.045958123267980433e-01 7.191507724187143347e-02 2.085793490779494608e+00
6.757000000000000561e+00 1.045636444572931589e-01 7.187855783461585824e-02 2.086853221862525753e+00
6.759000000000000341e+00 1.045316654897750497e-01 7.185631254557775516e-02 2.087499270225652737e+00
6.761000000000000121e+00 1.044998746104132681e-01 7.184381915397211604e-02 2.087862279126996512e+00
6.763000000000000789e+00 1.044682710065851089e-01 7.184176697624135299e-02 2.087921919426149131e+00
6.765000000000000568e+00 1.044368538668930813e-01 7.184947308485474526e-02 2.087697982459090884e+00
6.767000000000000348e+00 1.044056223811821310e-01 7.187417766673324937e-02 2.086980399212651438e+00
6.769000000000000128e+00 1.043745757405567798e-01 7.192180993481861462e-02 2.085598236973488007e+00
6.771000000000000796e+00 1.043437131373979865e-01 7.199896910375279402e-02 2.083363162934253054e+00
6.773000000000000576e+00 1.043130337653800227e-01 7.206828021732493428e-02 2.081359504454229903e+00
6.775000000000000355e+00 1.042825368194869595e-01 7.209892331421917377e-02 2.080474896223829528e+00
6.777000000000000135e+00 1.042522214960290711e-01 7.210821597263861182e-02 2.080206783328509168e+00
6.779000000000000803e+00 1.042220869926591964e-01 7.210789872138190226e-02 2.080215935560482787e+00
6.781000000000000583e+00 1.041921325083886990e-01 7.209826298673380207e-02 2.080493950701700623e+00
6.783000000000000362e+00 1.041623572436034678e-01 7.207587173579227402e-02 2.081140281589008545e+00
6.785000000000000142e+00 1.041327604000795992e-01 7.204264391642023480e-02 2.082100154097918043e+00
6.787000000000000810e+00 1.041033411809990095e-01 7.199522747759953822e-02 2.083471436306951308e+00
6.789000000000000590e+00 1.040740987909648529e-01 7.192669130376647124e-02 2.085456695992148113e+00
6.791000000000000369e+00 1.040450324360167184e-01 7.184906979650040881e-02 2.087709700694080794e+00
6.793000000000000149e+00 1.040161413236457971e-01 7.180217128791659131e-02 2.089073315046715340e+00
6.795000000000000817e+00 1.039874246628096632e-01 7.177465347877158564e-02 2.089874248495880327e+00
6.797000000000000597e+00 1.039588816639471780e-01 7.175742454035838325e-02 2.090376026743208993e+00
6.799000000000000377e+00 1.039305115389929646e-01 7.174911476745286787e-02 2.090618127988996822e+00
6.801000000000000156e+00 1.039023135013918270e-01 7.174932243813719746e-02 2.090612076920045137e+00
6.803000000000000824e+00 1.038742867661130859e-01 7.175939501080497163e-02 2.090318626256731260e+00
6.805000000000000604e+00 1.038464305496646228e-01 7.178523133417208379e-02 2.089566296745987817e+00
6.807000000000000384e+00 1.038187440701067998e-01 7.183150885510458661e-02 2.088220091583674165e+00
6.809000000000000163e+00 1.037912265470662398e-01 7.189466182739093214e-02 2.086385778684502146e+00
6.811000000000000831e+00 1.037638772017494410e-01 7.193204125534440052e-02 2.085301589976154002e+00
6.813000000000000611e+00 1.037366952569562517e-01 7.194655187876279612e-02 2.084881013516327375e+00
6.815000000000000391e+00 1.037096799370930966e-01 7.194965348705288644e-02 2.084791138389457732e+00
6.817000000000000171e+00 1.036828304681861324e-01 7.194706233337823387e-02 2.084866221569283695e+00
6.819000000000000838e+00 1.036561460778942234e-01 7.193521968386884513e-02 2.085209451770630107e+00
6.821000000000000618e+00 1.036296259955217652e-01 7.191361539478280385e-02 2.085835890415852933e+00
6.823000000000000398e+00 1.036032694520312714e-01 7.188437318432673584e-02 2.086684398226138271e+00
6.825000000000000178e+00 1.035770756800559467e-01 7.184519677076967037e-02 2.087822244799359073e+00
6.827000000000000846e+00 1.035510439139119276e-01 7.180264939400769764e-02 2.089059404714922241e+00
6.829000000000000625e+00 1.035251733896105780e-01 7.177464441538727868e-02 2.089874512395947459e+00
6.831000000000000405e+00 1.034994633448704238e-01 7.175556311404499010e-02 2.090430253631999413e+00
6.833000000000000185e+00 1.034739130191290185e-01 7.174221626989586709e-02 2.090819155010441133e+00
6.835000000000000853e+00 1.034485216535547120e-01 7.173602321807671933e-02 2.090999657787017796e+00
6.837000000000000632e+00 1.034232884910581546e-01 7.173605491821000157e-02 2.090998733775125906e+00
6.839000000000000412e+00 1.033982127763037467e-01 7.174167542132901809e-02 2.090834917348536770e+00
6.841000000000000192e+00 1.033732937557208381e-01 7.174789918762426721e-02 2.090653548025743103e+00
6.843000000000000860e+00 1.033485306775148299e-01 7.174825723735787919e-02 2.090643114908970812e+00
6.845000000000000639e+00 1.033239227916782216e-01 7.174328109573337164e-02 2.090788122721092268e+00
6.847000000000000419e+00 1.032994693500012412e-01 7.172929786754821124e-02 2.091195710251933626e+00
6.849000000000000199e+00 1.032751696060826008e-01 7.170813515973956109e-02 2.091812869848793444e+00
6.851000000000000867e+00 1.032510228153399462e-01 7.168314326542515880e-02 2.092542167753256077e+00
6.853000000000000647e+00 1.032270282350202378e-01 7.166413875096833141e-02 2.093097086134635187e+00
6.855000000000000426e+00 1.032031851242098813e-01 7.165191558225797452e-02 2.093454149565571409e+00
6.857000000000000206e+00 1.031794927438448584e-01 7.164728675676786118e-02 2.093589398705749005e+00
6.859000000000000874e+00 1.031559503567204966e-01 7.164925861102716675e-02 2.093531781177624840e+00
6.861000000000000654e+00 1.031325572275013785e-01 7.166095755916417065e-02 2.093190003443062164e+00
6.863000000000000433e+00 1.031093126227308338e-01 7.168726851504053643e-02 2.092421752246409472e+00
6.865000000000000213e+00 1.030862158108403898e-01 7.173289242547348232e-02 2.091090919773543444e+00
6.867000000000000881e+00 1.030632660621591673e-01 7.178700304250928976e-02 2.089514726101272313e+00
6.869000000000000661e+00 1.030404626489229841e-01 7.181315883820303669e-02 2.088753682844588511e+00
6.871000000000000441e+00 1.030178048452833894e-01 7.182147081561021662e-02 2.088511949095281928e+00
6.873000000000000220e+00 1.029952919273165457e-01 7.182161332954474509e-02 2.088507804910246346e+00
6.875000000000000888e+00 1.029729231730319716e-01 7.181480887504333721e-02 2.088705691064327574e+00
6.877000000000000668e+00 1.029506978623811325e-01 7.179821909606474983e-02 2.089188309800590559e+00
6.879000000000000448e+00 1.029286152772659058e-01 7.177302670700040632e-02 2.089921616547483652e+00
6.881000000000000227e+00 1.029066747015468380e-01 7.173632382122722972e-02 2.090990895683646045e+00
6.883000000000000895e+00 1.028848754210513888e-01 7.168224614291866803e-02 2.092568356478853975e+00
6.885000000000000675e+00 1.028632167235819656e-01 7.161709499606674911e-02 2.094471997338597458e+00
6.887000000000000455e+00 1.028416978989237091e-01 7.157669312973433118e-02 2.095654233817727530e+00
6.889000000000000234e+00 1.028203182388523762e-01 7.155411188936496025e-02 2.096315586055011781e+00
6.891000000000000902e+00 1.027990770371418894e-01 7.154066479760246011e-02 2.096709618569646771e+00
6.893000000000000682e+00 1.027779735895718444e-01 7.153410431655521373e-02 2.096901910398077717e+00
6.895000000000000462e+00 1.027570071939348240e-01 7.153415915997342334e-02 2.096900302756780299e+00
6.897000000000000242e+00 1.027361771500436421e-01 7.154203460026069272e-02 2.096669473242146253e+00
6.899000000000000909e+00 1.027154827597383802e-01 7.156285279618021522e-02 2.096059535625534487e+00
6.901000000000000689e+00 1.026949233268933670e-01 7.160083759402260939e-02 2.094947559838634010e+00
6.903000000000000469e+00 1.026744981574239657e-01 7.165684649388283367e-02 2.093310093025166907e+00
6.905000000000000249e+00 1.026542065592932484e-01 7.169503939706202422e-02 2.092194958834861840e+00
6.907000000000000917e+00 1.026340478425184916e-01 7.171057932421971703e-02 2.091741573050416303e+00
6.909000000000000696e+00 1.026140213191777256e-01 7.171464360255518089e-02 2.091623027945376467e+00
6.911000000000000476e+00 1.025941263034158141e-01 7.171356855901427074e-02 2.091654383041370302e+00
6.913000000000000256e+00 1.025743621114507814e-01 7.170594633909943560e-02 2.091876722338281258e+00
6.915000000000000036e+00 1.025547280615797252e-01 7.169051573408255496e-02 2.092326976086854362e+00
6.917000000000000703e+00 1.025352234741847418e-01 7.166879515053020677e-02 2.092961095340672539e+00
6.919000000000000483e+00 1.025158476717386996e-01 7.163898327364420782e-02 2.093832061058641614e+00
6.921000000000000263e+00 1.024965999788108456e-01 7.160505189381111135e-02 2.094824262154673988e+00
6.923000000000000043e+00 1.024774797220723566e-01 7.158327986070808779e-02 2.095461402325805800e+00
6.925000000000000711e+00 1.024584862303016541e-01 7.156938473290505587e-02 2.095868234159002697e+00
6.927000000000000490e+00 1.024396188343897618e-01 7.156053988864756465e-02 2.096127282345952914e+00
6.929000000000000270e+00 1.024208768673453424e-01 7.155753103255743652e-02 2.096215420453126033e+00
6.931000000000000050e+00 1.024022596642997635e-01 7.155922404400227865e-02 2.096165826333777904e+00
6.933000000000000718e+00 1.023837665625119409e-01 7.156738176856389244e-02 2.095926891458362196e+00
6.935000000000000497e+00 1.023653969013731818e-01 7.158040709992315176e-02 2.095545500189828214e+00
6.937000000000000277e+00 1.023471500224117231e-01 7.158548872763989546e-02 2.095396744034289771e+00
6.939000000000000057e+00 1.023290252692973523e-01 7.158532360097086267e-02 2.095401577509466762e+00
6.941000000000000725e+00 1.023110219878457100e-01 7.157995977477586702e-02 2.095558595897097032e+00
6.943000000000000504e+00 1.022931395260226750e-01 7.156721918538225258e-02 2.095931652890570707e+00
6.945000000000000284e+00 1.022753772339484446e-01 7.154844735263271582e-02 2.096481552712276208e+00
6.947000000000000064e+00 1.022577344639016422e-01 7.152226483296880710e-02 2.097249022389125805e+00
6.949000000000000732e+00 1.022402105703231756e-01 7.148934223682457123e-02 2.098214857021500457e+00
6.951000000000000512e+00 1.022228049098201363e-01 7.146718522627244774e-02 2.098865367722047459e+00
6.953000000000000291e+00 1.022055168411694082e-01 7.145430884856671105e-02 2.099243592403858383e+00
6.955000000000000071e+00 1.021883457253213029e-01 7.144709126189302539e-02 2.099455658036059269e+00
6.957000000000000739e+00 1.021712909254030022e-01 7.144570745611117379e-02 2.099496321624982453e+00
6.959000000000000519e+00 1.021543518067219575e-01 7.144993553136093356e-02 2.099372083186299420e+00
6.961000000000000298e+00 1.021375277367690265e-01 7.146437836731461823e-02 2.098947803464066730e+00
6.963000000000000078e+00 1.021208180852216929e-01 7.149327037318838063e-02 2.098099572407495117e+00
6.965000000000000746e+00 1.021042222239470776e-01 7.154189952334223668e-02 2.096673431924447772e+00
6.967000000000000526e+00 1.020877395270047838e-01 7.160066675614810972e-02 2.094952558344996163e+00
6.969000000000000306e+00 1.020713693706497283e-01 7.163076671239616833e-02 2.094072238571216271e+00
6.971000000000000085e+00 1.020551111333348471e-01 7.164162122801981392e-02 2.093754962950689968e+00
6.973000000000000753e+00 1.020389641957136356e-01 7.164320282432390385e-02 2.093708741188114786e+00
6.975000000000000533e+00 1.020229279406426187e-01 7.163982277443309288e-02 2.093807524793768415e+00
6.977000000000000313e+00 1.020070017531837653e-01 7.162900390485740787e-02 2.094123774208005884e+00
6.979000000000000092e+00 1.019911850206066395e-01 7.161118065075146311e-02 2.094644979134636653e+00
6.981000000000000760e+00 1.019754771323906767e-01 7.158418502622233837e-02 2.095434905699530947e+00
6.983000000000000540e+00 1.019598774802271401e-01 7.154303442445604511e-02 2.096640171984716083e+00
6.985000000000000320e+00 1.019443854580210640e-01 7.148493625942110852e-02 2.098344180592750519e+00
6.987000000000000099e+00 1.019290004618931544e-01 7.144033027056923002e-02 2.099654346947979366e+00
6.989000000000000767e+00 1.019137218901814412e-01 7.141694393099058680e-02 2.100341904085721634e+00
6.991000000000000547e+00 1.018985491434429846e-01 7.140444541283437474e-02 2.100709544521421446e+00
6.993000000000000327e+00 1.018834816244553465e-01 7.139779408185976950e-02 2.100905244047461373e+00
6.995000000000000107e+00 1.018685187382180474e-01 7.139649404956410761e-02 2.100943498652309227e+00
6.997000000000000774e+00 1.018536598919539127e-01 7.140047714907712950e-02 2.100826296816124206e+00
6.999000000000000554e+00 1.018389044951102662e-01 7.141420499548103984e-02 2.100422458101882217e+00
7.001000000000000334e+00 1.018242519593600820e-01 7.144173655378799337e-02 2.099613016644213737e+00
7.003000000000000114e+00 1.018097016986030390e-01 7.148781007700573398e-02 2.098259826933038585e+00
7.005000000000000782e+00 1.017952531289664092e-01 7.153386531031993845e-02 2.096908916487139951e+00
7.007000000000000561e+00 1.017809056688059599e-01 7.155475659560725510e-02 2.096296698313532936e+00
7.009000000000000341e+00 1.017666587387066335e-01 7.156124143801606552e-02 2.096106732999104327e+00
7.011000000000000121e+00 1.017525117614832553e-01 7.156136766535106664e-02 2.096103035669449888e+00
7.013000000000000789e+00 1.017384641621810748e-01 7.155653802155122201e-02 2.096244510247594395e+00
7.015000000000000568e+00 1.017245153680762099e-01 7.154516831036523972e-02 2.096577638189278670e+00
7.017000000000000348e+00 1.017106648086760490e-01 7.152738451427734234e-02 2.097098908601348288e+00
7.019000000000000128e+00 1.016969119157195151e-01 7.150019296636847543e-02 2.097896436035570744e+00
7.021000000000000796e+00 1.016832561231772181e-01 7.145888095002322915e-02 2.099109278032309067e+00
7.023000000000000576e+00 1.016696968672516355e-01 7.140902135388442484e-02 2.100574929554618109e+00
7.025000000000000355e+00 1.016562335863770566e-01 7.137925066762999815e-02 2.101451032295915677e+00
7.027000000000000135e+00 1.016428657212194997e-01 7.136360619200296518e-02 2.101911716686888365e+00
7.029000000000000803e+00 1.016295927146765865e-01 7.135507323609917296e-02 2.102163072605657934e+00
7.031000000000000583e+00 1.016164140118772652e-01 7.135119485335782163e-02 2.102277338288202735e+00
7.033000000000000362e+00 1.016033290601814493e-01 7.135158505427664777e-02 2.102265841549225023e+00
7.035000000000000142e+00 1.015903373091796014e-01 7.135774771716760223e-02 2.102084283749222848e+00
7.037000000000000810e+00 1.015774382106922058e-01 7.137355977715895139e-02 2.101618589129180315e+00
7.039000000000000590e+00 1.015646312187692413e-01 7.140249583710588099e-02 2.100766902353141230e+00
7.041000000000000369e+00 1.015519157896893759e-01 7.144619671873132793e-02 2.099481944301647030e+00
7.043000000000000149e+00 1.015392913819592874e-01 7.147754636126218974e-02 2.098561123543178475e+00
7.045000000000000817e+00 1.015267574563127884e-01 7.149042000707984956e-02 2.098183224901255084e+00
7.047000000000000597e+00 1.015143134757099108e-01 7.149390753453180314e-02 2.098080873919913714e+00
7.049000000000000377e+00 1.015019589053358651e-01 7.149334377298639798e-02 2.098097418359625710e+00
7.051000000000000156e+00 1.014896932125999712e-01 7.148837184710830905e-02 2.098243338382415057e+00
7.053000000000000824e+00 1.014775158671344657e-01 7.147818814417962463e-02 2.098542281142226962e+00
7.055000000000000604e+00 1.014654263407932799e-01 7.146319878094280209e-02 2.098982449131576278e+00
7.057000000000000384e+00 1.014534241076506804e-01 7.144138185774441541e-02 2.099623440916682515e+00
7.059000000000000163e+00 1.014415086439998809e-01 7.141040410479229661e-02 2.100534255202927802e+00
7.061000000000000831e+00 1.014296794283515435e-01 7.138354194744984949e-02 2.101324701853894084e+00
7.063000000000000611e+00 1.014179359414322662e-01 7.136808437386453485e-02 2.101779826598946688e+00
7.065000000000000391e+00 1.014062776661828480e-01 7.135870240477745763e-02 2.102056160566584175e+00
7.067000000000000171e+00 1.013947040877566930e-01 7.135269010853706462e-02 2.102233283311810030e+00
7.069000000000000838e+00 1.013832146935179229e-01 7.135019299143738336e-02 2.102306857361987191e+00
7.071000000000000618e+00 1.013718089730396288e-01 7.135071651472708887e-02 2.102291432056458298e+00
7.073000000000000398e+00 1.013604864181018306e-01 7.135495254891334460e-02 2.102166628128243619e+00
7.075000000000000178e+00 1.013492465226895484e-01 7.136429814484875067e-02 2.101891336415075084e+00
7.077000000000000846e+00 1.013380887829906790e-01 7.137367870075560228e-02 2.101615087389519854e+00
7.079000000000000625e+00 1.013270126973939422e-01 7.137721837393472268e-02 2.101510866032521907e+00
7.081000000000000405e+00 1.013160177664865075e-01 7.137776219392689969e-02 2.101494854832568482e+00
7.083000000000000185e+00 1.013051034930518984e-01 7.137654667132299624e-02 2.101530642701513685e+00
7.085000000000000853e+00 1.012942693820674672e-01 7.137211250921868255e-02 2.101661205286945222e+00
7.087000000000000632e+00 1.012835149407021046e-01 7.136455242678066413e-02 2.101883847080783241e+00
7.089000000000000412e+00 1.012728396783136864e-01 7.135772517231939172e-02 2.102084947884339083e+00
7.091000000000000192e+00 1.012622431064465339e-01 7.135416214003463542e-02 2.102189914382577740e+00
7.093000000000000860e+00 1.012517247388287911e-01 7.135382205536647260e-02 2.102199933783625685e+00
7.095000000000000639e+00 1.012412840913697737e-01 7.135664068739928922e-02 2.102116895568602040e+00
7.097000000000000419e+00 1.012309206821571383e-01 7.136482107922452467e-02 2.101875934551561187e+00
7.099000000000000199e+00 1.012206340314541625e-01 7.137969017605962085e-02 2.101438092964841964e+00
7.101000000000000867e+00 1.012104236616968023e-01 7.139221970380761617e-02 2.101069284892957523e+00
7.103000000000000647e+00 1.012002890974908059e-01 7.139643549847352055e-02 2.100945221602933621e+00
7.105000000000000426e+00 1.011902298656086469e-01 7.139667399790211588e-02 2.100938203429581819e+00
7.107000000000000206e+00 1.011802454949865537e-01 7.139391062118015385e-02 2.101019522461907041e+00
7.109000000000000874e+00 1.011703355167212631e-01 7.138674489297983095e-02 2.101230420645654018e+00
7.111000000000000654e+00 1.011604994640669664e-01 7.137569360058811097e-02 2.101555759855537886e+00
7.113000000000000433e+00 1.011507368724319789e-01 7.135952966521012797e-02 2.102031791741606703e+00
7.115000000000000213e+00 1.011410472793755067e-01 7.133585095932054587e-02 2.102729524955662121e+00
7.117000000000000881e+00 1.011314302246041769e-01 7.131380430846841201e-02 2.103379583441851164e+00
7.119000000000000661e+00 1.011218852499687904e-01 7.130174438550389293e-02 2.103735347469226191e+00
7.121000000000000441e+00 1.011124118994606996e-01 7.129509890383953219e-02 2.103931438573569235e+00
7.123000000000000220e+00 1.011030097192083393e-01 7.129179223784330721e-02 2.104029023419284883e+00
7.125000000000000888e+00 1.010936782574736598e-01 7.129162651255376015e-02 2.104033914468011801e+00
7.127000000000000668e+00 1.010844170646484769e-01 7.129514954392342230e-02 2.103929944176471611e+00
7.129000000000000448e+00 1.010752256932507392e-01 7.130518100087859801e-02 2.103633956109749459e+00
7.131000000000000227e+00 1.010661036979208505e-01 7.132413835958752168e-02 2.103074827820008430e+00
7.133000000000000895e+00 1.010570506354178111e-01 7.135054089781477094e-02 2.102296606480162033e+00
7.135000000000000675e+00 1.010480660646154161e-01 7.136526877861844309e-02 2.101862748745662923e+00
7.137000000000000455e+00 1.010391495464983275e-01 7.136998129952813741e-02 2.101723963895612002e+00
7.139000000000000234e+00 1.010303006441581192e-01 7.137023677831885737e-02 2.101716440508820227e+00
7.141000000000000902e+00 1.010215189227892663e-01 7.136739954619487902e-02 2.101799994868911892e+00
7.143000000000000682e+00 1.010128039496851482e-01 7.136036434262153783e-02 2.102007205005387291e+00
7.145000000000000462e+00 1.010041552942338439e-01 7.134914711843863555e-02 2.102337674072010998e+00
7.147000000000000242e+00 1.009955725279140792e-01 7.133178164240283614e-02 2.102849480922444947e+00
7.149000000000000909e+00 1.009870552242909669e-01 7.130523735295488108e-02 2.103632293621192417e+00
7.151000000000000689e+00 1.009786029590118289e-01 7.127867472491787593e-02 2.104416230785536968e+00
7.153000000000000469e+00 1.009702153098018251e-01 7.126466306549140983e-02 2.104829989333587559e+00
7.155000000000000249e+00 1.009618918564596235e-01 7.125766579406077328e-02 2.105036676804845186e+00
7.157000000000000917e+00 1.009536321808530840e-01 7.125429192403476275e-02 2.105136349680061247e+00
7.159000000000000696e+00 1.009454358669147900e-01 7.125392296026446248e-02 2.105147250399800996e+00
7.161000000000000476e+00 1.009373025006375518e-01 7.125701588945433651e-02 2.105055875939357168e+00
7.163000000000000256e+00 1.009292316700699244e-01 7.126671103388043660e-02 2.104769503516017437e+00
7.165000000000000924e+00 1.009212229653116133e-01 7.128588859631401764e-02 2.104203271554029087e+00
7.167000000000000703e+00 1.009132759785089234e-01 7.131709675711184193e-02 2.103282478125299892e+00
7.169000000000000483e+00 1.009053903038500954e-01 7.134168305097313145e-02 2.102557629497275204e+00
7.171000000000000263e+00 1.008975655375605740e-01 7.135091062304603493e-02 2.102285712826637010e+00
7.173000000000000043e+00 1.008898012778983583e-01 7.135259390583781336e-02 2.102236117693929263e+00
7.175000000000000711e+00 1.008820971251491588e-01 7.135092289511972552e-02 2.102285351241893085e+00
7.177000000000000490e+00 1.008744526816216791e-01 7.134507135078684004e-02 2.102457775429019904e+00
7.179000000000000270e+00 1.008668675516426888e-01 7.133432744431111860e-02 2.102774433768947571e+00
7.181000000000000050e+00 1.008593413415521944e-01 7.131595093311904332e-02 2.103316271287916983e+00
7.183000000000000718e+00 1.008518736596984849e-01 7.128532333518662611e-02 2.104219956956547843e+00
7.185000000000000497e+00 1.008444641164332051e-01 7.123682681790692584e-02 2.105652465169802312e+00
7.187000000000000277e+00 1.008371123241063455e-01 7.116924551152115086e-02 2.107651962893402064e+00
7.189000000000000057e+00 1.008298178970612052e-01 7.112233543236652633e-02 2.109042104538901619e+00
7.191000000000000725e+00 1.008225804516293123e-01 7.110016729526121015e-02 2.109699677317038002e+00
7.193000000000000504e+00 1.008153996061253721e-01 7.109064026661837676e-02 2.109982403273340967e+00
7.195000000000000284e+00 1.008082749808420914e-01 7.108688821241442024e-02 2.110093770763824317e+00
7.197000000000000064e+00 1.008012061980450291e-01 7.108638702778950769e-02 2.110108647684698191e+00
7.199000000000000732e+00 1.007941928819673510e-01 7.108967875725538677e-02 2.110010941422225006e+00
7.201000000000000512e+00 1.007872346588046530e-01 7.110097527581134280e-02 2.109675703014304737e+00
7.203000000000000291e+00 1.007803311567096460e-01 7.112467780635757519e-02 2.108972646714640575e+00
7.205000000000000071e+00 1.007734820057868963e-01 7.116651100818557896e-02 2.107732947351416364e+00
7.207000000000000739e+00 1.007666868380874409e-01 7.123411409153587726e-02 2.105732652297042762e+00
7.209000000000000519e+00 1.007599452876035001e-01 7.133433395527540022e-02 2.102774241840482006e+00
7.211000000000000298e+00 1.007532569902629821e-01 7.141639297388430174e-02 2.100358107624566095e+00
7.213000000000000078e+00 1.007466215839241674e-01 7.145590813224077242e-02 2.099196608381221907e+00
7.215000000000000746e+00 1.007400387083701720e-01 7.147191437983679840e-02 2.098726490000343947e+00
7.217000000000000526e+00 1.007335080053035625e-01 7.147616207261324461e-02 2.098601766664719648e+00
7.219000000000000306e+00 1.007270291183407218e-01 7.147573344678227747e-02 2.098614351564275449e+00
7.221000000000000085e+00 1.007206016930064091e-01 7.147165838454917763e-02 2.098734007163141069e+00
7.223000000000000753e+00 1.007142253767281809e-01 7.146291583385790125e-02 2.098990759749164603e+00
7.225000000000000533e+00 1.007078998188307845e-01 7.144698237106712757e-02 2.099458857771764553e+00
7.227000000000000313e+00 1.007016246705305373e-01 7.141932408585692504e-02 2.100271907077657207e+00
7.229000000000000092e+00 1.006953995849297068e-01 7.137424542467844801e-02 2.101598400200190397e+00
7.231000000000000760e+00 1.006892242170108059e-01 7.130522873824840513e-02 2.103632547770503347e+00
7.233000000000000540e+00 1.006830982236309735e-01 7.123767543558348625e-02 2.105627381618272675e+00
7.235000000000000320e+00 1.006770212635162004e-01 7.120262350602975243e-02 2.106663948798141117e+00
7.237000000000000099e+00 1.006709929972555706e-01 7.118645635904280455e-02 2.107142392977755296e+00
7.239000000000000767e+00 1.006650130872955712e-01 7.117969566630784339e-02 2.107342530701503236e+00
7.241000000000000547e+00 1.006590811979342637e-01 7.117714277278287816e-02 2.107418114251108143e+00
7.243000000000000327e+00 1.006531969953154693e-01 7.117714241966785482e-02 2.107418124706164075e+00
7.245000000000000107e+00 1.006473601474229679e-01 7.118081598247584518e-02 2.107309363198770047e+00
7.247000000000000774e+00 1.006415703240746140e-01 7.119158066628669679e-02 2.106990722725076370e+00
7.249000000000000554e+00 1.006358271969165358e-01 7.121287285255695210e-02 2.106360746189361421e+00
7.251000000000000334e+00 1.006301304394171398e-01 7.124900063752620527e-02 2.105292687024670428e+00
7.253000000000000114e+00 1.006244797268612823e-01 7.129428447374532019e-02 2.103955472829504014e+00
7.255000000000000782e+00 1.006188747363443159e-01 7.131836814997211116e-02 2.103244982899382887e+00
7.257000000000000561e+00 1.006133151467661219e-01 7.132733303038042705e-02 2.102980633470629801e+00
7.259000000000000341e+00 1.006078006388251705e-01 7.132907933971467662e-02 2.102929147390282250e+00
7.261000000000000121e+00 1.006023308950124984e-01 7.132787784171944201e-02 2.102964570638963693e+00
7.263000000000000789e+00 1.005969055996057682e-01 7.132337648986154799e-02 2.103097292671248564e+00
7.265000000000000568e+00 1.005915244386631907e-01 7.131467968851992745e-02 2.103353764682850180e+00
7.267000000000000348e+00 1.005861871000175017e-01 7.129925475932991086e-02 2.103808805664573178e+00
7.269000000000000128e+00 1.005808932732698974e-01 7.127317148515636969e-02 2.104578719795562769e+00
7.271000000000000796e+00 1.005756426497840250e-01 7.123174281844163458e-02 2.105802751202172640e+00
7.273000000000000576e+00 1.005704349226798078e-01 7.117769001659964012e-02 2.107401911540229378e+00
7.275000000000000355e+00 1.005652697868274353e-01 7.114449158601160450e-02 2.108385296683923826e+00
7.277000000000000135e+00 1.005601469388411606e-01 7.112903987734933708e-02 2.108843311517363706e+00
7.279000000000000803e+00 1.005550660770732629e-01 7.112255513985105138e-02 2.109035589413922995e+00
7.281000000000000583e+00 1.005500269016078169e-01 7.112009478151687381e-02 2.109108550274076954e+00
7.283000000000000362e+00 1.005450291142546138e-01 7.111993111829267855e-02 2.109113403815131793e+00
7.285000000000000142e+00 1.005400724185429584e-01 7.112281032878037257e-02 2.109028022185751361e+00
7.287000000000000810e+00 1.005351565197154518e-01 7.113185936892131578e-02 2.108759722166597239e+00
7.289000000000000590e+00 1.005302811247218986e-01 7.115032048829492139e-02 2.108212569817964344e+00
7.291000000000000369e+00 1.005254459422129931e-01 7.118237927741952187e-02 2.107263082839702317e+00
7.293000000000000149e+00 1.005206506825341850e-01 7.123348783392079164e-02 2.105751165094168709e+00
7.295000000000000817e+00 1.005158950577193788e-01 7.130101109197307940e-02 2.103756983284724935e+00
7.297000000000000597e+00 1.005111787814848001e-01 7.134340168671081395e-02 2.102506979674065857e+00
7.299000000000000377e+00 1.005065015692226393e-01 7.136289054038798263e-02 2.101932795380635266e+00
7.301000000000000156e+00 1.005018631379948624e-01 7.137023718926011062e-02 2.101716428407389259e+00
7.303000000000000824e+00 1.004972632065269239e-01 7.137177338458944309e-02 2.101671191378690295e+00
7.305000000000000604e+00 1.004927014952015085e-01 7.137094179017265672e-02 2.101695679468448485e+00
7.307000000000000384e+00 1.004881777260522163e-01 7.136755086172943963e-02 2.101795538572095001e+00
7.309000000000000163e+00 1.004836916227573040e-01 7.136102780966363524e-02 2.101987661950226904e+00
7.311000000000000831e+00 1.004792429106333568e-01 7.134959706473036067e-02 2.102324416267071339e+00
7.313000000000000611e+00 1.004748313166290291e-01 7.133028401223770465e-02 2.102893631746445724e+00
7.315000000000000391e+00 1.004704565693186752e-01 7.129941222562051484e-02 2.103804159357423931e+00
7.317000000000000171e+00 1.004661183988960621e-01 7.125247080430416324e-02 2.105190154204995334e+00
7.319000000000000838e+00 1.004618165371680277e-01 7.118644185976456817e-02 2.107142822161220952e+00
7.321000000000000618e+00 1.004575507175481663e-01 7.113440391185353595e-02 2.108684289895407904e+00
7.323000000000000398e+00 1.004533206750505003e-01 7.110696035651437041e-02 2.109498131377485208e+00
7.325000000000000178e+00 1.004491261462830826e-01 7.109315197775387118e-02 2.109907857889565364e+00
7.327000000000000846e+00 1.004449668694417097e-01 7.108659452124108102e-02 2.110102488524459030e+00
7.329000000000000625e+00 1.004408425843035385e-01 7.108357782658096535e-02 2.110192038531705006e+00
7.331000000000000405e+00 1.004367530322207297e-01 7.108239509647053256e-02 2.110227149724277940e+00
7.333000000000000185e+00 1.004326979561141198e-01 7.108271913566178990e-02 2.110217529998030805e+00
7.335000000000000853e+00 1.004286771004667955e-01 7.108556837712542986e-02 2.110132948564400479e+00
7.337000000000000632e+00 1.004246902113177936e-01 7.109287774452562048e-02 2.109915996635126856e+00
7.339000000000000412e+00 1.004207370362556889e-01 7.110681163210924582e-02 2.109502543526581952e+00
7.341000000000000192e+00 1.004168173244122386e-01 7.113039812100940829e-02 2.108803042896160829e+00
7.343000000000000860e+00 1.004129308264560122e-01 7.116779898789893366e-02 2.107694802048119431e+00
7.345000000000000639e+00 1.004090772945859800e-01 7.122427509705003823e-02 2.106023540367526703e+00
7.347000000000000419e+00 1.004052564825251986e-01 7.127824643407361382e-02 2.104428875628097551e+00
7.349000000000000199e+00 1.004014681455143859e-01 7.130563776349625738e-02 2.103620480858948483e+00
7.351000000000000867e+00 1.003977120403055368e-01 7.131723982084132996e-02 2.103278258900940667e+00
7.353000000000000647e+00 1.003939879251555811e-01 7.132068558876124287e-02 2.103176641695618798e+00
7.355000000000000426e+00 1.003902955598199587e-01 7.132075407957208513e-02 2.103174621971130698e+00
7.357000000000000206e+00 1.003866347055462765e-01 7.131873950592852729e-02 2.103234031323995890e+00
7.359000000000000874e+00 1.003830051250679256e-01 7.131397649235700353e-02 2.103374504941202705e+00
7.361000000000000654e+00 1.003794065825976550e-01 7.130498560943437925e-02 2.103639720532437085e+00
7.363000000000000433e+00 1.003758388438212579e-01 7.128893939960900816e-02 2.104113222377701486e+00
7.365000000000000213e+00 1.003723016758911596e-01 7.126209527132647270e-02 2.104905832881889260e+00
7.367000000000000881e+00 1.003687948474200203e-01 7.121979567649511234e-02 2.106156000241165671e+00
7.369000000000000661e+00 1.003653181284744483e-01 7.116026904275256360e-02 2.107917831365717642e+00
7.371000000000000441e+00 1.003618712905685051e-01 7.111725649169123309e-02 2.109192724799849206e+00
7.373000000000000220e+00 1.003584541066574326e-01 7.109660488373918674e-02 2.109805387265505594e+00
7.375000000000000888e+00 1.003550663511312557e-01 7.108774221711294805e-02 2.110068421386584792e+00
7.377000000000000668e+00 1.003517077998083845e-01 7.108449479760735323e-02 2.110164817617144806e+00
7.379000000000000448e+00 1.003483782299293414e-01 7.108364468062047803e-02 2.110190053899901663e+00
7.381000000000000227e+00 1.003450774201503082e-01 7.108454337255394606e-02 2.110163375656087581e+00
7.383000000000000895e+00 1.003418051505368253e-01 7.108919009230968422e-02 2.110025445573711078e+00
7.385000000000000675e+00 1.003385612025574358e-01 7.110032313043589125e-02 2.109695053351867688e+00
7.387000000000000455e+00 1.003353453590773159e-01 7.112115198690521778e-02 2.109077198687922206e+00
7.389000000000000234e+00 1.003321574043520015e-01 7.115591645687247002e-02 2.108046772061671792e+00
7.391000000000000902e+00 1.003289971240209633e-01 7.120978194626173541e-02 2.106452174129631150e+00
7.393000000000000682e+00 1.003258643051013616e-01 7.126213423961572091e-02 2.104904681855748638e+00
7.395000000000000462e+00 1.003227587359816347e-01 7.128849307086282394e-02 2.104126395979441622e+00
7.397000000000000242e+00 1.003196802064152682e-01 7.129959181823250502e-02 2.103798860201082643e+00
7.399000000000000909e+00 1.003166285075144243e-01 7.130292961191314616e-02 2.103700378321318176e+00
7.401000000000000689e+00 1.003136034317436420e-01 7.130306414493442491e-02 2.103696409106654563e+00
7.403000000000000469e+00 1.003106047729135641e-01 7.130140411314993265e-02 2.103745387144990264e+00
7.405000000000000249e+00 1.003076323261746228e-01 7.129734077820981675e-02 2.103865282530195113e+00
7.407000000000000917e+00 1.003046858880107389e-01 7.128953820306273281e-02 2.104095548672746396e+00
7.409000000000000696e+00 1.003017652562330636e-01 7.127554782709330516e-02 2.104508552693044265e+00
7.411000000000000476e+00 1.002988702299736912e-01 7.125220336622171968e-02 2.105198055827561365e+00
7.413000000000000256e+00 1.002960006096794421e-01 7.121567781427511068e-02 2.106277783259863146e+00
7.415000000000000924e+00 1.002931561971054930e-01 7.116355391886067250e-02 2.107820530872125175e+00
7.417000000000000703e+00 1.002903367953092706e-01 7.112308667679662078e-02 2.109019827579226458e+00
7.419000000000000483e+00 1.002875422086440954e-01 7.110255734515991133e-02 2.109628761618808301e+00
7.421000000000000263e+00 1.002847722427529925e-01 7.109287298003555411e-02 2.109916138037117861e+00
7.423000000000000931e+00 1.002820267045624880e-01 7.108874190572188334e-02 2.110038748455141722e+00
7.425000000000000711e+00 1.002793054022763503e-01 7.108713422782877989e-02 2.110086468238564272e+00
7.427000000000000490e+00 1.002766081453694141e-01 7.108683134465197673e-02 2.110095458788300959e+00
7.429000000000000270e+00 1.002739347445813639e-01 7.108790229694864071e-02 2.110063669812895171e+00
7.431000000000000050e+00 1.002712850119105853e-01 7.109188807929098242e-02 2.109945368629123408e+00
7.433000000000000718e+00 1.002686587606079344e-01 7.110047042848352539e-02 2.109690682720273269e+00
7.435000000000000497e+00 1.002660558051705758e-01 7.111576372957530146e-02 2.109236998007780084e+00
7.437000000000000277e+00 1.002634759613358628e-01 7.114059919568849200e-02 2.108500654983108458e+00
7.439000000000000057e+00 1.002609190460751892e-01 7.117861277185331959e-02 2.107374591308635026e+00
7.441000000000000725e+00 1.002583848775877723e-01 7.122484129418422960e-02 2.106006798673597746e+00
7.443000000000000504e+00 1.002558732752946574e-01 7.125228211038756032e-02 2.105195729276608585e+00
7.445000000000000284e+00 1.002533840598324594e-01 7.126566829741140530e-02 2.104800299830324573e+00
7.447000000000000064e+00 1.002509170530473670e-01 7.127134473212978771e-02 2.104632662169745760e+00
7.449000000000000732e+00 1.002484720779890232e-01 7.127306619478959715e-02 2.104581828850316860e+00
7.451000000000000512e+00 1.002460489589043768e-01 7.127311934717822650e-02 2.104580259344838833e+00
7.453000000000000291e+00 1.002436475212317157e-01 7.127208866291195877e-02 2.104610694228972179e+00
7.455000000000000071e+00 1.002412675915945323e-01 7.126968279561976538e-02 2.104681740062676276e+00
7.457000000000000739e+00 1.002389089977955006e-01 7.126549142995297625e-02 2.104805523546208423e+00
7.459000000000000519e+00 1.002365715688104536e-01 7.125837255351963329e-02 2.105015798492174461e+00
7.461000000000000298e+00 1.002342551347823324e-01 7.124676625434260557e-02 2.105358711503025670e+00
7.463000000000000078e+00 1.002319595270152047e-01 7.122875851637056055e-02 2.105890978929885193e+00
7.465000000000000746e+00 1.002296845779682560e-01 7.120190083570190898e-02 2.106685330580210014e+00
7.467000000000000526e+00 1.002274301212497803e-01 7.116991669692394884e-02 2.107632086163214069e+00
7.469000000000000306e+00 1.002251959916112822e-01 7.115074249439441723e-02 2.108200065681924418e+00
7.471000000000000085e+00 1.002229820249414122e-01 7.114088030716129996e-02 2.108492323293621684e+00
7.473000000000000753e+00 1.002207880582601102e-01 7.113611541500504398e-02 2.108633555893605127e+00
7.475000000000000533e+00 1.002186139297126383e-01 7.113393660064722124e-02 2.108698142802281073e+00
7.477000000000000313e+00 1.002164594785636409e-01 7.113297612691257821e-02 2.108726615520431391e+00
7.479000000000000092e+00 1.002143245451912745e-01 7.113285806299848857e-02 2.108730115513609338e+00
7.481000000000000760e+00 1.002122089710813235e-01 7.113372203473117272e-02 2.108704503424721821e+00
7.483000000000000540e+00 1.002101125988212743e-01 7.113655625142722982e-02 2.108620488597106046e+00
7.485000000000000320e+00 1.002080352720945144e-01 7.114231906019054252e-02 2.108449682011226844e+00
7.487000000000000099e+00 1.002059768356744346e-01 7.115224542408818409e-02 2.108155534740416837e+00
7.489000000000000767e+00 1.002039371354185998e-01 7.116793552443806403e-02 2.107690758410325493e+00
7.491000000000000547e+00 1.002019160182629626e-01 7.118531519244418460e-02 2.107176172423851579e+00
7.493000000000000327e+00 1.001999133322160340e-01 7.119447308307647049e-02 2.106905122044596901e+00
7.495000000000000107e+00 1.001979289263530970e-01 7.119847823761742134e-02 2.106786601525257208e+00
7.497000000000000774e+00 1.001959626508104328e-01 7.119978971645976595e-02 2.106747795145853086e+00
7.499000000000000554e+00 1.001940143567795483e-01 7.119990664815031844e-02 2.106744335231467424e+00
7.501000000000000334e+00 1.001920838965014438e-01 7.119933282531396013e-02 2.106761314295202414e+00
7.503000000000000114e+00 1.001901711232608960e-01 7.119781561155209826e-02 2.106806209032935140e+00
7.505000000000000782e+00 1.001882758913807264e-01 7.119536270661121213e-02 2.106878795156007733e+00
7.507000000000000561e+00 1.001863980562160972e-01 7.119156481054170205e-02 2.106991191992857004e+00
7.509000000000000341e+00 1.001845374741488492e-01 7.118579930301019432e-02 2.107161842230758531e+00
7.511000000000000121e+00 1.001826940025818125e-01 7.117817715817177648e-02 2.107387488536982101e+00
7.513000000000000789e+00 1.001808674999331572e-01 7.117281536800927622e-02 2.107546248162355695e+00
7.515000000000000568e+00 1.001790578256308017e-01 7.116975333436106887e-02 2.107636924007425527e+00
7.517000000000000348e+00 1.001772648401067223e-01 7.116788224150812081e-02 2.107692336424669577e+00
7.519000000000000128e+00 1.001754884047914018e-01 7.116662633715206687e-02 2.107729531668041112e+00
7.521000000000000796e+00 1.001737283821082375e-01 7.116575592110940818e-02 2.107755310943117966e+00
7.523000000000000576e+00 1.001719846354679477e-01 7.116535513880617447e-02 2.107767181199740936e+00
7.525000000000000355e+00 1.001702570292630351e-01 7.116535083866824818e-02 2.107767308560732022e+00
7.527000000000000135e+00 1.001685454288622490e-01 7.116567240857121779e-02 2.107757784382768396e+00
7.529000000000000803e+00 1.001668497006050762e-01 7.116637474931833407e-02 2.107736982927274294e+00
7.531000000000000583e+00 1.001651697117961898e-01 7.116738790773859125e-02 2.107706976606475990e+00
7.533000000000000362e+00 1.001635053307000506e-01 7.116864937343293784e-02 2.107669617459321909e+00
7.535000000000000142e+00 1.001618564265353284e-01 7.117012701841139710e-02 2.107625857702848382e+00
7.537000000000000810e+00 1.001602228694695590e-01 7.117184302953771802e-02 2.107575041126124038e+00
7.539000000000000590e+00 1.001586045306136208e-01 7.117393578417481603e-02 2.107513071285735506e+00
7.541000000000000369e+00 1.001570012820163780e-01 7.117672938027161389e-02 2.107430354078283941e+00
7.543000000000000149e+00 1.001554129966592405e-01 7.118079036470514875e-02 2.107310121613614307e+00
7.545000000000000817e+00 1.001538395484507932e-01 7.118610638376428323e-02 2.107152752411404872e+00
7.547000000000000597e+00 1.001522808122214392e-01 7.118922984065866044e-02 2.107060300213133619e+00
7.549000000000000377e+00 1.001507366637180707e-01 7.119033197507340649e-02 2.107027679720906654e+00
7.551000000000000156e+00 1.001492069795986845e-01 7.119045412131642936e-02 2.107024064552016629e+00
7.553000000000000824e+00 1.001476916374270942e-01 7.119000897232719005e-02 2.107037239710246812e+00
7.555000000000000604e+00 1.001461905156676852e-01 7.118877291030650811e-02 2.107073824533972406e+00
7.557000000000000384e+00 1.001447034936800429e-01 7.118666237454217283e-02 2.107136294869235371e+00
7.559000000000000163e+00 1.001432304517137911e-01 7.118318827568893836e-02 2.107239133755255178e+00
7.561000000000000831e+00 1.001417712709032765e-01 7.117758718568527321e-02 2.107404956123139161e+00
7.563000000000000611e+00 1.001403258332623780e-01 7.116923776019874748e-02 2.107652192446090478e+00
7.565000000000000391e+00 1.001388940216793449e-01 7.116241604673706478e-02 2.107854234480811773e+00
7.567000000000000171e+00 1.001374757199114951e-01 7.115910201321568040e-02 2.107952401818420363e+00
7.569000000000000838e+00 1.001360708125801913e-01 7.115760797636425106e-02 2.107996660734071881e+00
7.571000000000000618e+00 1.001346791851655538e-01 7.115696248529421175e-02 2.108015783149822298e+00
7.573000000000000398e+00 1.001333007240014644e-01 7.115687471491456695e-02 2.108018383339140822e+00
7.575000000000000178e+00 1.001319353162703207e-01 7.115741875792452875e-02 2.108002266219009879e+00
7.577000000000000846e+00 1.001305828499980677e-01 7.115921036562650182e-02 2.107949192090214474e+00
7.579000000000000625e+00 1.001292432140490074e-01 7.116278741515498496e-02 2.107843234483190997e+00
7.581000000000000405e+00 1.001279162981208309e-01 7.116727020118258917e-02 2.107710462632125026e+00
7.583000000000000185e+00 1.001266019927395390e-01 7.116923433523826559e-02 2.107652293875107663e+00
7.585000000000000853e+00 1.001253001892544320e-01 7.116965203079769764e-02 2.107639924037981061e+00
7.587000000000000632e+00 1.001240107798331141e-01 7.116942086663810563e-02 2.107646769826605038e+00
7.589000000000000412e+00 1.001227336574564836e-01 7.116846949605488970e-02 2.107674944566778841e+00
7.591000000000000192e+00 1.001214687159138056e-01 7.116665038394577592e-02 2.107728819478595916e+00
7.593000000000000860e+00 1.001202158497977723e-01 7.116350142899903475e-02 2.107822085590566275e+00
7.595000000000000639e+00 1.001189749544995483e-01 7.115825349040488801e-02 2.107977537984771832e+00
7.597000000000000419e+00 1.001177459262038716e-01 7.115005802436717708e-02 2.108220346758236108e+00
7.599000000000000199e+00 1.001165286618841688e-01 7.114210356616516850e-02 2.108456068641457293e+00
7.601000000000000867e+00 1.001153230592976978e-01 7.113807942358993386e-02 2.108575339893964617e+00
7.603000000000000647e+00 1.001141290169807185e-01 7.113624892660491694e-02 2.108629598318616072e+00
7.605000000000000426e+00 1.001129464342436076e-01 7.113544497669115063e-02 2.108653429371957877e+00
7.607000000000000206e+00 1.001117752111660986e-01 7.113520147409142791e-02 2.108660647494368767e+00
7.609000000000000874e+00 1.001106152485924383e-01 7.113545428608504528e-02 2.108653153415536607e+00
7.611000000000000654e+00 1.001094664481266827e-01 7.113664206700984205e-02 2.108617944865907923e+00
7.613000000000000433e+00 1.001083287121278947e-01 7.113926380691650009e-02 2.108540234646289147e+00
7.615000000000000213e+00 1.001072019437054400e-01 7.114255580605002849e-02 2.108442665581658382e+00
7.617000000000000881e+00 1.001060860467142405e-01 7.114385697195693692e-02 2.108404103802329566e+00
7.619000000000000661e+00 1.001049809257501116e-01 7.114402548277173888e-02 2.108399109863751786e+00
7.621000000000000441e+00 1.001038864861450717e-01 7.114363791487339495e-02 2.108410595751117445e+00
7.623000000000000220e+00 1.001028026339626925e-01 7.114252670257270594e-02 2.108443528117979859e+00
7.625000000000000888e+00 1.001017292759934507e-01 7.114046213520854034e-02 2.108504717257980943e+00
7.627000000000000668e+00 1.001006663197501201e-01 7.113681664954218942e-02 2.108612769938523090e+00
7.629000000000000448e+00 1.000996136734631781e-01 7.113070848672381485e-02 2.108793841523408208e+00
7.631000000000000227e+00 1.000985712460762261e-01 7.112181670975399606e-02 2.109057486708270091e+00
7.633000000000000895e+00 1.000975389472414240e-01 7.111571358991557179e-02 2.109238485111263106e+00
7.635000000000000675e+00 1.000965166873149514e-01 7.111314777857449809e-02 2.109314587888248660e+00
7.637000000000000455e+00 1.000955043773524983e-01 7.111225825628450514e-02 2.109340972683058091e+00
7.639000000000000234e+00 1.000945019291047677e-01 7.111208434110910526e-02 2.109346131390029466e+00
7.641000000000000902e+00 1.000935092550129524e-01 7.111255112923776933e-02 2.109332285483537017e+00
7.643000000000000682e+00 1.000925262682043487e-01 7.111449180652805457e-02 2.109274722908594857e+00
7.645000000000000462e+00 1.000915528824878470e-01 7.111892132591220161e-02 2.109143350369508951e+00
7.647000000000000242e+00 1.000905890123495595e-01 7.112712378480472164e-02 2.108900121616408274e+00
7.649000000000000909e+00 1.000896345729483661e-01 7.114080864615746069e-02 2.108494447203644206e+00
7.651000000000000689e+00 1.000886894801115701e-01 7.116216736883429483e-02 2.107861600428052373e+00
7.653000000000000469e+00 1.000877536503305687e-01 7.118754148600880960e-02 2.107110273354235286e+00
7.655000000000000249e+00 1.000868270007563982e-01 7.120177318438253300e-02 2.106689107468760813e+00
7.657000000000000917e+00 1.000859094491955148e-01 7.120830696639840474e-02 2.106495806321889042e+00
7.659000000000000696e+00 1.000850009141054653e-01 7.121075360371954821e-02 2.106423431982400007e+00
7.661000000000000476e+00 1.000841013145905567e-01 7.121127977296229372e-02 2.106407867942185597e+00
7.663000000000000256e+00 1.000832105703976654e-01 7.121108351095171984e-02 2.106413673328410230e+00
7.665000000000000924e+00 1.000823286019119074e-01 7.121022163774017033e-02 2.106439167723396455e+00
7.667000000000000703e+00 1.000814553301525023e-01 7.120840993548813169e-02 2.106492760277806742e+00
7.669000000000000483e+00 1.000805906767684716e-01 7.120504442338995710e-02 2.106592323825963398e+00
7.671000000000000263e+00 1.000797345640345309e-01 7.119929814073955310e-02 2.106762340599133587e+00
7.673000000000000931e+00 1.000788869148468846e-01 7.119026514830112395e-02 2.107029657601712014e+00
7.675000000000000711e+00 1.000780476527190765e-01 7.117841647095543567e-02 2.107380403176122297e+00
7.677000000000000490e+00 1.000772167017778963e-01 7.117052328029875585e-02 2.107614122903640475e+00
7.679000000000000270e+00 1.000763939867592017e-01 7.116620820019782523e-02 2.107741915629882001e+00
7.681000000000000050e+00 1.000755794330038945e-01 7.116366901508473786e-02 2.107817121798542193e+00
7.683000000000000718e+00 1.000747729664538399e-01 7.116194829268075728e-02 2.107868089601307116e+00
7.685000000000000497e+00 1.000739745136477871e-01 7.116054809696580052e-02 2.107909565221516512e+00
7.687000000000000277e+00 1.000731840017173302e-01 7.115923504776021369e-02 2.107948460931654555e+00
7.689000000000000057e+00 1.000724013583829675e-01 7.115792627375126800e-02 2.107987231428524399e+00
7.691000000000000725e+00 1.000716265119500348e-01 7.115657592707044787e-02 2.108027234949268358e+00
7.693000000000000504e+00 1.000708593913047645e-01 7.115507661112267790e-02 2.108071653408248647e+00
7.695000000000000284e+00 1.000700999259103163e-01 7.115323846705107202e-02 2.108126112481309988e+00
7.697000000000000064e+00 1.000693480458028639e-01 7.115076706117919036e-02 2.108199337767111547e+00
7.699000000000000732e+00 1.000686036815876950e-01 7.114723799174932362e-02 2.108303909385701225e+00
7.701000000000000512e+00 1.000678667644352426e-01 7.114230319337813691e-02 2.108450152257115295e+00
7.703000000000000291e+00 1.000671372260772962e-01 7.113853250047080801e-02 2.108561910509009429e+00
7.705000000000000071e+00 1.000664149988030882e-01 7.113673099424068502e-02 2.108615308906227170e+00
7.707000000000000739e+00 1.000657000154554915e-01 7.113597126312022623e-02 2.108637828886524179e+00
7.709000000000000519e+00 1.000649922094271477e-01 7.113569719464767072e-02 2.108645952953226654e+00
7.711000000000000298e+00 1.000642915146567613e-01 7.113573479589180293e-02 2.108644838355739015e+00
7.713000000000000078e+00 1.000635978656252145e-01 7.113629649977117053e-02 2.108628188149807681e+00
7.715000000000000746e+00 1.000629111973518753e-01 7.113785831644574287e-02 2.108581893662699880e+00
7.717000000000000526e+00 1.000622314453908229e-01 7.114093859981954204e-02 2.108490595601735240e+00
7.719000000000000306e+00 1.000615585458271839e-01 7.114620632163365377e-02 2.108334481277732042e+00
7.721000000000000085e+00 1.000608924352733159e-01 7.115323487966425386e-02 2.108126218768309634e+00
7.723000000000000753e+00 1.000602330508652271e-01 7.115718677586402308e-02 2.108009138591730558e+00
7.725000000000000533e+00 1.000595803302588988e-01 7.115864038635731637e-02 2.107966076720576343e+00
7.727000000000000313e+00 1.000589342116265656e-01 7.115891882825978176e-02 2.107957828336615602e+00
7.729000000000000092e+00 1.000582946336531498e-01 7.115874070673471052e-02 2.107963104886754646e+00
7.731000000000000760e+00 1.000576615355326798e-01 7.115807778418856144e-02 2.107982743082616572e+00
7.733000000000000540e+00 1.000570348569646134e-01 7.115669596281329334e-02 2.108023678873319984e+00
7.735000000000000320e+00 1.000564145381503262e-01 7.115410324683650589e-02 2.108100491121978504e+00
7.737000000000000099e+00 1.000558005197895728e-01 7.114961322325369375e-02 2.108233526573490391e+00
7.739000000000000767e+00 1.000551927430769067e-01 7.114240735178359309e-02 2.108447065310608881e+00
7.741000000000000547e+00 1.000545911496981827e-01 7.113196343624671181e-02 2.108756637013684543e+00
7.743000000000000327e+00 1.000539956818271015e-01 7.112388056831453476e-02 2.108996286499368988e+00
7.745000000000000107e+00 1.000534062821216569e-01 7.111989967523839329e-02 2.109114336282241098e+00
7.747000000000000774e+00 1.000528228937207498e-01 7.111811230393284833e-02 2.109167343460337740e+00
7.749000000000000554e+00 1.000522454602407185e-01 7.111740453032262821e-02 2.109188334285229338e+00
7.751000000000000334e+00 1.000516739257718835e-01 7.111716915070515066e-02 2.109195315158473250e+00
7.753000000000000114e+00 1.000511082348752162e-01 7.111720944555670332e-02 2.109194120093132785e+00
7.755000000000000782e+00 1.000505483325789119e-01 7.111772108514810564e-02 2.109178945995856758e+00
7.757000000000000561e+00 1.000499941643750029e-01 7.111912615945854832e-02 2.109137275726364003e+00
7.759000000000000341e+00 1.000494456762160561e-01 7.112188766173935250e-02 2.109055382689087654e+00
7.761000000000000121e+00 1.000489028145118559e-01 7.112661907160135188e-02 2.108915086333554179e+00
7.763000000000000789e+00 1.000483655261260041e-01 7.113412461325877012e-02 2.108692569361306557e+00
7.765000000000000568e+00 1.000478337583727284e-01 7.114543002954117068e-02 2.108357486035528083e+00
7.767000000000000348e+00 1.000473074590135653e-01 7.115746068609291042e-02 2.108001024119121602e+00
7.769000000000000128e+00 1.000467865762540987e-01 7.116412731166886496e-02 2.107803547467999472e+00
7.771000000000000796e+00 1.000462710587407267e-01 7.116741093462081169e-02 2.107706294638147071e+00
7.773000000000000576e+00 1.000457608555574418e-01 7.116882506282910803e-02 2.107664414405848508e+00
7.775000000000000355e+00 1.000452559162226529e-01 7.116927458950336738e-02 2.107651101759624002e+00
7.777000000000000135e+00 1.000447561906859656e-01 7.116930677091422297e-02 2.107650148719765859e+00
7.779000000000000803e+00 1.000442616293250320e-01 7.116911050528246241e-02 2.107655961062859795e+00
7.781000000000000583e+00 1.000437721829424281e-01 7.116861429986215404e-02 2.107670656168593393e+00
7.783000000000000362e+00 1.000432878027624622e-01 7.116771142957922791e-02 2.107697395165301302e+00
7.785000000000000142e+00 1.000428084404281354e-01 7.116612928041413100e-02 2.107744253013378533e+00
7.787000000000000810e+00 1.000423340479979772e-01 7.116348876006514668e-02 2.107822460837186718e+00
7.789000000000000590e+00 1.000418645779430488e-01 7.115930661603481200e-02 2.107946340868356305e+00
7.791000000000000369e+00 1.000413999831438056e-01 7.115295186673480099e-02 2.108134603901479220e+00
7.793000000000000149e+00 1.000409402168871142e-01 7.114571887191252497e-02 2.108348926378171395e+00
7.795000000000000817e+00 1.000404852328631716e-01 7.114177336672047880e-02 2.108465854889256086e+00
7.797000000000000597e+00 1.000400349851625764e-01 7.113996781600097352e-02 2.108519368296110308e+00
7.799000000000000377e+00 1.000395894282732623e-01 7.113927223532108546e-02 2.108539984831670377e+00
7.801000000000000156e+00 1.000391485170775696e-01 7.113905936065900715e-02 2.108546294371616447e+00
7.803000000000000824e+00 1.000387122068493173e-01 7.113907467206416479e-02 2.108545840544985062e+00
7.805000000000000604e+00 1.000382804532507774e-01 7.113945246304387293e-02 2.108534642966549022e+00
7.807000000000000384e+00 1.000378532123298442e-01 7.114055872741342768e-02 2.108501854402764497e+00
7.809000000000000163e+00 1.000374304405170917e-01 7.114279074268820002e-02 2.108435702818088675e+00
7.811000000000000831e+00 1.000370120946229013e-01 7.114664524795380474e-02 2.108321474290652198e+00
7.813000000000000611e+00 1.000365981318345893e-01 7.115132370656268579e-02 2.108182844476927720e+00
7.815000000000000391e+00 1.000361885097135334e-01 7.115362093087661266e-02 2.108114780914945197e+00
7.817000000000000171e+00 1.000357831861923980e-01 7.115437675532897133e-02 2.108092387848313543e+00
7.819000000000000838e+00 1.000353821195722470e-01 7.115445799927017090e-02 2.108089980834912058e+00
7.821000000000000618e+00 1.000349852685197966e-01 7.115425147761197944e-02 2.108096099460706085e+00
7.823000000000000398e+00 1.000345925920646112e-01 7.115364625757002182e-02 2.108114030544731676e+00
7.825000000000000178e+00 1.000342040495963425e-01 7.115237321477277388e-02 2.108151748462787189e+00
7.827000000000000846e+00 1.000338196008619673e-01 7.114998570296308944e-02 2.108222489688471590e+00
7.829000000000000625e+00 1.000334392059630678e-01 7.114591934803271567e-02 2.108342985438527606e+00
7.831000000000000405e+00 1.000330628253531251e-01 7.113974637461184525e-02 2.108525931623669525e+00
7.833000000000000185e+00 1.000326904198347716e-01 7.113491530093969673e-02 2.108669130558709970e+00
7.835000000000000853e+00 1.000323219505571820e-01 7.113274879951939078e-02 2.108733354629105605e+00
7.837000000000000632e+00 1.000319573790133393e-01 7.113194599485396508e-02 2.108757154076056572e+00
7.839000000000000412e+00 1.000315966670374257e-01 7.113172638685007210e-02 2.108763664531697390e+00
7.841000000000000192e+00 1.000312397768021722e-01 7.113175023283194176e-02 2.108762957596468812e+00
7.843000000000000860e+00 1.000308866708162492e-01 7.113216979722568334e-02 2.108750519316371808e+00
7.845000000000000639e+00 1.000305373119216301e-01 7.113338999271695551e-02 2.108714346600911949e+00
7.847000000000000419e+00 1.000301916632910654e-01 7.113585593045716748e-02 2.108641247623995518e+00
7.849000000000000199e+00 1.000298496884254734e-01 7.114010781150457985e-02 2.108515218973879612e+00
7.851000000000000867e+00 1.000295113511513873e-01 7.114557624967277061e-02 2.108353152887561421e+00
7.853000000000000647e+00 1.000291766156184564e-01 7.114852057149487208e-02 2.108265903424791254e+00
7.855000000000000426e+00 1.000288454462968379e-01 7.114960830043169648e-02 2.108233672441593320e+00
7.857000000000000206e+00 1.000285178079747955e-01 7.114982892329586861e-02 2.108227135186926837e+00
7.859000000000000874e+00 1.000281936657561460e-01 7.114972977094223550e-02 2.108230073155674233e+00
7.861000000000000654e+00 1.000278729850577891e-01 7.114932277412064354e-02 2.108242132904178945e+00
7.863000000000000433e+00 1.000275557316072927e-01 7.114841638399857504e-02 2.108268990702867107e+00
7.865000000000000213e+00 1.000272418714403810e-01 7.114666219281352844e-02 2.108320972155899309e+00
7.867000000000000881e+00 1.000269313708985613e-01 7.114360073011266605e-02 2.108411697758082237e+00
7.869000000000000661e+00 1.000266241966266956e-01 7.113869628367133768e-02 2.108557055949729531e+00
7.871000000000000441e+00 1.000263203155705855e-01 7.113287298488422949e-02 2.108729673155125717e+00
7.873000000000000220e+00 1.000260196949746411e-01 7.112968107258164918e-02 2.108824301446509342e+00
7.875000000000000888e+00 1.000257223023794523e-01 7.112824284935817531e-02 2.108866942174904668e+00
7.877000000000000668e+00 1.000254281056194849e-01 7.112769522261049027e-02 2.108883178775025513e+00
7.879000000000000448e+00 1.000251370728207079e-01 7.112753415723857553e-02 2.108887954254135444e+00
7.881000000000000227e+00 1.000248491723983307e-01 7.112753565344596962e-02 2.108887909892500634e+00
7.883000000000000895e+00 1.000245643730544171e-01 7.112776763312241013e-02 2.108881031859472621e+00
7.885000000000000675e+00 1.000242826437756777e-01 7.112846669985643799e-02 2.108860305297467264e+00
7.887000000000000455e+00 1.000240039538311254e-01 7.112987547607779737e-02 2.108818537865254417e+00
7.889000000000000234e+00 1.000237282727698684e-01 7.113227628084078935e-02 2.108747362558421656e+00
7.891000000000000902e+00 1.000234555704188205e-01 7.113570646841461953e-02 2.108645678054836825e+00
7.893000000000000682e+00 1.000231858168805082e-01 7.113805991065587364e-02 2.108575918269191884e+00
7.895000000000000462e+00 1.000229189825308368e-01 7.113913510239905369e-02 2.108544049405254750e+00
7.897000000000000242e+00 1.000226550380168555e-01 7.113954938949891560e-02 2.108531770123101889e+00
7.899000000000000909e+00 1.000223939542546486e-01 7.113964783780507561e-02 2.108528852180891811e+00
7.901000000000000689e+00 1.000221357024271007e-01 7.113962233297471682e-02 2.108529608126297639e+00
7.903000000000000469e+00 1.000218802539817459e-01 7.113947903554522501e-02 2.108533855372368926e+00
7.905000000000000249e+00 1.000216275806286442e-01 7.113920106381822761e-02 2.108542094329068473e+00
7.907000000000000917e+00 1.000213776543382310e-01 7.113873548802804314e-02 2.108555893929876301e+00
7.909000000000000696e+00 1.000211304473392349e-01 7.113798319248211544e-02 2.108578192245574190e+00
7.911000000000000476e+00 1.000208859321165267e-01 7.113693750053716458e-02 2.108609187721460998e+00
7.913000000000000256e+00 1.000206440814090519e-01 7.113623976747175670e-02 2.108629869814822921e+00
7.915000000000000924e+00 1.000204048682078184e-01 7.113591044679520858e-02 2.108639631627259980e+00
7.917000000000000703e+00 1.000201682657537172e-01 7.113576064066953752e-02 2.108644072250805745e+00
7.919000000000000483e+00 1.000199342475355940e-01 7.113570815657062341e-02 2.108645628013543050e+00
7.921000000000000263e+00 1.000197027872881395e-01 7.113573848985586812e-02 2.108644728857216766e+00
7.923000000000000931e+00 1.000194738589899046e-01 7.113592297690039812e-02 2.108639260204843602e+00
7.925000000000000711e+00 1.000192474368613027e-01 7.113637333128634832e-02 2.108625910705919981e+00
7.927000000000000490e+00 1.000190234953625967e-01 7.113722158624442848e-02 2.108600767014001676e+00
7.929000000000000270e+00 1.000188020091919566e-01 7.113865613519149145e-02 2.108558245954785360e+00
7.931000000000000938e+00 1.000185829532834331e-01 7.114093697075757339e-02 2.108490643884229243e+00
7.933000000000000718e+00 1.000183663028050840e-01 7.114441229924073351e-02 2.108387646370378565e+00
7.935000000000000497e+00 1.000181520331570040e-01 7.114905363093221302e-02 2.108250107978768106e+00
7.937000000000000277e+00 1.000179401199693813e-01 7.115216244751243480e-02 2.108157993239518024e+00
7.939000000000000057e+00 1.000177305391006244e-01 7.115366120839865249e-02 2.108113587587179261e+00
7.941000000000000725e+00 1.000175232666354191e-01 7.115428576397715699e-02 2.108095083654673907e+00
7.943000000000000504e+00 1.000173182788829385e-01 7.115446907440751978e-02 2.108089652712358486e+00
7.945000000000000284e+00 1.000171155523748301e-01 7.115447431963761726e-02 2.108089497312218175e+00
7.947000000000000064e+00 1.000169150638635096e-01 7.115438069369513230e-02 2.108092271166253528e+00
7.949000000000000732e+00 1.000167167903202037e-01 7.115415568057070761e-02 2.108098937655708216e+00
7.951000000000000512e+00 1.000165207089331737e-01 7.115373241176733976e-02 2.108111478002988370e+00
7.953000000000000291e+00 1.000163267971058839e-01 7.115300469504245995e-02 2.108133038694445460e+00
7.955000000000000071e+00 1.000161350324551834e-01 7.115186601042956804e-02 2.108166776371159568e+00
7.957000000000000739e+00 1.000159453928095576e-01 7.115023434659684121e-02 2.108215122234162742e+00
7.959000000000000519e+00 1.000157578562072963e-01 7.114850069059376614e-02 2.108266492533845238e+00
7.961000000000000298e+00 1.000155724008947311e-01 7.114730597473375995e-02 2.108301894849944791e+00
7.963000000000000078e+00 1.000153890053245287e-01 7.114636792083134376e-02 2.108329692485688245e+00
7.965000000000000746e+00 1.000152076481538865e-01 7.114551527097741357e-02 2.108354959953321117e+00
7.967000000000000526e+00 1.000150283082428537e-01 7.114467651130999826e-02 2.108379816389413630e+00
7.969000000000000306e+00 1.000148509646525685e-01 7.114382904046484546e-02 2.108404931574370700e+00
7.971000000000000085e+00 1.000146755966435791e-01 7.114293689365273898e-02 2.108431371398483467e+00
7.973000000000000753e+00 1.000145021836741505e-01 7.114192729651705460e-02 2.108461292801434350e+00
7.975000000000000533e+00 1.000143307053985992e-01 7.114067867376686061e-02 2.108498299374708118e+00
7.977000000000000313e+00 1.000141611416655446e-01 7.113900385736914023e-02 2.108547939478376598e+00
7.979000000000000092e+00 1.000139934725163687e-01 7.113662656849274735e-02 2.108618404269914759e+00
7.981000000000000760e+00 1.000138276781834673e-01 7.113378378244415712e-02 2.108702672962829983e+00
7.983000000000000540e+00 1.000136637390886818e-01 7.113213290279270240e-02 2.108751613071774944e+00
7.985000000000000320e+00 1.000135016358416756e-01 7.113139239947154080e-02 2.108773565932815952e+00
7.987000000000000099e+00 1.000133413492382412e-01 7.113112843269185637e-02 2.108781391566677321e+00
7.989000000000000767e+00 1.000131828602588424e-01 7.113106536491549392e-02 2.108783261300422041e+00
7.991000000000000547e+00 1.000130261500668805e-01 7.113110770313380016e-02 2.108782006123482322e+00
7.993000000000000327e+00 1.000128712000072362e-01 7.113137738918558217e-02 2.108774010930444476e+00
7.995000000000000107e+00 1.000127179916046466e-01 7.113207982765661075e-02 2.108753186514856104e+00
7.997000000000000774e+00 1.000125665065621505e-01 7.113346357941548181e-02 2.108712165161697794e+00
7.999000000000000554e+00 1.000124167267595898e-01 7.113585594556684488e-02 2.108641247176107569e+00
8.000999999999999446e+00 1.000122686342520134e-01 7.113949079377847318e-02 2.108533506865054807e+00
8.003000000000000114e+00 1.000121222112682479e-01 7.114219373404058466e-02 2.108453396317282902e+00
8.004999999999999005e+00 1.000119774402092876e-01 7.114330520648663725e-02 2.108420455932421778e+00
8.006999999999999673e+00 1.000118343036468932e-01 7.114361560225296310e-02 2.108411257007436035e+00
8.009000000000000341e+00 1.000116927843220371e-01 7.114361730949836371e-02 2.108411206411534788e+00
8.010999999999999233e+00 1.000115528651435021e-01 7.114345385897327678e-02 2.108416050440044653e+00
8.012999999999999901e+00 1.000114145291863127e-01 7.114299231520722355e-02 2.108429728895963695e+00
8.014999999999998792e+00 1.000112777596903896e-01 7.114199388044280259e-02 2.108459319429274004e+00
8.016999999999999460e+00 1.000111425400590365e-01 7.114012600207383907e-02 2.108514679825381322e+00
8.019000000000000128e+00 1.000110088538575803e-01 7.113697591141988907e-02 2.108608049163921638e+00
8.020999999999999019e+00 1.000108766848118586e-01 7.113236211645231066e-02 2.108744817927342030e+00
8.022999999999999687e+00 1.000107460168069007e-01 7.112907945511644237e-02 2.108842138111070685e+00
8.025000000000000355e+00 1.000106168338854434e-01 7.112766199714076754e-02 2.108884163885912599e+00
8.026999999999999247e+00 1.000104891202466401e-01 7.112718282871186015e-02 2.108898370981868720e+00
8.028999999999999915e+00 1.000103628602446032e-01 7.112709277652606854e-02 2.108901041003945043e+00
8.030999999999998806e+00 1.000102380383870726e-01 7.112714792084719184e-02 2.108899405989472786e+00
8.032999999999999474e+00 1.000101146393340412e-01 7.112749635891546518e-02 2.108889074951930009e+00
8.035000000000000142e+00 1.000099926478964368e-01 7.112841866825865556e-02 2.108861729368631366e+00
8.036999999999999034e+00 1.000098720490347620e-01 7.113025597224972851e-02 2.108807257189120321e+00
8.038999999999999702e+00 1.000097528278577896e-01 7.113344448849664992e-02 2.108712731101574089e+00
8.041000000000000369e+00 1.000096349696211889e-01 7.113853061842759229e-02 2.108561966293190260e+00
8.042999999999999261e+00 1.000095184597263043e-01 7.114474479081026037e-02 2.108377792921332539e+00
8.044999999999999929e+00 1.000094032837188091e-01 7.114825649293038401e-02 2.108273728603661468e+00
8.046999999999998820e+00 1.000092894272874289e-01 7.114982871769250095e-02 2.108227141279121142e+00
8.048999999999999488e+00 1.000091768762626648e-01 7.115039354920368875e-02 2.108210404996119447e+00
8.051000000000000156e+00 1.000090656166155029e-01 7.115050443714049377e-02 2.108207119353888270e+00
8.052999999999999048e+00 1.000089556344562342e-01 7.115046501953237179e-02 2.108208287308054540e+00
8.054999999999999716e+00 1.000088469160331089e-01 7.115026759699365211e-02 2.108214137009627009e+00
8.057000000000000384e+00 1.000087394477311709e-01 7.114975477165029483e-02 2.108229332362613562e+00
8.058999999999999275e+00 1.000086332160710079e-01 7.114870127260664034e-02 2.108260548920972699e+00
8.060999999999999943e+00 1.000085282077075033e-01 7.114681584647226942e-02 2.108316418877901999e+00
8.062999999999998835e+00 1.000084244094286978e-01 7.114373478471724965e-02 2.108407724923407667e+00
8.064999999999999503e+00 1.000083218081545128e-01 7.113901084256750440e-02 2.108547732438309286e+00
8.067000000000000171e+00 1.000082203909356260e-01 7.113303683503739705e-02 2.108724815838535438e+00
8.068999999999999062e+00 1.000081201449522228e-01 7.112932739971225549e-02 2.108834787050254178e+00
8.070999999999999730e+00 1.000080210575128858e-01 7.112746494500753192e-02 2.108890006356518576e+00
8.073000000000000398e+00 1.000079231160534293e-01 7.112660874282689116e-02 2.108915392583334381e+00
8.074999999999999289e+00 1.000078263081356916e-01 7.112627460724217643e-02 2.108925299803721121e+00
8.076999999999999957e+00 1.000077306214464390e-01 7.112617991710779020e-02 2.108928107411556674e+00
8.078999999999998849e+00 1.000076360437962275e-01 7.112617163903715845e-02 2.108928352860671041e+00
8.080999999999999517e+00 1.000075425631182652e-01 7.112623704134418690e-02 2.108926413649693465e+00
8.083000000000000185e+00 1.000074501674672739e-01 7.112648158212804550e-02 2.108919162925254387e+00
8.084999999999999076e+00 1.000073588450184209e-01 7.112703525768415691e-02 2.108902746425028951e+00
8.086999999999999744e+00 1.000072685840662223e-01 7.112807424852513050e-02 2.108871940998884753e+00
8.089000000000000412e+00 1.000071793730234054e-01 7.112984292349505688e-02 2.108819502966358339e+00
8.090999999999999304e+00 1.000070912004198675e-01 7.113267606945057608e-02 2.108735510717284267e+00
8.092999999999999972e+00 1.000070040549015798e-01 7.113702979291064432e-02 2.108606452035879819e+00
8.094999999999998863e+00 1.000069179252295465e-01 7.114352464290875366e-02 2.108413952680812109e+00
8.096999999999999531e+00 1.000068328002787221e-01 7.115175061419869162e-02 2.108170195464828645e+00
8.099000000000000199e+00 1.000067486690369573e-01 7.115690310718621181e-02 2.108017542220037122e+00
8.100999999999999091e+00 1.000066655206040406e-01 7.115941937389935745e-02 2.107943000656616661e+00
8.102999999999999758e+00 1.000065833441905194e-01 7.116048530495776292e-02 2.107911425240792447e+00
8.105000000000000426e+00 1.000065021291168255e-01 7.116081677099714287e-02 2.107901606620332657e+00
8.106999999999999318e+00 1.000064218648121783e-01 7.116084980047913955e-02 2.107900628232660889e+00
8.108999999999999986e+00 1.000063425408135864e-01 7.116077008366554491e-02 2.107902989577560060e+00
8.110999999999998877e+00 1.000062641467648755e-01 7.116047347611566265e-02 2.107911775634068619e+00
8.112999999999999545e+00 1.000061866724156617e-01 7.115976306918513072e-02 2.107932819480615727e+00
8.115000000000000213e+00 1.000061101076204079e-01 7.115836440650122330e-02 2.107974252234155799e+00
8.116999999999999105e+00 1.000060344423374381e-01 7.115591546141203372e-02 2.108046801552925675e+00
8.118999999999999773e+00 1.000059596666279388e-01 7.115194420226900185e-02 2.108164459618751430e+00
8.121000000000000441e+00 1.000058857706550564e-01 7.114583803777105309e-02 2.108345394995074340e+00
8.122999999999999332e+00 1.000058127446828843e-01 7.113842870396332174e-02 2.108564987065044249e+00
8.125000000000000000e+00 1.000057405790755888e-01 7.113411626286535172e-02 2.108692816899527145e+00
8.126999999999998892e+00 1.000056692642964096e-01 7.113208186201691596e-02 2.108753126205026085e+00
8.128999999999999559e+00 1.000055987909067717e-01 7.113126564210402181e-02 2.108777323810361093e+00
8.131000000000000227e+00 1.000055291495653559e-01 7.113103550829551203e-02 2.108784146443454244e+00
8.132999999999999119e+00 1.000054603310271961e-01 7.113102026028554625e-02 2.108784598493229190e+00
8.134999999999999787e+00 1.000053923261427363e-01 7.113111370708272152e-02 2.108781828127963998e+00
8.137000000000000455e+00 1.000053251258569836e-01 7.113146660497848828e-02 2.108771366025813165e+00
8.138999999999999346e+00 1.000052587212085786e-01 7.113228338223027969e-02 2.108747152034653460e+00
8.141000000000000014e+00 1.000051931033289626e-01 7.113382343680045572e-02 2.108701497442619033e+00
8.142999999999998906e+00 1.000051282634414340e-01 7.113640741139440338e-02 2.108624900503107025e+00
8.144999999999999574e+00 1.000050641928603434e-01 7.113992762119573932e-02 2.108520559631668068e+00
8.147000000000000242e+00 1.000050008829901638e-01 7.114208776658914601e-02 2.108456536897492128e+00
8.148999999999999133e+00 1.000049383253247409e-01 7.114298835023488699e-02 2.108429846403897301e+00
8.150999999999999801e+00 1.000048765114463500e-01 7.114326581090020529e-02 2.108421623470337902e+00
8.153000000000000469e+00 1.000048154330248767e-01 7.114329392283627596e-02 2.108420790337506734e+00
8.154999999999999361e+00 1.000047550818170261e-01 7.114322793692076652e-02 2.108422745914729557e+00
8.157000000000000028e+00 1.000046954496654761e-01 7.114297269345662422e-02 2.108430310416256503e+00
8.158999999999998920e+00 1.000046365284980310e-01 7.114236308321603142e-02 2.108448377298675069e+00
8.160999999999999588e+00 1.000045783103268582e-01 7.114118427710043602e-02 2.108483314190249480e+00
8.163000000000000256e+00 1.000045207872476138e-01 7.113917113933651559e-02 2.108542981281057660e+00
8.164999999999999147e+00 1.000044639514387490e-01 7.113609970843813579e-02 2.108634021471478714e+00
8.166999999999999815e+00 1.000044077951606353e-01 7.113359369619161321e-02 2.108708307928926828e+00
8.169000000000000483e+00 1.000043523107547738e-01 7.113243060371707283e-02 2.108742787599354962e+00
8.170999999999999375e+00 1.000042974906430876e-01 7.113197920292879672e-02 2.108756169599507846e+00
8.173000000000000043e+00 1.000042433273271025e-01 7.113185678505652698e-02 2.108759798767297244e+00
8.174999999999998934e+00 1.000041898133871843e-01 7.113184885333601049e-02 2.108760033909411913e+00
8.176999999999999602e+00 1.000041369414817749e-01 7.113192051259095705e-02 2.108757909516146167e+00
8.179000000000000270e+00 1.000040847043466852e-01 7.113218417871884636e-02 2.108750092969542411e+00
8.180999999999999162e+00 1.000040330947942757e-01 7.113277661986841527e-02 2.108732529894001395e+00
8.182999999999999829e+00 1.000039821057128048e-01 7.113386234608132241e-02 2.108700344010820071e+00
8.185000000000000497e+00 1.000039317300656233e-01 7.113563502888396728e-02 2.108647795708773476e+00
8.186999999999999389e+00 1.000038819608904672e-01 7.113802672946369088e-02 2.108576901780627288e+00
8.189000000000000057e+00 1.000038327912987773e-01 7.113958776882625679e-02 2.108530632584446618e+00
8.190999999999998948e+00 1.000037842144749223e-01 7.114034858039113007e-02 2.108508082870786726e+00
8.192999999999999616e+00 1.000037362236755323e-01 7.114069275539745829e-02 2.108497882017313696e+00
8.195000000000000284e+00 1.000036888122287915e-01 7.114082635387559972e-02 2.108493922376659668e+00
8.196999999999999176e+00 1.000036419735337440e-01 7.114086167844368980e-02 2.108492875416651202e+00
8.198999999999999844e+00 1.000035957010595999e-01 7.114085940854247836e-02 2.108492942692624439e+00
8.200999999999998735e+00 1.000035499883450280e-01 7.114082812737562711e-02 2.108493869813115928e+00
8.202999999999999403e+00 1.000035048289975165e-01 7.114076407650113398e-02 2.108495768174456053e+00
8.205000000000000071e+00 1.000034602166926939e-01 7.114066392855179777e-02 2.108498736399880169e+00
8.206999999999998963e+00 1.000034161451736348e-01 7.114051350336425550e-02 2.108503194778126755e+00
8.208999999999999631e+00 1.000033726082502350e-01 7.114030053755028560e-02 2.108509506799522981e+00
8.211000000000000298e+00 1.000033295997985322e-01 7.114002091371195158e-02 2.108517794532839496e+00
8.212999999999999190e+00 1.000032871137600810e-01 7.113967884978848744e-02 2.108527933008035760e+00
8.214999999999999858e+00 1.000032451441412729e-01 7.113928504762344340e-02 2.108539605080147705e+00
8.216999999999998749e+00 1.000032036850127259e-01 7.113885212910649181e-02 2.108552436687791687e+00
8.218999999999999417e+00 1.000031627305086879e-01 7.113838585503032275e-02 2.108566257121410548e+00
8.221000000000000085e+00 1.000031222748263005e-01 7.113787288925253749e-02 2.108581461713369354e+00
8.222999999999998977e+00 1.000030823122251000e-01 7.113726741738057857e-02 2.108599408519750362e+00
8.224999999999999645e+00 1.000030428370263513e-01 7.113647831187010218e-02 2.108622798873787119e+00
8.227000000000000313e+00 1.000030038436124091e-01 7.113555671162424821e-02 2.108650117241417821e+00
8.228999999999999204e+00 1.000029653264261492e-01 7.113500360583098481e-02 2.108666512919167069e+00
8.230999999999999872e+00 1.000029272799703717e-01 7.113474242733805464e-02 2.108674255104253437e+00
8.232999999999998764e+00 1.000028896988071903e-01 7.113463705632429301e-02 2.108677378661962365e+00
8.234999999999999432e+00 1.000028525775574634e-01 7.113460414121276776e-02 2.108678354380488340e+00
8.237000000000000099e+00 1.000028159109001696e-01 7.113462216049254438e-02 2.108677820226175115e+00
8.238999999999998991e+00 1.000027796935718943e-01 7.113474469541292144e-02 2.108674187870848371e+00
8.240999999999999659e+00 1.000027439203661911e-01 7.113506243154035791e-02 2.108664769140512707e+00
8.243000000000000327e+00 1.000027085861330545e-01 7.113568778577188112e-02 2.108646231856663888e+00
8.244999999999999218e+00 1.000026736857783372e-01 7.113677831134154750e-02 2.108613906346740396e+00
8.246999999999999886e+00 1.000026392142632087e-01 7.113854709327192827e-02 2.108561477975230414e+00
8.248999999999998778e+00 1.000026051666036003e-01 7.114118690896988062e-02 2.108483236186872833e+00
8.250999999999999446e+00 1.000025715378696362e-01 7.114332134730101675e-02 2.108419977579393478e+00
8.253000000000000114e+00 1.000025383231851195e-01 7.114431239710719557e-02 2.108390607006543238e+00
8.254999999999999005e+00 1.000025055177269639e-01 7.114468355909964181e-02 2.108379607527462340e+00
8.256999999999999673e+00 1.000024731167246800e-01 7.114476337619111967e-02 2.108377242142857266e+00
8.259000000000000341e+00 1.000024411154598614e-01 7.114474269091444758e-02 2.108377855151843505e+00
8.260999999999999233e+00 1.000024095092656301e-01 7.114463293390733967e-02 2.108381107811020616e+00
8.262999999999999901e+00 1.000023782935261230e-01 7.114434862511376245e-02 2.108389533375394365e+00
8.264999999999998792e+00 1.000023474636760057e-01 7.114376104271907808e-02 2.108406946744505017e+00
8.266999999999999460e+00 1.000023170151999041e-01 7.114270272342174128e-02 2.108438311419629230e+00
8.269000000000000128e+00 1.000022869436319878e-01 7.114097057864576801e-02 2.108489647806761624e+00
8.270999999999999019e+00 1.000022572445553870e-01 7.113832197345008879e-02 2.108568150595150126e+00
8.272999999999999687e+00 1.000022279136017350e-01 7.113491469143479184e-02 2.108669148626408418e+00
8.275000000000000355e+00 1.000021989464506822e-01 7.113266785422617255e-02 2.108735754258486139e+00
8.276999999999999247e+00 1.000021703388293687e-01 7.113143829838607102e-02 2.108772205206532302e+00
8.278999999999999915e+00 1.000021420865120081e-01 7.113073375856179825e-02 2.108793092295985883e+00
8.280999999999998806e+00 1.000021141853193463e-01 7.113028584043339098e-02 2.108806371683857428e+00
8.282999999999999474e+00 1.000020866311182172e-01 7.112994959997794020e-02 2.108816340283847346e+00
8.285000000000000142e+00 1.000020594198210988e-01 7.112965202725551883e-02 2.108825162571059231e+00
8.286999999999999034e+00 1.000020325473855859e-01 7.112936177464045107e-02 2.108833767906505674e+00
8.288999999999999702e+00 1.000020060098139735e-01 7.112906885237138543e-02 2.108842452462374784e+00
8.291000000000000369e+00 1.000019798031527990e-01 7.112875816334676693e-02 2.108851663844965252e+00
8.292999999999999261e+00 1.000019539234923704e-01 7.112839786725777547e-02 2.108862346090447204e+00
8.294999999999999929e+00 1.000019283669663361e-01 7.112793413178389312e-02 2.108876095319795141e+00
8.296999999999998820e+00 1.000019031297512129e-01 7.112728295786253929e-02 2.108895402188545543e+00
8.298999999999999488e+00 1.000018782080660112e-01 7.112631851455891718e-02 2.108923997933287442e+00
8.301000000000000156e+00 1.000018535981717083e-01 7.112513912946262506e-02 2.108958967756374037e+00
8.302999999999999048e+00 1.000018292963708866e-01 7.112449619698481273e-02 2.108978031767892780e+00
8.304999999999999716e+00 1.000018052990072903e-01 7.112425714733676407e-02 2.108985120073295860e+00
8.307000000000000384e+00 1.000017816024653811e-01 7.112420900092937537e-02 2.108986547717387694e+00
8.308999999999999275e+00 1.000017582031699076e-01 7.112422379785829363e-02 2.108986108956549810e+00
8.310999999999999943e+00 1.000017350975855729e-01 7.112433109653863716e-02 2.108982927324851264e+00
8.312999999999998835e+00 1.000017122822165205e-01 7.112464301059634453e-02 2.108973678471083080e+00
8.314999999999999503e+00 1.000016897536059601e-01 7.112531518414277887e-02 2.108953747503985010e+00
8.317000000000000171e+00 1.000016675083358064e-01 7.112656638511900831e-02 2.108916648496935942e+00
8.318999999999999062e+00 1.000016455430262075e-01 7.112870012817543164e-02 2.108853384494540073e+00
8.320999999999999730e+00 1.000016238543352254e-01 7.113213064586608458e-02 2.108751679979620874e+00
8.323000000000000398e+00 1.000016024389583508e-01 7.113741550596389129e-02 2.108595018994253056e+00
8.324999999999999289e+00 1.000015812936282111e-01 7.114392864594892840e-02 2.108401979689397798e+00
8.326999999999999957e+00 1.000015604151141130e-01 7.114769234905368722e-02 2.108290445515694778e+00
8.328999999999998849e+00 1.000015398002216949e-01 7.114937028083435921e-02 2.108240725222634726e+00
8.330999999999999517e+00 1.000015194457925249e-01 7.114995377369089102e-02 2.108223435774957188e+00
8.333000000000000185e+00 1.000014993487037679e-01 7.115005346074750048e-02 2.108220481981126326e+00
8.334999999999999076e+00 1.000014795058677547e-01 7.114999514523130675e-02 2.108222209907676614e+00
8.336999999999999744e+00 1.000014599142316774e-01 7.114971586005700011e-02 2.108230485347715177e+00
8.339000000000000412e+00 1.000014405707771586e-01 7.114898874067406009e-02 2.108252030773401842e+00
8.340999999999999304e+00 1.000014214725199607e-01 7.114750023085891772e-02 2.108296138490896254e+00
8.342999999999999972e+00 1.000014026165095549e-01 7.114483978800324737e-02 2.108374977678896034e+00
8.344999999999998863e+00 1.000013839998288440e-01 7.114048518560896206e-02 2.108504034076275069e+00
8.346999999999999531e+00 1.000013656195937600e-01 7.113379155497111250e-02 2.108702442552668810e+00
8.349000000000000199e+00 1.000013474729529034e-01 7.112704331582983541e-02 2.108902507502605772e+00
8.350999999999999091e+00 1.000013295570872790e-01 7.112352272189284563e-02 2.109006897570722128e+00
8.352999999999999758e+00 1.000013118692098385e-01 7.112192941550156411e-02 2.109054144519683760e+00
8.355000000000000426e+00 1.000012944065652581e-01 7.112133552548470516e-02 2.109071755918460411e+00
8.356999999999999318e+00 1.000012771664295363e-01 7.112119480817628847e-02 2.109075928836273928e+00
8.358999999999999986e+00 1.000012601461096606e-01 7.112120207633434998e-02 2.109075713301429733e+00
8.360999999999998877e+00 1.000012433429433162e-01 7.112134118268442773e-02 2.109071588156717247e+00
8.362999999999999545e+00 1.000012267542985528e-01 7.112177199677532924e-02 2.109058812634772462e+00
8.365000000000000213e+00 1.000012103775734240e-01 7.112268748960473563e-02 2.109031664782407667e+00
8.366999999999999105e+00 1.000011942101957096e-01 7.112431165171517744e-02 2.108983503904079182e+00
8.368999999999999773e+00 1.000011782496226243e-01 7.112627920566080841e-02 2.108925163458596597e+00
8.371000000000000441e+00 1.000011624933404009e-01 7.112722366374431282e-02 2.108897160236826718e+00
8.372999999999999332e+00 1.000011469388641105e-01 7.112752882208786542e-02 2.108888112438108031e+00
8.375000000000000000e+00 1.000011315837372738e-01 7.112756564297569029e-02 2.108887020721669892e+00
8.376999999999998892e+00 1.000011164255315693e-01 7.112750700819864269e-02 2.108888759206898111e+00
8.378999999999999559e+00 1.000011014618465560e-01 7.112726526489623891e-02 2.108895926778028063e+00
8.381000000000000227e+00 1.000010866903093543e-01 7.112667278785218816e-02 2.108913493639740011e+00
8.382999999999999119e+00 1.000010721085743820e-01 7.112550945259533963e-02 2.108947987219324638e+00
8.384999999999999787e+00 1.000010577143230078e-01 7.112349916910588876e-02 2.109007595975479266e+00
8.387000000000000455e+00 1.000010435052633012e-01 7.112096366997039398e-02 2.109082783186962295e+00
8.388999999999999346e+00 1.000010294791297827e-01 7.111966692713464488e-02 2.109121238625623285e+00
8.391000000000000014e+00 1.000010156336830353e-01 7.111922644997839549e-02 2.109134301474753670e+00
8.392999999999998906e+00 1.000010019667095240e-01 7.111915197330964666e-02 2.109136510180739776e+00
8.394999999999999574e+00 1.000009884760212908e-01 7.111920448947747775e-02 2.109134952742524050e+00
8.397000000000000242e+00 1.000009751594556351e-01 7.111950697632649088e-02 2.109125982129353094e+00
8.398999999999999133e+00 1.000009620148749057e-01 7.112031909604508984e-02 2.109101898114814411e+00
8.400999999999999801e+00 1.000009490401661955e-01 7.112198410965814288e-02 2.109052522616990277e+00
8.403000000000000469e+00 1.000009362332410501e-01 7.112496956567283812e-02 2.108963995569774319e+00
8.404999999999999361e+00 1.000009235920353012e-01 7.112990252930509461e-02 2.108817735806693960e+00
8.407000000000000028e+00 1.000009111145086643e-01 7.113761057280180988e-02 2.108589237004114381e+00
8.408999999999998920e+00 1.000008987986445858e-01 7.114916403061115335e-02 2.108246836680528258e+00
8.410999999999999588e+00 1.000008866424499793e-01 7.116213064769406904e-02 2.107862688128500750e+00
8.413000000000000256e+00 1.000008746439549068e-01 7.116943346496668044e-02 2.107646396733477534e+00
8.414999999999999147e+00 1.000008628012123701e-01 7.117303632403096381e-02 2.107539705304855460e+00
8.416999999999999815e+00 1.000008511122980753e-01 7.117460182389639956e-02 2.107493349539729888e+00
8.419000000000000483e+00 1.000008395753101686e-01 7.117513436490222056e-02 2.107477581018347479e+00
8.420999999999999375e+00 1.000008281883689731e-01 7.117522484199413635e-02 2.107474902018130258e+00
8.423000000000000043e+00 1.000008169496167804e-01 7.117517421548787138e-02 2.107476401053328008e+00
8.424999999999998934e+00 1.000008058572176006e-01 7.117491375619601490e-02 2.107484113206136378e+00
8.426999999999999602e+00 1.000007949093569132e-01 7.117422925132807499e-02 2.107504381541315475e+00
8.429000000000000270e+00 1.000007841042414580e-01 7.117284470042453681e-02 2.107545379580777922e+00
8.430999999999999162e+00 1.000007734400989584e-01 7.117041650114870610e-02 2.107617285021494258e+00
8.432999999999999829e+00 1.000007629151779404e-01 7.116653034248462961e-02 2.107732374729160529e+00
8.435000000000000497e+00 1.000007525277474829e-01 7.116070398648650930e-02 2.107904947490192527e+00
8.436999999999999389e+00 1.000007422760969961e-01 7.115362504515032605e-02 2.108114659018678783e+00
8.439000000000000057e+00 1.000007321585359849e-01 7.114909518359183171e-02 2.108248876713649356e+00
8.440999999999998948e+00 1.000007221733938551e-01 7.114628507006548475e-02 2.108332147662786316e+00
8.442999999999999616e+00 1.000007123190196634e-01 7.114408941690461563e-02 2.108397215136164959e+00
8.445000000000000284e+00 1.000007025937819233e-01 7.114201444166319555e-02 2.108458710049611273e+00
8.446999999999999176e+00 1.000006929960683966e-01 7.114000245077550799e-02 2.108518341755621250e+00
8.448999999999999844e+00 1.000006835242858577e-01 7.113817475248254696e-02 2.108572514292199607e+00
8.450999999999998735e+00 1.000006741768598995e-01 7.113665288407534926e-02 2.108617624228690701e+00
8.452999999999999403e+00 1.000006649522347246e-01 7.113549135686741964e-02 2.108652054534785769e+00
8.455000000000000071e+00 1.000006558488729241e-01 7.113467613238766418e-02 2.108676220312541538e+00
8.456999999999998963e+00 1.000006468652552966e-01 7.113414911523702200e-02 2.108691843027469481e+00
8.458999999999999631e+00 1.000006379998806538e-01 7.113383593077353406e-02 2.108701127069513515e+00
8.461000000000000298e+00 1.000006292512655715e-01 7.113366594113416930e-02 2.108706166277592775e+00
8.462999999999999190e+00 1.000006206179442497e-01 7.113358247388650024e-02 2.108708640606787199e+00
8.464999999999999858e+00 1.000006120984683056e-01 7.113354534575352939e-02 2.108709741246638902e+00
8.466999999999998749e+00 1.000006036914065227e-01 7.113353360350710419e-02 2.108710089338293958e+00
8.468999999999999417e+00 1.000005953953447407e-01 7.113354348078143596e-02 2.108709796532579173e+00
8.471000000000000085e+00 1.000005872088856190e-01 7.113359674611101358e-02 2.108708217516088723e+00
8.472999999999998977e+00 1.000005791306484704e-01 7.113372586202415526e-02 2.108704389967569703e+00
8.474999999999999645e+00 1.000005711592690527e-01 7.113397202438348499e-02 2.108697092699710396e+00
8.477000000000000313e+00 1.000005632933993888e-01 7.113439525768229521e-02 2.108684546436773832e+00
8.478999999999999204e+00 1.000005555317076272e-01 7.113506757061449637e-02 2.108664616802362612e+00
8.480999999999999872e+00 1.000005478728777930e-01 7.113564756256295085e-02 2.108647424177544583e+00
8.482999999999998764e+00 1.000005403156096762e-01 7.113588863531959683e-02 2.108640278172102089e+00
8.484999999999999432e+00 1.000005328586185960e-01 7.113595266626566993e-02 2.108638380141262925e+00
8.487000000000000099e+00 1.000005255006352761e-01 7.113595205305504876e-02 2.108638398318280593e+00
8.488999999999998991e+00 1.000005182404056503e-01 7.113591052614456900e-02 2.108639629275153915e+00
8.490999999999999659e+00 1.000005110766906818e-01 7.113577551547754785e-02 2.108643631323923184e+00
8.493000000000000327e+00 1.000005040082662111e-01 7.113546810636864337e-02 2.108652743743886671e+00
8.494999999999999218e+00 1.000004970339227750e-01 7.113487935730060385e-02 2.108670196045049128e+00
8.496999999999999886e+00 1.000004901524654682e-01 7.113386325039115776e-02 2.108700317203356267e+00
8.498999999999998778e+00 1.000004833627137490e-01 7.113222498243060299e-02 2.108748883323267709e+00
8.500999999999999446e+00 1.000004766635013004e-01 7.113005164106840639e-02 2.108813315037640024e+00
8.503000000000000114e+00 1.000004700536758218e-01 7.112875429430104424e-02 2.108851778555866474e+00
8.504999999999999005e+00 1.000004635320989321e-01 7.112822299688187355e-02 2.108867530777139176e+00
8.506999999999999673e+00 1.000004570976460172e-01 7.112806982107897080e-02 2.108872072267974573e+00
8.509000000000000341e+00 1.000004507492059658e-01 7.112805829062307517e-02 2.108872414133857287e+00
8.510999999999999233e+00 1.000004444856811836e-01 7.112811987782492740e-02 2.108870588139422519e+00
8.512999999999999901e+00 1.000004383059872881e-01 7.112836062173952256e-02 2.108863450371079029e+00
8.514999999999998792e+00 1.000004322090530390e-01 7.112893206348160080e-02 2.108846508002215625e+00
8.516999999999999460e+00 1.000004261938201716e-01 7.113003877300602684e-02 2.108813696540894345e+00
8.519000000000000128e+00 1.000004202592432584e-01 7.113195493619897669e-02 2.108756889003554402e+00
8.520999999999999019e+00 1.000004144042895560e-01 7.113504323415195674e-02 2.108665338211040297e+00
8.522999999999999687e+00 1.000004086279388249e-01 7.113967049979529056e-02 2.108528180495742088e+00
8.525000000000000355e+00 1.000004029291832741e-01 7.114358587296916447e-02 2.108412138064467811e+00
8.526999999999999247e+00 1.000003973070273111e-01 7.114545865457676255e-02 2.108356637747960338e+00
8.528999999999999915e+00 1.000003917604874865e-01 7.114620184359617128e-02 2.108334613979135685e+00
8.530999999999998806e+00 1.000003862885923411e-01 7.114639920725425448e-02 2.108328765353814749e+00
8.532999999999999474e+00 1.000003808903822122e-01 7.114640214369466475e-02 2.108328678336318429e+00
8.535000000000000142e+00 1.000003755649091775e-01 7.114628838004258271e-02 2.108332049575714073e+00
8.536999999999999034e+00 1.000003703112368608e-01 7.114590501633405450e-02 2.108343410145140595e+00
8.538999999999999702e+00 1.000003651284403217e-01 7.114503107797037762e-02 2.108369308822279464e+00
8.541000000000000369e+00 1.000003600156059436e-01 7.114336779999953786e-02 2.108418600897341566e+00
8.542999999999999261e+00 1.000003549718312817e-01 7.114051902921361692e-02 2.108503030999858030e+00
8.544999999999999929e+00 1.000003499962249104e-01 7.113596383049536342e-02 2.108638049207063769e+00
8.546999999999998820e+00 1.000003450879063532e-01 7.112902966271825167e-02 2.108843614362159169e+00
8.548999999999999488e+00 1.000003402460059032e-01 7.112128095418963902e-02 2.109073374207326435e+00
8.551000000000000156e+00 1.000003354696645530e-01 7.111702860775243051e-02 2.109199483394172070e+00
8.552999999999999048e+00 1.000003307580338147e-01 7.111503235052347993e-02 2.109258690351925924e+00
8.554999999999999716e+00 1.000003261102756363e-01 7.111424793808472644e-02 2.109281956136226821e+00
8.557000000000000384e+00 1.000003215255622635e-01 7.111403949790615076e-02 2.109288138587831707e+00
8.558999999999999275e+00 1.000003170030761418e-01 7.111403362143089990e-02 2.109288312887880323e+00
8.560999999999999943e+00 1.000003125420097644e-01 7.111415209571649021e-02 2.109284798869663025e+00
8.562999999999998835e+00 1.000003081415655887e-01 7.111456275033599395e-02 2.109272618698499802e+00
8.564999999999999503e+00 1.000003038009559114e-01 7.111549878179170003e-02 2.109244856177620697e+00
8.567000000000000171e+00 1.000002995194027161e-01 7.111726913151723839e-02 2.109192349928465937e+00
8.568999999999999062e+00 1.000002952961376451e-01 7.112027852204752532e-02 2.109103101353849485e+00
8.570999999999999730e+00 1.000002911304018055e-01 7.112505215458971020e-02 2.108961546685073074e+00
8.573000000000000398e+00 1.000002870214456857e-01 7.113205898700837582e-02 2.108753804348558525e+00
8.574999999999999289e+00 1.000002829685290723e-01 7.113781779559680274e-02 2.108583094733115448e+00
8.576999999999999957e+00 1.000002789709209111e-01 7.114066027465296149e-02 2.108498844695769314e+00
8.578999999999998849e+00 1.000002750278991964e-01 7.114188770882085011e-02 2.108462466078216746e+00
8.580999999999999517e+00 1.000002711387509013e-01 7.114229650158954144e-02 2.108450350582209865e+00
8.583000000000000185e+00 1.000002673027718392e-01 7.114235921198412693e-02 2.108448492030498667e+00
8.584999999999999076e+00 1.000002635192665801e-01 7.114230812625331468e-02 2.108450006061107551e+00
8.586999999999999744e+00 1.000002597875483124e-01 7.114206434135057766e-02 2.108457231157601974e+00
8.589000000000000412e+00 1.000002561069387869e-01 7.114143468875361309e-02 2.108475892512647665e+00
8.590999999999999304e+00 1.000002524767682199e-01 7.114016286214773499e-02 2.108513587334110539e+00
8.592999999999999972e+00 1.000002488963751407e-01 7.113791418565185154e-02 2.108580237656928702e+00
8.594999999999998863e+00 1.000002453651063494e-01 7.113426227245422950e-02 2.108688488614374190e+00
8.596999999999999531e+00 1.000002418823167510e-01 7.112890528988174976e-02 2.108847301792199147e+00
8.599000000000000199e+00 1.000002384473693690e-01 7.112479122768393391e-02 2.108969283576827447e+00
8.600999999999999091e+00 1.000002350596351508e-01 7.112287180905366157e-02 2.109026199092618459e+00
8.602999999999999758e+00 1.000002317184929129e-01 7.112212261608437391e-02 2.109048415353077299e+00
8.605000000000000426e+00 1.000002284233292432e-01 7.112192853105606116e-02 2.109054170747086676e+00
8.606999999999999318e+00 1.000002251735384040e-01 7.112192688454548051e-02 2.109054219572816802e+00
8.608999999999999986e+00 1.000002219685222765e-01 7.112205493580356364e-02 2.109050422339364683e+00
8.610999999999998877e+00 1.000002188076902221e-01 7.112248508298686656e-02 2.109037666850048343e+00
8.612999999999999545e+00 1.000002156904590128e-01 7.112345556097440791e-02 2.109008889077449656e+00
8.615000000000000213e+00 1.000002126162527621e-01 7.112528229134089386e-02 2.108954722816779093e+00
8.616999999999999105e+00 1.000002095845027861e-01 7.112838034402584053e-02 2.108862865631083938e+00
8.618999999999999773e+00 1.000002065946476032e-01 7.113328668456816994e-02 2.108717409124599929e+00
8.621000000000000441e+00 1.000002036461327543e-01 7.114068641136785109e-02 2.108498070044357853e+00
8.622999999999999332e+00 1.000002007384107883e-01 7.114822410580387557e-02 2.108274688303342081e+00
8.625000000000000000e+00 1.000001978709411377e-01 7.115228233058831786e-02 2.108154441245732258e+00
8.626999999999998892e+00 1.000001950431900766e-01 7.115421781925129752e-02 2.108097096661730063e+00
8.628999999999999559e+00 1.000001922546305821e-01 7.115501362850960854e-02 2.108073519360547987e+00
8.631000000000000227e+00 1.000001895047423345e-01 7.115525251267185158e-02 2.108066442084326475e+00
8.632999999999999119e+00 1.000001867930115640e-01 7.115527512384198228e-02 2.108065772199362087e+00
8.634999999999999787e+00 1.000001841189309681e-01 7.115521249564525641e-02 2.108067627641194708e+00
8.637000000000000455e+00 1.000001814819997392e-01 7.115496529685556848e-02 2.108074951258934515e+00
8.638999999999999346e+00 1.000001788817233422e-01 7.115437465108864767e-02 2.108092450190692801e+00
8.641000000000000014e+00 1.000001763176135566e-01 7.115323474422072247e-02 2.108126222781227188e+00
8.642999999999998906e+00 1.000001737891883374e-01 7.115128839646994718e-02 2.108183890700171759e+00
8.644999999999999574e+00 1.000001712959717737e-01 7.114822015320841631e-02 2.108274805427241105e+00
8.647000000000000242e+00 1.000001688374939635e-01 7.114497447021898846e-02 2.108370986383436119e+00
8.648999999999999133e+00 1.000001664132910278e-01 7.114329315758417815e-02 2.108420813016713247e+00
8.650999999999999801e+00 1.000001640229049582e-01 7.114255884033753030e-02 2.108442575654878137e+00
8.653000000000000469e+00 1.000001616658835746e-01 7.114230683019734380e-02 2.108450044472418128e+00
8.654999999999999361e+00 1.000001593417804702e-01 7.114226142246536655e-02 2.108451390225738020e+00
8.657000000000000028e+00 1.000001570501549419e-01 7.114228160821436941e-02 2.108450791978541350e+00
8.658999999999998920e+00 1.000001547905718796e-01 7.114239947751058168e-02 2.108447298680412807e+00
8.660999999999999588e+00 1.000001525626017379e-01 7.114271792712360820e-02 2.108437860831453570e+00
8.663000000000000256e+00 1.000001503658204810e-01 7.114336679010799247e-02 2.108418630826682794e+00
8.664999999999999147e+00 1.000001481998094577e-01 7.114450862951667010e-02 2.108384791595391050e+00
8.666999999999999815e+00 1.000001460641553874e-01 7.114634141677808610e-02 2.108330477898983535e+00
8.669000000000000483e+00 1.000001439584503188e-01 7.114881583784214703e-02 2.108257154157989977e+00
8.670999999999999375e+00 1.000001418822914628e-01 7.115043960271028034e-02 2.108209040415909730e+00
8.673000000000000043e+00 1.000001398352812348e-01 7.115121628750836758e-02 2.108186027261696793e+00
8.674999999999998934e+00 1.000001378170271432e-01 7.115154709607993122e-02 2.108176225563255457e+00
8.676999999999999602e+00 1.000001358271417340e-01 7.115165671260846592e-02 2.108172977698482331e+00
8.679000000000000270e+00 1.000001338652425353e-01 7.115167366956130779e-02 2.108172475276151037e+00
8.680999999999999162e+00 1.000001319309519743e-01 7.115166066786197951e-02 2.108172860507140367e+00
8.682999999999999829e+00 1.000001300238973628e-01 7.115160293712706474e-02 2.108174571028949451e+00
8.685000000000000497e+00 1.000001281437108008e-01 7.115145955986111603e-02 2.108178819210336119e+00
8.686999999999999389e+00 1.000001262900291205e-01 7.115118071300406688e-02 2.108187081322530965e+00
8.689000000000000057e+00 1.000001244624938446e-01 7.115071159146142687e-02 2.108200981337775115e+00
8.690999999999998948e+00 1.000001226607511312e-01 7.114999771508187520e-02 2.108222133761278538e+00
8.692999999999999616e+00 1.000001208844516626e-01 7.114899166149345200e-02 2.108251944225114194e+00
8.695000000000000284e+00 1.000001191332507006e-01 7.114766049877339904e-02 2.108291389322436427e+00
8.696999999999999176e+00 1.000001174068079063e-01 7.114599002209313905e-02 2.108340891080721757e+00
8.698999999999999844e+00 1.000001157047873818e-01 7.114397766168101267e-02 2.108400527073590602e+00
8.701000000000000512e+00 1.000001140268575589e-01 7.114160140145091293e-02 2.108470951525991399e+00
8.702999999999999403e+00 1.000001123726911578e-01 7.113884503871563403e-02 2.108552646846684642e+00
8.705000000000000071e+00 1.000001107419651730e-01 7.113647563037532595e-02 2.108622878358481501e+00
8.706999999999998963e+00 1.000001091343607762e-01 7.113475482208445055e-02 2.108673887682130488e+00
8.708999999999999631e+00 1.000001075495632469e-01 7.113355227611316278e-02 2.108709535800455281e+00
8.711000000000000298e+00 1.000001059872620002e-01 7.113276468365924143e-02 2.108732883743210884e+00
8.712999999999999190e+00 1.000001044471504619e-01 7.113229051942164538e-02 2.108746940449564899e+00
8.714999999999999858e+00 1.000001029289260546e-01 7.113203484763132300e-02 2.108754519975537534e+00
8.716999999999998749e+00 1.000001014322901283e-01 7.113191725703189860e-02 2.108758006029584742e+00
8.718999999999999417e+00 1.000000999569479604e-01 7.113187577448584764e-02 2.108759235810890864e+00
8.721000000000000085e+00 1.000000985026086170e-01 7.113186720926024942e-02 2.108759489733630144e+00
8.722999999999998977e+00 1.000000970689850083e-01 7.113187253718539216e-02 2.108759331783160107e+00
8.724999999999999645e+00 1.000000956557937498e-01 7.113190780070521857e-02 2.108758286369381896e+00
8.727000000000000313e+00 1.000000942627552042e-01 7.113200394961442796e-02 2.108755435967343939e+00
8.728999999999999204e+00 1.000000928895933422e-01 7.113220233650592583e-02 2.108749554672766369e+00
8.730999999999999872e+00 1.000000915360357984e-01 7.113256206326716569e-02 2.108738890447753977e+00
8.732999999999998764e+00 1.000000902018137183e-01 7.113316625091090084e-02 2.108720979337527446e+00
8.734999999999999432e+00 1.000000888866618004e-01 7.113412857980980220e-02 2.108692451777288035e+00
8.737000000000000099e+00 1.000000875903182262e-01 7.113553855831343531e-02 2.108650655354739722e+00
8.738999999999998991e+00 1.000000863125246053e-01 7.113661085567941911e-02 2.108618870026252701e+00
8.740999999999999659e+00 1.000000850530259056e-01 7.113708762004766761e-02 2.108604737955667829e+00
8.743000000000000327e+00 1.000000838115705087e-01 7.113724935359715118e-02 2.108599943953484157e+00
8.744999999999999218e+00 1.000000825879100441e-01 7.113727376076037223e-02 2.108599220493893256e+00
8.746999999999999886e+00 1.000000813817994438e-01 7.113725165941929551e-02 2.108599875605940088e+00
8.748999999999998778e+00 1.000000801929968597e-01 7.113715295229056101e-02 2.108602801416585404e+00
8.750999999999999446e+00 1.000000790212636215e-01 7.113689920842632131e-02 2.108610322759642663e+00
8.753000000000000114e+00 1.000000778663641954e-01 7.113637914003274887e-02 2.108625738522948101e+00
8.754999999999999005e+00 1.000000767280661840e-01 7.113544026548723753e-02 2.108653569025219721e+00
8.756999999999999673e+00 1.000000756061402429e-01 7.113387649977220839e-02 2.108699924437273499e+00
8.759000000000000341e+00 1.000000745003600255e-01 7.113141173301480713e-02 2.108772992767403043e+00
8.760999999999999233e+00 1.000000734105022382e-01 7.112767789835078291e-02 2.108883692426545498e+00
8.762999999999999901e+00 1.000000723363464877e-01 7.112256793724212878e-02 2.109035209926032994e+00
8.764999999999998792e+00 1.000000712776753092e-01 7.111890260083392201e-02 2.109143905691271748e+00
8.766999999999999460e+00 1.000000702342741521e-01 7.111706792134436794e-02 2.109198317426420388e+00
8.769000000000000128e+00 1.000000692059312551e-01 7.111623949730455641e-02 2.109222887209682540e+00
8.770999999999999019e+00 1.000000681924377161e-01 7.111593570885763049e-02 2.109231897251366838e+00
8.772999999999999687e+00 1.000000671935873664e-01 7.111586920008194923e-02 2.109233869841066866e+00
8.775000000000000355e+00 1.000000662091767856e-01 7.111587898817743614e-02 2.109233579534839809e+00
8.776999999999999247e+00 1.000000652390052730e-01 7.111596994795722770e-02 2.109230881752301556e+00
8.778999999999999915e+00 1.000000642828747788e-01 7.111624030343306757e-02 2.109222863300872497e+00
8.780999999999998806e+00 1.000000633405898898e-01 7.111682144992804988e-02 2.109205627329843846e+00
8.782999999999999474e+00 1.000000624119578158e-01 7.111788787993936212e-02 2.109173999278898481e+00
8.785000000000000142e+00 1.000000614967882923e-01 7.111967023726838144e-02 2.109121140460469501e+00
8.786999999999999034e+00 1.000000605948936222e-01 7.112247052909685674e-02 2.109038098425358054e+00
8.788999999999999702e+00 1.000000597060886343e-01 7.112657234992302013e-02 2.108916471639341594e+00
8.791000000000000369e+00 1.000000588301905718e-01 7.112999199274225304e-02 2.108815083450385153e+00
8.792999999999999261e+00 1.000000579670191625e-01 7.113169774784335042e-02 2.108764513561014464e+00
8.794999999999999929e+00 1.000000571163965346e-01 7.113244474263273609e-02 2.108742368446933746e+00
8.796999999999998820e+00 1.000000562781471897e-01 7.113269983761580373e-02 2.108734806107812609e+00
8.798999999999999488e+00 1.000000554520979745e-01 7.113274111579816206e-02 2.108733582413371721e+00
8.801000000000000156e+00 1.000000546380780675e-01 7.113271174079036085e-02 2.108734453237271378e+00
8.802999999999999048e+00 1.000000538359189506e-01 7.113258168022089378e-02 2.108738308899435587e+00
8.804999999999999716e+00 1.000000530454543124e-01 7.113225106197301750e-02 2.108748110183023883e+00
8.807000000000000384e+00 1.000000522665201313e-01 7.113157922508346609e-02 2.108768027282947877e+00
8.808999999999999275e+00 1.000000514989545786e-01 7.113038041569978709e-02 2.108803567805638046e+00
8.810999999999999943e+00 1.000000507425979485e-01 7.112841436131647765e-02 2.108861857063668577e+00
8.812999999999998835e+00 1.000000499972927559e-01 7.112545797334279829e-02 2.108949513635732131e+00
8.814999999999999503e+00 1.000000492628835835e-01 7.112302976860211678e-02 2.109021515084819942e+00
8.817000000000000171e+00 1.000000485392171373e-01 7.112190155361723665e-02 2.109054970738068580e+00
8.818999999999999062e+00 1.000000478261421633e-01 7.112147657155822034e-02 2.109067573267814133e+00
8.820999999999999730e+00 1.000000471235094751e-01 7.112137822244564422e-02 2.109070489759723888e+00
8.823000000000000398e+00 1.000000464311718712e-01 7.112138744913643063e-02 2.109070216146652577e+00
8.824999999999999289e+00 1.000000457489841482e-01 7.112149909187341634e-02 2.109066905440685424e+00
8.826999999999999957e+00 1.000000450768030874e-01 7.112184074011546064e-02 2.109056774108409638e+00
8.828999999999998849e+00 1.000000444144873574e-01 7.112258533183131448e-02 2.109034694115184738e+00
8.830999999999999517e+00 1.000000437618975974e-01 7.112396503336333720e-02 2.108993781907925413e+00
8.833000000000000185e+00 1.000000431188962785e-01 7.112629020096358778e-02 2.108924837443129530e+00
8.834999999999999076e+00 1.000000424853477732e-01 7.112996841733335018e-02 2.108815782398789196e+00
8.836999999999999744e+00 1.000000418611182718e-01 7.113553382439494199e-02 2.108650795680956591e+00
8.839000000000000412e+00 1.000000412460757965e-01 7.114125850717804844e-02 2.108481114160571490e+00
8.840999999999999304e+00 1.000000406400901459e-01 7.114430916657303594e-02 2.108390702744740164e+00
8.842999999999999972e+00 1.000000400430328812e-01 7.114571875654511490e-02 2.108348929796996618e+00
8.844999999999998863e+00 1.000000394547773258e-01 7.114625714502553766e-02 2.108332975187125591e+00
8.846999999999999531e+00 1.000000388751985242e-01 7.114638782215199075e-02 2.108329102736208327e+00
8.849000000000000199e+00 1.000000383041732277e-01 7.114638034482501094e-02 2.108329324316926545e+00
8.850999999999999091e+00 1.000000377415798392e-01 7.114626893244474504e-02 2.108332625881322642e+00
8.852999999999999758e+00 1.000000371872984267e-01 7.114592847976072831e-02 2.108342714828316922e+00
8.855000000000000426e+00 1.000000366412107239e-01 7.114518620904795865e-02 2.108364711552664250e+00
8.856999999999999318e+00 1.000000361032000462e-01 7.114381913475872898e-02 2.108405225138026307e+00
8.858999999999999986e+00 1.000000355731513191e-01 7.114154748332376932e-02 2.108472549534593288e+00
8.860999999999998877e+00 1.000000350509510083e-01 7.113803064596094239e-02 2.108576785693134337e+00
8.862999999999999545e+00 1.000000345364871757e-01 7.113410437351211368e-02 2.108693169346415708e+00
8.865000000000000213e+00 1.000000340296494095e-01 7.113194865700769864e-02 2.108757075154617855e+00
8.866999999999999105e+00 1.000000335303287552e-01 7.113091005661355271e-02 2.108787865649603077e+00
8.868999999999999773e+00 1.000000330384178265e-01 7.113046479039665526e-02 2.108801066350567854e+00
8.871000000000000441e+00 1.000000325538106527e-01 7.113030838969951197e-02 2.108805703163824763e+00
8.872999999999999332e+00 1.000000320764027339e-01 7.113027234643638785e-02 2.108806771741750019e+00
8.875000000000000000e+00 1.000000316060910277e-01 7.113027570291023671e-02 2.108806672232016677e+00
8.876999999999998892e+00 1.000000311427738653e-01 7.113033151583203484e-02 2.108805017541824700e+00
8.878999999999999559e+00 1.000000306863510074e-01 7.113048907391247844e-02 2.108800346418725269e+00
8.881000000000000227e+00 1.000000302367235749e-01 7.113068294577105932e-02 2.108794598729744951e+00
8.882999999999999119e+00 1.000000297937940624e-01 7.113073556133009401e-02 2.108793038849816615e+00
8.884999999999999787e+00 1.000000293574662968e-01 7.113072658321531461e-02 2.108793305021509745e+00
8.887000000000000455e+00 1.000000289276454235e-01 7.113066494717686095e-02 2.108795132329961852e+00
8.888999999999999346e+00 1.000000285042379200e-01 7.113049092923716399e-02 2.108800291414053341e+00
8.891000000000000014e+00 1.000000280871515268e-01 7.113010585641266204e-02 2.108811707700796401e+00
8.892999999999998906e+00 1.000000276762952889e-01 7.112936538823559640e-02 2.108833660771127327e+00
8.894999999999999574e+00 1.000000272715794725e-01 7.112806885602986073e-02 2.108872100880661016e+00
8.897000000000000242e+00 1.000000268729156067e-01 7.112594114528993094e-02 2.108935187143505807e+00
8.898999999999999133e+00 1.000000264802164279e-01 7.112260801842097691e-02 2.109034021378259016e+00
8.900999999999999801e+00 1.000000260933959079e-01 7.111860334149737450e-02 2.109152780739096400e+00
8.903000000000000469e+00 1.000000257123691838e-01 7.111642917726253288e-02 2.109217261543247623e+00
8.904999999999999361e+00 1.000000253370525866e-01 7.111553747870799635e-02 2.109243708449929589e+00
8.907000000000000028e+00 1.000000249673635710e-01 7.111528712657320950e-02 2.109251133768542896e+00
8.908999999999998920e+00 1.000000246032207996e-01 7.111527604043535455e-02 2.109251462579033731e+00
8.910999999999999588e+00 1.000000242445440030e-01 7.111539128762475737e-02 2.109248044397703303e+00
8.913000000000000256e+00 1.000000238912540640e-01 7.111580389152227788e-02 2.109235806837044258e+00
8.914999999999999147e+00 1.000000235432729617e-01 7.111676657285755099e-02 2.109207254892955685e+00
8.916999999999999815e+00 1.000000232005237299e-01 7.111862981243249893e-02 2.109151995695197623e+00
8.919000000000000483e+00 1.000000228629305127e-01 7.112186969955580640e-02 2.109055915341562226e+00
8.920999999999999375e+00 1.000000225304184809e-01 7.112712824181893767e-02 2.108899989467141634e+00
8.923000000000000043e+00 1.000000222029138880e-01 7.113526234576943164e-02 2.108658843076872902e+00
8.924999999999998934e+00 1.000000218803439589e-01 7.114740404215745551e-02 2.108298988830561882e+00
8.926999999999999602e+00 1.000000215626369870e-01 7.116140267261775176e-02 2.107884251383912222e+00
8.929000000000000270e+00 1.000000212497222374e-01 7.116941028592550789e-02 2.107647083169158275e+00
8.930999999999999162e+00 1.000000209415299740e-01 7.117335143892805638e-02 2.107530374324313893e+00
8.932999999999999829e+00 1.000000206379914186e-01 7.117504521047811339e-02 2.107480220861420506e+00
8.935000000000000497e+00 1.000000203390387782e-01 7.117560422150080723e-02 2.107463668776103471e+00
8.936999999999999389e+00 1.000000200446052034e-01 7.117568998573296779e-02 2.107461129355643781e+00
8.939000000000000057e+00 1.000000197546247749e-01 7.117561842077906042e-02 2.107463248344729312e+00
8.940999999999998948e+00 1.000000194690324890e-01 7.117525851952247185e-02 2.107473904838110368e+00
8.942999999999999616e+00 1.000000191877642858e-01 7.117432147122361441e-02 2.107501650867810383e+00
8.945000000000000284e+00 1.000000189107569659e-01 7.117242920988813004e-02 2.107557683013019822e+00
8.946999999999999176e+00 1.000000186379482459e-01 7.116908397736328162e-02 2.107656746681050741e+00
8.948999999999999844e+00 1.000000183692766886e-01 7.116364150285242607e-02 2.107817936691556149e+00
8.951000000000000512e+00 1.000000181046817593e-01 7.115528555293441915e-02 2.108065463224243263e+00
8.952999999999999403e+00 1.000000178441037418e-01 7.114342789862238003e-02 2.108416819804441733e+00
8.955000000000000071e+00 1.000000175874837666e-01 7.113400692372927325e-02 2.108696058143213925e+00
8.956999999999998963e+00 1.000000173347638244e-01 7.112907018102335166e-02 2.108842413070356248e+00
8.958999999999999631e+00 1.000000170858866694e-01 7.112662570749296587e-02 2.108914889578375806e+00
8.961000000000000298e+00 1.000000168407959023e-01 7.112552787809489629e-02 2.108947440883552460e+00
8.962999999999999190e+00 1.000000165994359147e-01 7.112511957480144309e-02 2.108959547579344118e+00
8.964999999999999858e+00 1.000000163617518895e-01 7.112502494523025021e-02 2.108962353482580099e+00
8.966999999999998749e+00 1.000000161276897448e-01 7.112503381621702869e-02 2.108962090444713500e+00
8.968999999999999417e+00 1.000000158971962178e-01 7.112512401954289298e-02 2.108959415786534564e+00
8.971000000000000085e+00 1.000000156702187531e-01 7.112538716613502066e-02 2.108951613150860993e+00
8.972999999999998977e+00 1.000000154467055730e-01 7.112594472868678797e-02 2.108935080893223013e+00
8.974999999999999645e+00 1.000000152266056208e-01 7.112694233990116133e-02 2.108905501422801976e+00
8.977000000000000313e+00 1.000000150098685481e-01 7.112850240667774326e-02 2.108859246640311103e+00
8.978999999999999204e+00 1.000000147964447555e-01 7.112979077993195065e-02 2.108821048891935224e+00
8.980999999999999872e+00 1.000000145862853101e-01 7.113037452598373889e-02 2.108803742418162042e+00
8.982999999999998764e+00 1.000000143793420004e-01 7.113058962976412380e-02 2.108797365251046330e+00
8.984999999999999432e+00 1.000000141755672811e-01 7.113063908727169926e-02 2.108795898993144124e+00
8.987000000000000099e+00 1.000000139749143008e-01 7.113063522441673281e-02 2.108796013514442791e+00
8.988999999999998991e+00 1.000000137773368741e-01 7.113057937174295520e-02 2.108797669369025130e+00
8.990999999999999659e+00 1.000000135827894404e-01 7.113040900247520615e-02 2.108802720293373678e+00
8.993000000000000327e+00 1.000000133912271466e-01 7.113004831702808561e-02 2.108813413586434038e+00
8.994999999999999218e+00 1.000000132026057087e-01 7.112940869381717546e-02 2.108832376853971180e+00
8.996999999999999886e+00 1.000000130168815365e-01 7.112865733852793970e-02 2.108854653140629143e+00
8.998999999999998778e+00 1.000000128340116368e-01 7.112831372978438427e-02 2.108864840657522333e+00
9.000999999999999446e+00 1.000000126539536127e-01 7.112821180418427147e-02 2.108867862627412659e+00
9.003000000000000114e+00 1.000000124766656923e-01 7.112820534962376040e-02 2.108868053997561276e+00
9.004999999999999005e+00 1.000000123021067139e-01 7.112824200994424806e-02 2.108866967062519304e+00
9.006999999999999673e+00 1.000000121302360850e-01 7.112837679694059001e-02 2.108862970797498626e+00
9.009000000000000341e+00 1.000000119610137961e-01 7.112869611082724142e-02 2.108853503602562629e+00
9.010999999999999233e+00 1.000000117944004063e-01 7.112932092312670984e-02 2.108834979067395921e+00
9.012999999999999901e+00 1.000000116303570580e-01 7.113041477639359123e-02 2.108802549114070946e+00
9.014999999999998792e+00 1.000000114688454345e-01 7.113219673476829652e-02 2.108749720739080846e+00
9.016999999999999460e+00 1.000000113098277743e-01 7.113495767026294103e-02 2.108667874595581360e+00
9.019000000000000128e+00 1.000000111532668573e-01 7.113908183358227943e-02 2.108545628279253847e+00
9.020999999999999019e+00 1.000000109991260183e-01 7.114471611302293497e-02 2.108378642789225044e+00
9.022999999999999687e+00 1.000000108473690641e-01 7.114890451287181339e-02 2.108254526573391185e+00
9.025000000000000355e+00 1.000000106979603842e-01 7.115110172605659811e-02 2.108189421683511977e+00
9.026999999999999247e+00 1.000000105508648540e-01 7.115218627057955103e-02 2.108157287389255341e+00
9.028999999999999915e+00 1.000000104060478484e-01 7.115266372692453933e-02 2.108143141002874366e+00
9.030999999999998806e+00 1.000000102634752558e-01 7.115283118437903953e-02 2.108138179509730481e+00
9.032999999999999474e+00 1.000000101231134364e-01 7.115286318361402351e-02 2.108137231426884917e+00
9.035000000000000142e+00 1.000000099849292640e-01 7.115285211218320971e-02 2.108137559454431376e+00
9.036999999999999034e+00 1.000000098488900563e-01 7.115278226955590313e-02 2.108139628774297503e+00
9.038999999999999702e+00 1.000000097149636447e-01 7.115258833190911403e-02 2.108145374842687936e+00
9.041000000000000369e+00 1.000000095831182906e-01 7.115218340156453936e-02 2.108157372394867224e+00
9.042999999999999261e+00 1.000000094533227274e-01 7.115145105218405319e-02 2.108179071288183160e+00
9.044999999999999929e+00 1.000000093255461464e-01 7.115023603557948939e-02 2.108215072188808659e+00
9.046999999999998820e+00 1.000000091997581692e-01 7.114833317005563040e-02 2.108271456500274699e+00
9.048999999999999488e+00 1.000000090759288612e-01 7.114547263076728689e-02 2.108356223571302923e+00
9.051000000000000156e+00 1.000000089540287601e-01 7.114129862538180749e-02 2.108479925139895794e+00
9.052999999999999048e+00 1.000000088340287641e-01 7.113688374948594351e-02 2.108610780987210997e+00
9.054999999999999716e+00 1.000000087159002571e-01 7.113434240365076877e-02 2.108686113225412662e+00
9.057000000000000384e+00 1.000000085996149840e-01 7.113299281074400571e-02 2.108726120930818126e+00
9.058999999999999275e+00 1.000000084851451476e-01 7.113231644417285227e-02 2.108746171899593236e+00
9.060999999999999943e+00 1.000000083724633393e-01 7.113200787883042220e-02 2.108755319483135882e+00
9.062999999999998835e+00 1.000000082615425251e-01 7.113188986735251296e-02 2.108758818017088643e+00
9.064999999999999503e+00 1.000000081523560874e-01 7.113186000500383577e-02 2.108759703309432965e+00
9.067000000000000171e+00 1.000000080448777973e-01 7.113186002160472310e-02 2.108759702817286641e+00
9.068999999999999062e+00 1.000000079390818003e-01 7.113188148135712874e-02 2.108759066626310297e+00
9.070999999999999730e+00 1.000000078349426308e-01 7.113195203728202298e-02 2.108756974943992279e+00
9.073000000000000398e+00 1.000000077324351838e-01 7.113210784780629736e-02 2.108752355841033488e+00
9.074999999999999289e+00 1.000000076315347292e-01 7.113239460747378118e-02 2.108743854719600463e+00
9.076999999999999957e+00 1.000000075322168697e-01 7.113286927311666952e-02 2.108729783190253837e+00
9.078999999999998849e+00 1.000000074344576245e-01 7.113360065970676660e-02 2.108708101500148757e+00
9.080999999999999517e+00 1.000000073382332905e-01 7.113466091560093074e-02 2.108676671390482316e+00
9.083000000000000185e+00 1.000000072435205806e-01 7.113563742976714011e-02 2.108647724540268165e+00
9.084999999999999076e+00 1.000000071502964855e-01 7.113619892367747943e-02 2.108631080512694211e+00
9.086999999999999744e+00 1.000000070585383843e-01 7.113652949774348921e-02 2.108621281626595678e+00
9.089000000000000412e+00 1.000000069682239756e-01 7.113674124937126308e-02 2.108615004926526204e+00
9.090999999999999304e+00 1.000000068793312491e-01 7.113689564334284288e-02 2.108610428434366746e+00
9.092999999999999972e+00 1.000000067918385693e-01 7.113702548556476157e-02 2.108606579711970408e+00
9.094999999999998863e+00 1.000000067057245923e-01 7.113714718646815816e-02 2.108602972323485147e+00
9.096999999999999531e+00 1.000000066209682792e-01 7.113726769846136222e-02 2.108599400188157169e+00
9.099000000000000199e+00 1.000000065375489244e-01 7.113738939566895125e-02 2.108595792933785074e+00
9.100999999999999091e+00 1.000000064554461138e-01 7.113751576890248174e-02 2.108592047089335786e+00
9.102999999999999758e+00 1.000000063746397244e-01 7.113765356130939688e-02 2.108587962782940917e+00
9.105000000000000426e+00 1.000000062951099528e-01 7.113781422905249285e-02 2.108583200448410633e+00
9.106999999999999318e+00 1.000000062168372728e-01 7.113801551540387125e-02 2.108577234172630988e+00
9.108999999999999986e+00 1.000000061398024359e-01 7.113828342847387798e-02 2.108569293084191276e+00
9.110999999999998877e+00 1.000000060639865129e-01 7.113865489096037054e-02 2.108558282833944642e+00
9.112999999999999545e+00 1.000000059893708104e-01 7.113918120626669395e-02 2.108542682900409915e+00
9.115000000000000213e+00 1.000000059159369403e-01 7.113993253753198021e-02 2.108520413916094682e+00
9.116999999999999105e+00 1.000000058436667921e-01 7.114100460741992760e-02 2.108488639255948538e+00
9.118999999999999773e+00 1.000000057725424912e-01 7.114212191617140524e-02 2.108455524797936853e+00
9.121000000000000441e+00 1.000000057025464545e-01 7.114276809152331182e-02 2.108436374123493717e+00
9.122999999999999332e+00 1.000000056336613624e-01 7.114311283084288895e-02 2.108426157239637000e+00
9.125000000000000000e+00 1.000000055658701176e-01 7.114328754251006415e-02 2.108420979426497421e+00
9.126999999999998892e+00 1.000000054991559140e-01 7.114337095432850255e-02 2.108418507415042775e+00
9.128999999999999559e+00 1.000000054335021676e-01 7.114340865770041322e-02 2.108417390031315453e+00
9.131000000000000227e+00 1.000000053688925861e-01 7.114342540721516062e-02 2.108416893640145506e+00
9.132999999999999119e+00 1.000000053053110433e-01 7.114342893152920955e-02 2.108416789193067409e+00
9.134999999999999787e+00 1.000000052427417324e-01 7.114341905318136150e-02 2.108417081949231164e+00
9.137000000000000455e+00 1.000000051811690271e-01 7.114338216251825386e-02 2.108418175247046111e+00
9.138999999999999346e+00 1.000000051205775647e-01 7.114330414757323584e-02 2.108420487314639935e+00
9.141000000000000014e+00 1.000000050609521768e-01 7.114316791954726493e-02 2.108424524609707085e+00
9.142999999999998906e+00 1.000000050022779724e-01 7.114295148652519107e-02 2.108430938916144193e+00
9.144999999999999574e+00 1.000000049445402273e-01 7.114262934638164448e-02 2.108440486078675846e+00
9.147000000000000242e+00 1.000000048877244668e-01 7.114217415902615582e-02 2.108453976465502144e+00
9.148999999999999133e+00 1.000000048318164525e-01 7.114155876868388795e-02 2.108472215062416666e+00
9.150999999999999801e+00 1.000000047768021122e-01 7.114075919100208700e-02 2.108495912972658370e+00
9.153000000000000469e+00 1.000000047226676098e-01 7.113985487577814681e-02 2.108522715739645559e+00
9.154999999999999361e+00 1.000000046693993033e-01 7.113914840887912427e-02 2.108543655004984085e+00
9.157000000000000028e+00 1.000000046169837870e-01 7.113856548430259885e-02 2.108560932861359483e+00
9.158999999999998920e+00 1.000000045654078212e-01 7.113803104210898731e-02 2.108576773951052363e+00
9.160999999999999588e+00 1.000000045146583749e-01 7.113751075565265258e-02 2.108592195687432724e+00
9.163000000000000256e+00 1.000000044647226111e-01 7.113699159670638927e-02 2.108607584228300968e+00
9.164999999999999147e+00 1.000000044155879009e-01 7.113646846474058760e-02 2.108623090761791108e+00
9.166999999999999815e+00 1.000000043672417682e-01 7.113593145764157688e-02 2.108639008815377913e+00
9.169000000000000483e+00 1.000000043196719729e-01 7.113536229177951087e-02 2.108655880386711257e+00
9.170999999999999375e+00 1.000000042728664273e-01 7.113473103568281053e-02 2.108674592791481395e+00
9.173000000000000043e+00 1.000000042268132244e-01 7.113399224223813933e-02 2.108696493361335467e+00
9.174999999999998934e+00 1.000000041815006513e-01 7.113307954150366319e-02 2.108723549814544906e+00
9.176999999999999602e+00 1.000000041369171616e-01 7.113189792679444623e-02 2.108758579088847451e+00
9.179000000000000270e+00 1.000000040930513895e-01 7.113031253225329809e-02 2.108805580349222719e+00
9.180999999999999162e+00 1.000000040498921355e-01 7.112813268149104085e-02 2.108870208524860956e+00
9.182999999999999829e+00 1.000000040074283530e-01 7.112578214402247301e-02 2.108939901655706883e+00
9.185000000000000497e+00 1.000000039656492035e-01 7.112436176574443714e-02 2.108982017920115304e+00
9.186999999999999389e+00 1.000000039245439731e-01 7.112357453119060036e-02 2.109005361284518099e+00
9.189000000000000057e+00 1.000000038841021149e-01 7.112316128122901648e-02 2.109017615329035422e+00
9.190999999999998948e+00 1.000000038443132760e-01 7.112295817314956414e-02 2.109023638117293764e+00
9.192999999999999616e+00 1.000000038051672147e-01 7.112286524902911022e-02 2.109026393618859796e+00
9.195000000000000284e+00 1.000000037666538694e-01 7.112282403795526509e-02 2.109027615663169986e+00
9.196999999999999176e+00 1.000000037287633314e-01 7.112280728377075312e-02 2.109028112480423989e+00
9.198999999999999844e+00 1.000000036914858170e-01 7.112280962339211088e-02 2.109028043102861183e+00
9.201000000000000512e+00 1.000000036548117366e-01 7.112284335414047198e-02 2.109027042874370927e+00
9.202999999999999403e+00 1.000000036187315977e-01 7.112293649326596745e-02 2.109024280995515976e+00
9.205000000000000071e+00 1.000000035832360884e-01 7.112312183225011353e-02 2.109018785111649752e+00
9.206999999999998963e+00 1.000000035483160077e-01 7.112344520072019782e-02 2.109009196287936483e+00
9.208999999999999631e+00 1.000000035139623211e-01 7.112396778750076920e-02 2.108993700241239999e+00
9.211000000000000298e+00 1.000000034801661053e-01 7.112457684298519045e-02 2.108975640461670409e+00
9.212999999999999190e+00 1.000000034469186033e-01 7.112488222016009887e-02 2.108966585500833713e+00
9.214999999999999858e+00 1.000000034142111832e-01 7.112499372691938326e-02 2.108963279152149983e+00
9.217000000000000526e+00 1.000000033820353101e-01 7.112501293759299070e-02 2.108962709526872814e+00
9.218999999999999417e+00 1.000000033503826297e-01 7.112499361219627725e-02 2.108963282553863117e+00
9.221000000000000085e+00 1.000000033192448706e-01 7.112492788852407821e-02 2.108965231361624060e+00
9.222999999999998977e+00 1.000000032886139145e-01 7.112479583769740210e-02 2.108969146882209156e+00
9.224999999999999645e+00 1.000000032584817677e-01 7.112454884084000450e-02 2.108976470777546464e+00
9.227000000000000313e+00 1.000000032288405477e-01 7.112411170447072162e-02 2.108989432771661399e+00
9.228999999999999204e+00 1.000000031996824967e-01 7.112338340138046888e-02 2.109011028812903366e+00
9.230999999999999872e+00 1.000000031709999682e-01 7.112222716880776952e-02 2.109045314961478290e+00
9.232999999999998764e+00 1.000000031427854541e-01 7.112045667376121205e-02 2.109097818199755281e+00
9.234999999999999432e+00 1.000000031150315299e-01 7.111831941933043078e-02 2.109161201005953501e+00
9.237000000000000099e+00 1.000000030877309098e-01 7.111710805760854126e-02 2.109197127061075427e+00
9.238999999999998991e+00 1.000000030608764051e-01 7.111657070261297175e-02 2.109213064100806889e+00
9.240999999999999659e+00 1.000000030344609381e-01 7.111638418926861938e-02 2.109218595827244247e+00
9.243000000000000327e+00 1.000000030084775698e-01 7.111634786797292607e-02 2.109219673069743450e+00
9.244999999999999218e+00 1.000000029829194170e-01 7.111636684175483281e-02 2.109219110331855607e+00
9.246999999999999886e+00 1.000000029577797350e-01 7.111649413168559530e-02 2.109215335084526632e+00
9.248999999999998778e+00 1.000000029330518764e-01 7.111683848095612381e-02 2.109205122218241524e+00
9.250999999999999446e+00 1.000000029087292908e-01 7.111753989141172960e-02 2.109184319775862182e+00
9.253000000000000114e+00 1.000000028848055528e-01 7.111879217677920251e-02 2.109147180496916185e+00
9.254999999999999005e+00 1.000000028612742786e-01 7.112086191250732714e-02 2.109085800795405863e+00
9.256999999999999673e+00 1.000000028381292511e-01 7.112410933786358913e-02 2.108989502946873262e+00
9.259000000000000341e+00 1.000000028153643084e-01 7.112901763990077397e-02 2.108843970816426605e+00
9.260999999999999233e+00 1.000000027929733998e-01 7.113622771762180552e-02 2.108630226998136514e+00
9.262999999999999901e+00 1.000000027709505440e-01 7.114509977359539938e-02 2.108367273042613732e+00
9.264999999999998792e+00 1.000000027492898846e-01 7.115066885308413136e-02 2.108202247679896946e+00
9.266999999999999460e+00 1.000000027279856207e-01 7.115357798325247507e-02 2.108116053353012109e+00
9.269000000000000128e+00 1.000000027070320763e-01 7.115499196233728008e-02 2.108074161253448153e+00
9.270999999999999019e+00 1.000000026864236585e-01 7.115559673551447029e-02 2.108056244086468300e+00
9.272999999999999687e+00 1.000000026661548164e-01 7.115579754420316150e-02 2.108050294943535796e+00
9.275000000000000355e+00 1.000000026462201513e-01 7.115583132111609477e-02 2.108049294274582319e+00
9.276999999999999247e+00 1.000000026266142927e-01 7.115580969149475077e-02 2.108049935069876479e+00
9.278999999999999915e+00 1.000000026073319948e-01 7.115568503721844684e-02 2.108053628062768414e+00
9.280999999999998806e+00 1.000000025883680532e-01 7.115535393076788395e-02 2.108063437446262789e+00
9.282999999999999474e+00 1.000000025697173750e-01 7.115468707350994237e-02 2.108083194084388712e+00
9.285000000000000142e+00 1.000000025513749224e-01 7.115351854516485663e-02 2.108117814367636011e+00
9.286999999999999034e+00 1.000000025333357828e-01 7.115164039269150642e-02 2.108173461246124258e+00
9.288999999999999702e+00 1.000000025155950573e-01 7.114883811312032458e-02 2.108256494104841838e+00
9.291000000000000369e+00 1.000000024981479579e-01 7.114636230676010809e-02 2.108329858851370364e+00
9.292999999999999261e+00 1.000000024809897803e-01 7.114508779981035258e-02 2.108367627882804296e+00
9.294999999999999929e+00 1.000000024641158614e-01 7.114449238682772625e-02 2.108385272951532219e+00
9.296999999999998820e+00 1.000000024475216354e-01 7.114425384034130107e-02 2.108392342361523397e+00
9.298999999999999488e+00 1.000000024312026059e-01 7.114418669745178891e-02 2.108394332173490593e+00
9.301000000000000156e+00 1.000000024151543182e-01 7.114418382293200005e-02 2.108394417361357132e+00
9.302999999999999048e+00 1.000000023993724424e-01 7.114421036158995182e-02 2.108393630874895397e+00
9.304999999999999716e+00 1.000000023838526625e-01 7.114429611213324289e-02 2.108391089618474101e+00
9.307000000000000384e+00 1.000000023685907596e-01 7.114448812730873872e-02 2.108385399183477116e+00
9.308999999999999275e+00 1.000000023535825705e-01 7.114484637091574026e-02 2.108374782594519825e+00
9.310999999999999943e+00 1.000000023388239873e-01 7.114543476547104117e-02 2.108357345688741002e+00
9.312999999999998835e+00 1.000000023243109992e-01 7.114596871635042730e-02 2.108341522455476902e+00
9.314999999999999503e+00 1.000000023100396096e-01 7.114620033157480206e-02 2.108334658786124027e+00
9.317000000000000171e+00 1.000000022960059465e-01 7.114627174588328273e-02 2.108332542508517538e+00
9.318999999999999062e+00 1.000000022822061380e-01 7.114627902258606473e-02 2.108332326872373041e+00
9.320999999999999730e+00 1.000000022686363954e-01 7.114626060506895611e-02 2.108332872652943557e+00
9.323000000000000398e+00 1.000000022552930135e-01 7.114618574675735108e-02 2.108335090990265392e+00
9.324999999999999289e+00 1.000000022421723006e-01 7.114600433349910213e-02 2.108340466976477590e+00
9.326999999999999957e+00 1.000000022292706764e-01 7.114564861386962757e-02 2.108351008423555939e+00
9.328999999999998849e+00 1.000000022165845603e-01 7.114502777725004168e-02 2.108369406638495924e+00
9.330999999999999517e+00 1.000000022041104553e-01 7.114402179477075094e-02 2.108399219160046467e+00
9.333000000000000185e+00 1.000000021918449472e-01 7.114247375556372044e-02 2.108445097304044502e+00
9.334999999999999076e+00 1.000000021797846084e-01 7.114017946567466333e-02 2.108513095224554768e+00
9.336999999999999744e+00 1.000000021679261358e-01 7.113708547069109989e-02 2.108604801665663775e+00
9.339000000000000412e+00 1.000000021562662267e-01 7.113480524895331170e-02 2.108672392860836631e+00
9.340999999999999304e+00 1.000000021448016613e-01 7.113357145436653706e-02 2.108708967273317469e+00
9.342999999999999972e+00 1.000000021335292616e-01 7.113292065784038165e-02 2.108728259894200541e+00
9.344999999999998863e+00 1.000000021224458774e-01 7.113259057538993957e-02 2.108738045200566180e+00
9.346999999999999531e+00 1.000000021115484555e-01 7.113242973566226424e-02 2.108742813333106980e+00
9.349000000000000199e+00 1.000000021008339568e-01 7.113235199888157112e-02 2.108745117866459573e+00
9.350999999999999091e+00 1.000000020902993836e-01 7.113231119605677166e-02 2.108746327482119653e+00
9.352999999999999758e+00 1.000000020799417938e-01 7.113229019849320878e-02 2.108746949963624662e+00
9.355000000000000426e+00 1.000000020697583286e-01 7.113228839489069144e-02 2.108747003432188460e+00
9.356999999999999318e+00 1.000000020597461292e-01 7.113230868696586440e-02 2.108746401865143838e+00
9.358999999999999986e+00 1.000000020499023784e-01 7.113237022601125170e-02 2.108744577516536989e+00
9.360999999999998877e+00 1.000000020402243422e-01 7.113249130397132636e-02 2.108740988123179783e+00
9.362999999999999545e+00 1.000000020307093146e-01 7.113269480906878051e-02 2.108734955179518256e+00
9.365000000000000213e+00 1.000000020213546031e-01 7.113296968973120693e-02 2.108726806349743743e+00
9.366999999999999105e+00 1.000000020121575989e-01 7.113314169504923734e-02 2.108721707288795155e+00
9.368999999999999773e+00 1.000000020031157066e-01 7.113322158911043747e-02 2.108719338854786685e+00
9.371000000000000441e+00 1.000000019942263868e-01 7.113325597812923673e-02 2.108718319404910613e+00
9.372999999999999332e+00 1.000000019854871552e-01 7.113326900029409705e-02 2.108717933367856734e+00
9.375000000000000000e+00 1.000000019768955140e-01 7.113327235132348159e-02 2.108717834027906246e+00
9.376999999999998892e+00 1.000000019684490760e-01 7.113327116280261653e-02 2.108717869261139466e+00
9.378999999999999559e+00 1.000000019601454265e-01 7.113326215527678020e-02 2.108718136285737010e+00
9.381000000000000227e+00 1.000000019519822203e-01 7.113323956452700936e-02 2.108718805980018374e+00
9.382999999999999119e+00 1.000000019439571813e-01 7.113320217319558936e-02 2.108719914432911402e+00
9.384999999999999787e+00 1.000000019360679920e-01 7.113315572384805441e-02 2.108721291409135112e+00
9.387000000000000455e+00 1.000000019283124458e-01 7.113311120285153999e-02 2.108722611221690801e+00
9.388999999999999346e+00 1.000000019206883223e-01 7.113307371942885482e-02 2.108723722408608836e+00
9.391000000000000014e+00 1.000000019131934703e-01 7.113304356786201432e-02 2.108724616245299277e+00
9.392999999999998906e+00 1.000000019058257666e-01 7.113302127985379752e-02 2.108725276968979045e+00
9.394999999999999574e+00 1.000000018985830880e-01 7.113300170720833482e-02 2.108725857196598330e+00
9.397000000000000242e+00 1.000000018914633804e-01 7.113297775155262570e-02 2.108726567358217174e+00
9.398999999999999133e+00 1.000000018844646177e-01 7.113294489774960039e-02 2.108727541304781017e+00
9.400999999999999801e+00 1.000000018775848015e-01 7.113290419458165315e-02 2.108728747945958659e+00
9.403000000000000469e+00 1.000000018708219751e-01 7.113285355549059386e-02 2.108730249138470292e+00
9.404999999999999361e+00 1.000000018641741817e-01 7.113278624634064573e-02 2.108732244517085519e+00
9.407000000000000028e+00 1.000000018576395339e-01 7.113269666548406589e-02 2.108734900145926350e+00
9.408999999999998920e+00 1.000000018512161581e-01 7.113262602401491941e-02 2.108736994320424163e+00
9.410999999999999588e+00 1.000000018449022088e-01 7.113258629266097643e-02 2.108738172162820224e+00
9.413000000000000256e+00 1.000000018386958678e-01 7.113256381081044244e-02 2.108738838641488478e+00
9.414999999999999147e+00 1.000000018325953588e-01 7.113255710328662829e-02 2.108739037487369572e+00
9.416999999999999815e+00 1.000000018265989193e-01 7.113256563972199242e-02 2.108738784423047630e+00
9.419000000000000483e+00 1.000000018207048286e-01 7.113260370431766233e-02 2.108737655991287596e+00
9.420999999999999375e+00 1.000000018149113934e-01 7.113269020782653218e-02 2.108735091583755494e+00
9.423000000000000043e+00 1.000000018092169207e-01 7.113285053584278428e-02 2.108730338655797620e+00
9.424999999999998934e+00 1.000000018036197869e-01 7.113312315759479088e-02 2.108722256826490504e+00
9.426999999999999602e+00 1.000000017981183542e-01 7.113356347186201856e-02 2.108709203909555630e+00
9.429000000000000270e+00 1.000000017927110407e-01 7.113424978838239765e-02 2.108688858689529599e+00
9.430999999999999162e+00 1.000000017873962921e-01 7.113529248931586835e-02 2.108657949533688569e+00
9.432999999999999829e+00 1.000000017821725540e-01 7.113684635910358378e-02 2.108611889298408038e+00
9.435000000000000497e+00 1.000000017770382998e-01 7.113912694587141983e-02 2.108544291162477879e+00
9.436999999999999389e+00 1.000000017719920586e-01 7.114242972865050807e-02 2.108446402127757580e+00
9.439000000000000057e+00 1.000000017670323454e-01 7.114612830608063598e-02 2.108336793179790725e+00
9.440999999999998948e+00 1.000000017621577308e-01 7.114826795902251533e-02 2.108273388839089435e+00
9.442999999999999616e+00 1.000000017573667854e-01 7.114935989151870144e-02 2.108241033070497483e+00
9.445000000000000284e+00 1.000000017526581075e-01 7.114985585833338844e-02 2.108226337080222113e+00
9.446999999999999176e+00 1.000000017480303371e-01 7.115003661790998690e-02 2.108220981045029863e+00
9.448999999999999844e+00 1.000000017434821142e-01 7.115007220274885413e-02 2.108219926644077535e+00
9.451000000000000512e+00 1.000000017390120927e-01 7.115005648573416441e-02 2.108220392348887806e+00
9.452999999999999403e+00 1.000000017346189818e-01 7.114998895584585814e-02 2.108222393303345932e+00
9.455000000000000071e+00 1.000000017303015049e-01 7.114982503109708312e-02 2.108227250515939843e+00
9.456999999999998963e+00 1.000000017260583574e-01 7.114949226195359244e-02 2.108237110782740675e+00
9.458999999999999631e+00 1.000000017218883319e-01 7.114889121024726981e-02 2.108254920751261530e+00
9.461000000000000298e+00 1.000000017177901795e-01 7.114789275575207628e-02 2.108284506962758709e+00
9.462999999999999190e+00 1.000000017137626929e-01 7.114632877774239306e-02 2.108330852440644776e+00
9.464999999999999858e+00 1.000000017098047062e-01 7.114398153733869634e-02 2.108400412215825526e+00
9.467000000000000526e+00 1.000000017059150398e-01 7.114061858780394709e-02 2.108500080230049978e+00
9.468999999999999417e+00 1.000000017020925419e-01 7.113762678343377166e-02 2.108588756505036521e+00
9.471000000000000085e+00 1.000000016983360884e-01 7.113597360428468297e-02 2.108637759488894314e+00
9.472999999999998977e+00 1.000000016946445552e-01 7.113509642201848449e-02 2.108663761557374006e+00
9.474999999999999645e+00 1.000000016910168738e-01 7.113464899808694120e-02 2.108677024666755884e+00
9.477000000000000313e+00 1.000000016874519615e-01 7.113443313745318464e-02 2.108683423541939828e+00
9.478999999999999204e+00 1.000000016839487499e-01 7.113433569887032959e-02 2.108686311980026318e+00
9.480999999999999872e+00 1.000000016805061981e-01 7.113429364469499305e-02 2.108687558622951208e+00
9.482999999999998764e+00 1.000000016771233069e-01 7.113427668774338630e-02 2.108688061290786564e+00
9.484999999999999432e+00 1.000000016737990494e-01 7.113427788742351932e-02 2.108688025727746496e+00
9.487000000000000099e+00 1.000000016705324402e-01 7.113430540703771787e-02 2.108687209943005403e+00
9.488999999999998991e+00 1.000000016673224940e-01 7.113437882874629192e-02 2.108685033450845570e+00
9.490999999999999659e+00 1.000000016641682810e-01 7.113450914411037496e-02 2.108681170430474872e+00
9.493000000000000327e+00 1.000000016610688436e-01 7.113460740410652849e-02 2.108678257656914301e+00
9.494999999999999218e+00 1.000000016580232520e-01 7.113463724255002230e-02 2.108677373141585765e+00
9.496999999999999886e+00 1.000000016550306042e-01 7.113463740797905388e-02 2.108677368237695582e+00
9.498999999999998778e+00 1.000000016520899981e-01 7.113461576400600950e-02 2.108678009840319056e+00
9.500999999999999446e+00 1.000000016492005456e-01 7.113456602541166907e-02 2.108679484266691606e+00
9.503000000000000114e+00 1.000000016463613861e-01 7.113448037231111243e-02 2.108682023329814914e+00
9.504999999999999005e+00 1.000000016435716871e-01 7.113433496736336348e-02 2.108686333664613777e+00
9.506999999999999673e+00 1.000000016408305742e-01 7.113409614957624805e-02 2.108693413136079720e+00
9.509000000000000341e+00 1.000000016381372564e-01 7.113372229058144425e-02 2.108704495840237225e+00
9.510999999999999233e+00 1.000000016354908872e-01 7.113316083271745138e-02 2.108721139958229074e+00
9.512999999999999901e+00 1.000000016328907032e-01 7.113256342413881717e-02 2.108738850104444840e+00
9.514999999999998792e+00 1.000000016303358996e-01 7.113223201705289045e-02 2.108748674778540888e+00
9.516999999999999460e+00 1.000000016278257131e-01 7.113206488661120985e-02 2.108753629451205036e+00
9.519000000000000128e+00 1.000000016253593665e-01 7.113198376138459011e-02 2.108756034460977258e+00
9.520999999999999019e+00 1.000000016229361521e-01 7.113194358264757211e-02 2.108757225587634121e+00
9.522999999999999687e+00 1.000000016205552927e-01 7.113192568012874362e-02 2.108757756320712939e+00
9.525000000000000355e+00 1.000000016182160945e-01 7.113192709329253793e-02 2.108757714426443552e+00
9.526999999999999247e+00 1.000000016159178357e-01 7.113195560774371318e-02 2.108756869095138153e+00
9.528999999999999915e+00 1.000000016136598363e-01 7.113203141866442092e-02 2.108754621629452153e+00
9.530999999999998806e+00 1.000000016114413748e-01 7.113217373471095173e-02 2.108750402587560302e+00
9.532999999999999474e+00 1.000000016092618127e-01 7.113235864663802754e-02 2.108744920791257194e+00
9.535000000000000142e+00 1.000000016071204562e-01 7.113244925678921526e-02 2.108742234623437906e+00
9.536999999999999034e+00 1.000000016050166807e-01 7.113247356361961093e-02 2.108741514040597398e+00
9.538999999999999702e+00 1.000000016029498201e-01 7.113246995340836987e-02 2.108741621066296368e+00
9.541000000000000369e+00 1.000000016009192499e-01 7.113244259105426515e-02 2.108742432231116126e+00
9.542999999999999261e+00 1.000000015989243596e-01 7.113238505131776190e-02 2.108744138015110181e+00
9.544999999999999929e+00 1.000000015969645245e-01 7.113227906794881983e-02 2.108747279933391283e+00
9.546999999999998820e+00 1.000000015950391480e-01 7.113209005498348503e-02 2.108752883319657823e+00
9.548999999999999488e+00 1.000000015931476471e-01 7.113177066702351670e-02 2.108762351807158986e+00
9.551000000000000156e+00 1.000000015912894391e-01 7.113125748120335823e-02 2.108777565750723948e+00
9.552999999999999048e+00 1.000000015894639410e-01 7.113046347233016597e-02 2.108801105427215106e+00
9.554999999999999716e+00 1.000000015876705978e-01 7.112926964194141166e-02 2.108836499447934720e+00
9.557000000000000384e+00 1.000000015859088681e-01 7.112751549263575390e-02 2.108888507648357002e+00
9.558999999999999275e+00 1.000000015841782108e-01 7.112536812384429030e-02 2.108952177777390524e+00
9.560999999999999943e+00 1.000000015824780708e-01 7.112404255781464013e-02 2.108991483127093058e+00
9.562999999999998835e+00 1.000000015808079346e-01 7.112337220491754541e-02 2.109011360819992742e+00
9.564999999999999503e+00 1.000000015791672747e-01 7.112306922556974054e-02 2.109020345062286861e+00
9.567000000000000171e+00 1.000000015775556056e-01 7.112295971719694021e-02 2.109023592331341845e+00
9.568999999999999062e+00 1.000000015759724276e-01 7.112293838322966688e-02 2.109024224952002591e+00
9.570999999999999730e+00 1.000000015744172271e-01 7.112294765305181288e-02 2.109023950071951869e+00
9.573000000000000398e+00 1.000000015728895464e-01 7.112298852372624103e-02 2.109022738125814644e+00
9.574999999999999289e+00 1.000000015713888857e-01 7.112309001390795804e-02 2.109019728623543255e+00
9.576999999999999957e+00 1.000000015699148009e-01 7.112329786964913247e-02 2.109013565075564145e+00
9.578999999999998849e+00 1.000000015684668342e-01 7.112367570930266947e-02 2.109002361085517308e+00
9.580999999999999517e+00 1.000000015670445136e-01 7.112430791362039928e-02 2.108983614746355872e+00
9.583000000000000185e+00 1.000000015656474089e-01 7.112530696075756997e-02 2.108953991337576550e+00
9.584999999999999076e+00 1.000000015642750900e-01 7.112682331003437886e-02 2.108909030650303329e+00
9.586999999999999744e+00 1.000000015629271127e-01 7.112905734187437157e-02 2.108842793726910969e+00
9.589000000000000412e+00 1.000000015616030746e-01 7.113227879213430971e-02 2.108747288110032425e+00
9.590999999999999304e+00 1.000000015603025594e-01 7.113561415143879185e-02 2.108648414571480778e+00
9.592999999999999972e+00 1.000000015590251368e-01 7.113753721235696603e-02 2.108591411482603206e+00
9.594999999999998863e+00 1.000000015577704321e-01 7.113856249140654286e-02 2.108561021571385030e+00
9.596999999999999531e+00 1.000000015565380290e-01 7.113907465915525474e-02 2.108545840927602111e+00
9.599000000000000199e+00 1.000000015553275667e-01 7.113930393277151376e-02 2.108539045332153972e+00
9.600999999999999091e+00 1.000000015541386428e-01 7.113938687370741087e-02 2.108536587000567675e+00
9.602999999999999758e+00 1.000000015529708963e-01 7.113940342415812912e-02 2.108536096453427877e+00
9.605000000000000426e+00 1.000000015518239666e-01 7.113939448753993366e-02 2.108536361330324294e+00
9.606999999999999318e+00 1.000000015506974649e-01 7.113935734497615904e-02 2.108537462218063485e+00
9.608999999999999986e+00 1.000000015495910582e-01 7.113928394547364142e-02 2.108539637747421924e+00
9.610999999999998877e+00 1.000000015485043858e-01 7.113915256925731900e-02 2.108543531692592676e+00
9.612999999999999545e+00 1.000000015474371146e-01 7.113892661872084355e-02 2.108550228821222561e+00
9.615000000000000213e+00 1.000000015463889114e-01 7.113855964152802913e-02 2.108561106042349476e+00
9.616999999999999105e+00 1.000000015453594154e-01 7.113799416463678638e-02 2.108577867023499586e+00
9.618999999999999773e+00 1.000000015443483353e-01 7.113715784134577724e-02 2.108602656498291594e+00
9.621000000000000441e+00 1.000000015433553241e-01 7.113595886282672587e-02 2.108638196460510095e+00
9.622999999999999332e+00 1.000000015423800764e-01 7.113427982968718866e-02 2.108687968151734538e+00
9.625000000000000000e+00 1.000000015414222870e-01 7.113196735357807388e-02 2.108756520881672092e+00
9.626999999999998892e+00 1.000000015404816506e-01 7.112961253385524651e-02 2.108826333457182400e+00
9.628999999999999559e+00 1.000000015395578618e-01 7.112813815893470615e-02 2.108870046124746711e+00
9.631000000000000227e+00 1.000000015386506291e-01 7.112723326510073107e-02 2.108896875560025030e+00
9.632999999999999119e+00 1.000000015377596613e-01 7.112667622044231697e-02 2.108913391863078690e+00
9.634999999999999787e+00 1.000000015368846668e-01 7.112633228060612212e-02 2.108923589764521100e+00
9.637000000000000455e+00 1.000000015360253819e-01 7.112611687002388938e-02 2.108929976791935612e+00
9.638999999999999346e+00 1.000000015351815291e-01 7.112597735205029859e-02 2.108934113587629167e+00
9.641000000000000014e+00 1.000000015343528309e-01 7.112588284359355750e-02 2.108936915832051007e+00
9.642999999999998906e+00 1.000000015335390235e-01 7.112581652875757388e-02 2.108938882119574920e+00
9.644999999999999574e+00 1.000000015327398434e-01 7.112576928983477265e-02 2.108940282793367871e+00
9.647000000000000242e+00 1.000000015319550406e-01 7.112573530505070241e-02 2.108941290471950669e+00
9.648999999999999133e+00 1.000000015311843515e-01 7.112571021577709929e-02 2.108942034391482423e+00
9.650999999999999801e+00 1.000000015304275541e-01 7.112569205439345232e-02 2.108942572893172329e+00
9.653000000000000469e+00 1.000000015296843708e-01 7.112568344686578947e-02 2.108942828114361845e+00
9.654999999999999361e+00 1.000000015289545796e-01 7.112568362131929667e-02 2.108942822941652917e+00
9.657000000000000028e+00 1.000000015282379445e-01 7.112569313064723286e-02 2.108942540981252556e+00
9.658999999999998920e+00 1.000000015275342435e-01 7.112571699725067642e-02 2.108941833314638803e+00
9.660999999999999588e+00 1.000000015268432269e-01 7.112575918069113934e-02 2.108940582538221253e+00
9.663000000000000256e+00 1.000000015261646863e-01 7.112582569466927018e-02 2.108938610342799613e+00
9.664999999999999147e+00 1.000000015254983998e-01 7.112592520508537186e-02 2.108935659782113614e+00
9.666999999999999815e+00 1.000000015248441454e-01 7.112606926014579389e-02 2.108931388452950362e+00
9.669000000000000483e+00 1.000000015242017148e-01 7.112627298982192314e-02 2.108925347760943314e+00
9.670999999999999375e+00 1.000000015235709139e-01 7.112655561546382676e-02 2.108916967819373323e+00
9.673000000000000043e+00 1.000000015229515204e-01 7.112694027847567269e-02 2.108905562543827994e+00
9.674999999999998934e+00 1.000000015223433264e-01 7.112745317381294341e-02 2.108890355365987013e+00
9.676999999999999602e+00 1.000000015217461513e-01 7.112812210770710908e-02 2.108870522025868333e+00
9.679000000000000270e+00 1.000000015211597870e-01 7.112897459155244351e-02 2.108845247121200472e+00
9.680999999999999162e+00 1.000000015205840670e-01 7.113003556973820918e-02 2.108813791509145386e+00
9.682999999999999829e+00 1.000000015200187692e-01 7.113132490887658088e-02 2.108775566772569388e+00
9.685000000000000497e+00 1.000000015194637271e-01 7.113285499955318558e-02 2.108730206329300305e+00
9.686999999999999389e+00 1.000000015189187602e-01 7.113462948371117311e-02 2.108677603140505230e+00
9.689000000000000057e+00 1.000000015183836882e-01 7.113664550327561398e-02 2.108617843008818493e+00
9.690999999999998948e+00 1.000000015178583307e-01 7.113890420132869263e-02 2.108550893270554116e+00
9.692999999999999616e+00 1.000000015173425211e-01 7.114143741144743349e-02 2.108475811817985157e+00
9.695000000000000284e+00 1.000000015168360790e-01 7.114435744624926505e-02 2.108389271957757938e+00
9.696999999999999176e+00 1.000000015163388656e-01 7.114724508552995597e-02 2.108303699175939627e+00
9.698999999999999844e+00 1.000000015158506866e-01 7.114942199734866635e-02 2.108239192801729889e+00
9.701000000000000512e+00 1.000000015153713895e-01 7.115101057714565136e-02 2.108192122406499447e+00
9.702999999999999403e+00 1.000000015149008353e-01 7.115213168344346195e-02 2.108158904744435347e+00
9.705000000000000071e+00 1.000000015144388438e-01 7.115288693718849200e-02 2.108136527649471681e+00
9.706999999999998963e+00 1.000000015139852760e-01 7.115336706754971097e-02 2.108122302316304264e+00
9.708999999999999631e+00 1.000000015135399795e-01 7.115365392301085945e-02 2.108113803435897715e+00
9.711000000000000298e+00 1.000000015131028014e-01 7.115381750515818726e-02 2.108108956896458608e+00
9.712999999999999190e+00 1.000000015126736030e-01 7.115391137130405719e-02 2.108106175881907962e+00
9.714999999999999858e+00 1.000000015122522457e-01 7.115397048549303161e-02 2.108104424482990513e+00
9.717000000000000526e+00 1.000000015118385904e-01 7.115401239718116555e-02 2.108103182750975524e+00
9.718999999999999417e+00 1.000000015114324847e-01 7.115403616113616381e-02 2.108102478688748782e+00
9.721000000000000085e+00 1.000000015110338036e-01 7.115403926674300494e-02 2.108102386677984885e+00
9.722999999999998977e+00 1.000000015106424223e-01 7.115402219266299400e-02 2.108102892537073725e+00
9.724999999999999645e+00 1.000000015102582018e-01 7.115396706367702051e-02 2.108104525862376288e+00
9.727000000000000313e+00 1.000000015098810036e-01 7.115385446381548851e-02 2.108107861904808811e+00
9.728999999999999204e+00 1.000000015095107303e-01 7.115365520572518310e-02 2.108113765432118925e+00
9.730999999999999872e+00 1.000000015091472294e-01 7.115332718239239518e-02 2.108123484028994188e+00
9.732999999999998764e+00 1.000000015087904037e-01 7.115281409750286168e-02 2.108138685765125864e+00
9.734999999999999432e+00 1.000000015084401145e-01 7.115204191844096138e-02 2.108161564385455211e+00
9.737000000000000099e+00 1.000000015080962507e-01 7.115091231621879786e-02 2.108195033864767698e+00
9.738999999999998991e+00 1.000000015077587012e-01 7.114929306555413391e-02 2.108243013205991279e+00
9.740999999999999659e+00 1.000000015074273413e-01 7.114700474677067288e-02 2.108310821149620207e+00
9.743000000000000327e+00 1.000000015071020737e-01 7.114380283710154684e-02 2.108405708132527145e+00
9.744999999999999218e+00 1.000000015067827874e-01 7.113935096272991365e-02 2.108537651384890577e+00
9.746999999999999886e+00 1.000000015064693715e-01 7.113355504886111069e-02 2.108709453604084683e+00
9.748999999999998778e+00 1.000000015061617287e-01 7.112917330903233137e-02 2.108839355524356307e+00
9.750999999999999446e+00 1.000000015058597341e-01 7.112661006968105937e-02 2.108915353241895385e+00
9.753000000000000114e+00 1.000000015055633046e-01 7.112509729908191025e-02 2.108960208085876253e+00
9.754999999999999005e+00 1.000000015052723429e-01 7.112419507115781692e-02 2.108986960765307561e+00
9.756999999999999673e+00 1.000000015049867380e-01 7.112364878425826709e-02 2.109003159483563650e+00
9.759000000000000341e+00 1.000000015047063928e-01 7.112331547790021191e-02 2.109013042939607452e+00
9.760999999999999233e+00 1.000000015044312240e-01 7.112311551847017022e-02 2.109018972334613995e+00
9.762999999999999901e+00 1.000000015041611207e-01 7.112300128197426852e-02 2.109022359803264912e+00
9.764999999999998792e+00 1.000000015038960133e-01 7.112294060926328820e-02 2.109024158942937266e+00
9.766999999999999460e+00 1.000000015036358048e-01 7.112291029578499124e-02 2.109025057835541617e+00
9.769000000000000128e+00 1.000000015033803979e-01 7.112289463345436435e-02 2.109025522274565745e+00
9.770999999999999019e+00 1.000000015031297235e-01 7.112288567763019875e-02 2.109025787843961108e+00
9.772999999999999687e+00 1.000000015028836703e-01 7.112288310750122799e-02 2.109025864056679467e+00
9.775000000000000355e+00 1.000000015026421829e-01 7.112288723381511579e-02 2.109025741697998058e+00
9.776999999999999247e+00 1.000000015024051503e-01 7.112290514779089079e-02 2.109025210490281133e+00
9.778999999999999915e+00 1.000000015021725169e-01 7.112294629286848580e-02 2.109023990405759275e+00
9.780999999999998806e+00 1.000000015019441857e-01 7.112302307410547919e-02 2.109021713597718062e+00
9.782999999999999474e+00 1.000000015017200872e-01 7.112315283392284249e-02 2.109017865817333526e+00
9.785000000000000142e+00 1.000000015015001381e-01 7.112335908554957842e-02 2.109011749846839034e+00
9.786999999999999034e+00 1.000000015012842830e-01 7.112367416815146282e-02 2.109002406784668437e+00
9.788999999999999702e+00 1.000000015010724247e-01 7.112414378426605566e-02 2.108988481534208592e+00
9.791000000000000369e+00 1.000000015008644938e-01 7.112483335951969021e-02 2.108968034298013272e+00
9.792999999999999261e+00 1.000000015006604348e-01 7.112583685147705337e-02 2.108938279534422033e+00
9.794999999999999929e+00 1.000000015004601644e-01 7.112719322235376562e-02 2.108898062813733709e+00
9.796999999999998820e+00 1.000000015002636133e-01 7.112818294279209252e-02 2.108868718334108827e+00
9.798999999999999488e+00 1.000000015000707260e-01 7.112868566132249382e-02 2.108853813413920530e+00
9.801000000000000156e+00 1.000000014998814191e-01 7.112891331409110229e-02 2.108847063888490858e+00
9.802999999999999048e+00 1.000000014996956371e-01 7.112899456506763252e-02 2.108844654942823027e+00
9.804999999999999716e+00 1.000000014995133107e-01 7.112900941729788373e-02 2.108844214601440115e+00
9.807000000000000384e+00 1.000000014993343844e-01 7.112900199827192071e-02 2.108844434561928161e+00
9.808999999999999275e+00 1.000000014991587888e-01 7.112896757744031906e-02 2.108845455076939324e+00
9.810999999999999943e+00 1.000000014989864822e-01 7.112887852022592439e-02 2.108848095465846395e+00
9.812999999999998835e+00 1.000000014988173674e-01 7.112869374528525690e-02 2.108853573737148768e+00
9.814999999999999503e+00 1.000000014986514307e-01 7.112835696218604287e-02 2.108863558872088984e+00
9.817000000000000171e+00 1.000000014984885749e-01 7.112779238971579654e-02 2.108880297846670526e+00
9.818999999999999062e+00 1.000000014983287583e-01 7.112689763249398223e-02 2.108906826993016903e+00
9.820999999999999730e+00 1.000000014981719393e-01 7.112553498023664600e-02 2.108947230297527842e+00
9.823000000000000398e+00 1.000000014980180485e-01 7.112355212496945800e-02 2.109006025689474040e+00
9.824999999999999289e+00 1.000000014978670304e-01 7.112181225579632116e-02 2.109057618786636112e+00
9.826999999999999957e+00 1.000000014977188434e-01 7.112090908373311371e-02 2.109084401935860775e+00
9.828999999999998849e+00 1.000000014975734319e-01 7.112048869787472583e-02 2.109096868515786927e+00
9.830999999999999517e+00 1.000000014974307405e-01 7.112032390299219409e-02 2.109101755562858838e+00
9.833000000000000185e+00 1.000000014972907136e-01 7.112027885235740199e-02 2.109103091558365062e+00
9.834999999999999076e+00 1.000000014971533235e-01 7.112027593104132406e-02 2.109103178191279238e+00
9.836999999999999744e+00 1.000000014970185008e-01 7.112030312150748046e-02 2.109102371846310664e+00
9.839000000000000412e+00 1.000000014968862178e-01 7.112040427617477567e-02 2.109099372066558509e+00
9.840999999999999304e+00 1.000000014967564049e-01 7.112063619774468270e-02 2.109092494377274196e+00
9.842999999999999972e+00 1.000000014966290346e-01 7.112107438622154720e-02 2.109079499916270084e+00
9.844999999999998863e+00 1.000000014965040512e-01 7.112182031035080287e-02 2.109057379935614041e+00
9.846999999999999531e+00 1.000000014963814271e-01 7.112300790089226554e-02 2.109022163531390603e+00
9.849000000000000199e+00 1.000000014962610928e-01 7.112478216271966858e-02 2.108969552368247236e+00
9.850999999999999091e+00 1.000000014961430345e-01 7.112632962352372079e-02 2.108923668548057240e+00
9.852999999999999758e+00 1.000000014960271966e-01 7.112709440084021006e-02 2.108900992843425914e+00
9.855000000000000426e+00 1.000000014959135236e-01 7.112741767976035745e-02 2.108891407745893787e+00
9.856999999999999318e+00 1.000000014958020017e-01 7.112752040590089586e-02 2.108888361972979020e+00
9.858999999999999986e+00 1.000000014956925892e-01 7.112753527261563014e-02 2.108887921183887126e+00
9.860999999999998877e+00 1.000000014955852307e-01 7.112751853070714558e-02 2.108888417571351592e+00
9.862999999999999545e+00 1.000000014954798844e-01 7.112743203520864588e-02 2.108890982114310031e+00
9.865000000000000213e+00 1.000000014953765365e-01 7.112720607107170245e-02 2.108897681853509898e+00
9.866999999999999105e+00 1.000000014952751454e-01 7.112674742446764564e-02 2.108911280658391174e+00
9.868999999999999773e+00 1.000000014951756555e-01 7.112592942722181788e-02 2.108935534592690342e+00
9.871000000000000441e+00 1.000000014950780530e-01 7.112458064656919376e-02 2.108975527678355277e+00
9.872999999999999332e+00 1.000000014949822824e-01 7.112247063035036232e-02 2.109038095422825609e+00
9.875000000000000000e+00 1.000000014948883298e-01 7.111929517666036593e-02 2.109132263296478182e+00
9.876999999999998892e+00 1.000000014947961674e-01 7.111569061563938199e-02 2.109239166511205799e+00
9.878999999999999559e+00 1.000000014947057259e-01 7.111368886886755558e-02 2.109298538521851452e+00
9.881000000000000227e+00 1.000000014946170052e-01 7.111274326005896651e-02 2.109326586536687476e+00
9.882999999999999119e+00 1.000000014945299637e-01 7.111237254536187380e-02 2.109337582631158892e+00
9.884999999999999787e+00 1.000000014944445736e-01 7.111227994106600336e-02 2.109340329466469655e+00
9.887000000000000455e+00 1.000000014943608073e-01 7.111228924921815520e-02 2.109340053367064982e+00
9.888999999999999346e+00 1.000000014942786092e-01 7.111236814193468148e-02 2.109337713245772239e+00
9.891000000000000014e+00 1.000000014941979931e-01 7.111257369565304742e-02 2.109331616121343789e+00
9.892999999999998906e+00 1.000000014941188897e-01 7.111300979929824351e-02 2.109318680552882963e+00
9.894999999999999574e+00 1.000000014940412990e-01 7.111382695984992675e-02 2.109294442622084098e+00
9.897000000000000242e+00 1.000000014939651655e-01 7.111522734942325730e-02 2.109252906736527322e+00
9.898999999999999133e+00 1.000000014938904891e-01 7.111748211330699843e-02 2.109186033344297329e+00
9.900999999999999801e+00 1.000000014938172421e-01 7.112095519881501959e-02 2.109083034397985834e+00
9.903000000000000469e+00 1.000000014937453691e-01 7.112613299562481339e-02 2.108929498658769219e+00
9.904999999999999361e+00 1.000000014936748699e-01 7.113366283860468597e-02 2.108706258249843035e+00
9.907000000000000028e+00 1.000000014936057169e-01 7.114270322699106641e-02 2.108438296495472652e+00
9.908999999999998920e+00 1.000000014935378823e-01 7.114833914916483815e-02 2.108271279326985326e+00
9.910999999999999588e+00 1.000000014934713383e-01 7.115135664018386319e-02 2.108181868668475900e+00
9.913000000000000256e+00 1.000000014934060572e-01 7.115288315162830723e-02 2.108136639809054635e+00
9.914999999999999147e+00 1.000000014933420112e-01 7.115358285663975213e-02 2.108115908965821461e+00
9.916999999999999815e+00 1.000000014932792003e-01 7.115384842897105877e-02 2.108108040701925923e+00
9.919000000000000483e+00 1.000000014932175829e-01 7.115391073678441203e-02 2.108106194681082179e+00
9.920999999999999375e+00 1.000000014931571451e-01 7.115390114534013433e-02 2.108106478850787280e+00
9.923000000000000043e+00 1.000000014930978592e-01 7.115383711578139592e-02 2.108108375883091856e+00
9.924999999999998934e+00 1.000000014930397113e-01 7.115367165035510477e-02 2.108113278216913855e+00
9.926999999999999602e+00 1.000000014929826597e-01 7.115332719777991977e-02 2.108123483573094425e+00
9.929000000000000270e+00 1.000000014929267045e-01 7.115269781432753682e-02 2.108142131046442547e+00
9.930999999999999162e+00 1.000000014928718317e-01 7.115164840016498238e-02 2.108173223990298606e+00
9.932999999999999829e+00 1.000000014928179998e-01 7.115000826276587920e-02 2.108221821226376136e+00
9.935000000000000497e+00 1.000000014927651948e-01 7.114756288647891558e-02 2.108294281834162565e+00
9.936999999999999389e+00 1.000000014927134029e-01 7.114408868124418028e-02 2.108397236937897823e+00
9.939000000000000057e+00 1.000000014926626102e-01 7.114097434402802400e-02 2.108489536207650339e+00
9.940999999999998948e+00 1.000000014926127889e-01 7.113918794727133732e-02 2.108542483099197451e+00
9.942999999999999616e+00 1.000000014925639114e-01 7.113815192148466304e-02 2.108573191015073345e+00
9.945000000000000284e+00 1.000000014925159775e-01 7.113751080073957289e-02 2.108592194351007976e+00
9.946999999999999176e+00 1.000000014924689734e-01 7.113706135583972023e-02 2.108605516464538532e+00
9.948999999999999844e+00 1.000000014924228575e-01 7.113669037181222232e-02 2.108616513025705963e+00
9.951000000000000512e+00 1.000000014923776298e-01 7.113634067548597895e-02 2.108626878690302409e+00
9.952999999999999403e+00 1.000000014923332764e-01 7.113599116429646096e-02 2.108637238968925853e+00
9.955000000000000071e+00 1.000000014922897695e-01 7.113562624568076087e-02 2.108648056066108722e+00
9.956999999999998963e+00 1.000000014922471092e-01 7.113524802495393984e-02 2.108659267588139041e+00
9.958999999999999631e+00 1.000000014922052677e-01 7.113494123069914743e-02 2.108668361916993916e+00
9.961000000000000298e+00 1.000000014921642311e-01 7.113471198617540847e-02 2.108675157483614448e+00
9.962999999999999190e+00 1.000000014921239716e-01 7.113454897761223306e-02 2.108679989623728712e+00
9.964999999999999858e+00 1.000000014920845032e-01 7.113443733458683915e-02 2.108683299123634391e+00
9.967000000000000526e+00 1.000000014920457841e-01 7.113436306576190193e-02 2.108685500723874284e+00
9.968999999999999417e+00 1.000000014920078145e-01 7.113431467061845370e-02 2.108686935335815971e+00
9.971000000000000085e+00 1.000000014919705804e-01 7.113428343403208065e-02 2.108687861305382327e+00
9.972999999999998977e+00 1.000000014919340680e-01 7.113426382081987354e-02 2.108688442714962807e+00
9.974999999999999645e+00 1.000000014918982494e-01 7.113425620473676214e-02 2.108688668484477002e+00
9.977000000000000313e+00 1.000000014918631247e-01 7.113425927740731070e-02 2.108688577398892594e+00
9.978999999999999204e+00 1.000000014918286939e-01 7.113427880238128165e-02 2.108687998604951375e+00
9.980999999999999872e+00 1.000000014917949154e-01 7.113432450480892955e-02 2.108686643813697525e+00
9.983000000000000540e+00 1.000000014917617891e-01 7.113440734782139341e-02 2.108684188040739649e+00
9.984999999999999432e+00 1.000000014917293012e-01 7.113454468621921434e-02 2.108680116835825569e+00
9.987000000000000099e+00 1.000000014916974517e-01 7.113472851797461582e-02 2.108674667424890625e+00
9.988999999999998991e+00 1.000000014916662128e-01 7.113483057753963723e-02 2.108671642037501570e+00
9.990999999999999659e+00 1.000000014916355845e-01 7.113486425809244229e-02 2.108670643634997788e+00
9.993000000000000327e+00 1.000000014916055391e-01 7.113486771453249313e-02 2.108670541174785473e+00
9.994999999999999218e+00 1.000000014915760765e-01 7.113485916517926777e-02 2.108670794605655985e+00
9.996999999999999886e+00 1.000000014915471969e-01 7.113482989208638751e-02 2.108671662356603083e+00
9.998999999999998778e+00 1.000000014915188723e-01 7.113467829585411184e-02 2.108676156179964511e+00
